id,serial,field,old_value,new_value,changed_at,source,site
1,IMPORT,import,"","0 added, 6817 updated, 0 errors","2026-08-07 07:21:33.424+00","Mining Ops Admin",
2,AME31LC000P35PC0A26QG1901,swap,20.5.15·Mining,"Warehouse·For Diagnosis","2026-08-07 07:28:27.043+00","Mining Ops Admin",
3,AME31LC000P3A7C0A26QG2001,swap,"Warehouse·Ready For Deployment",20.5.15·Mining,"2026-08-07 07:28:27.043+00","Mining Ops Admin",
4,"BULK ADD",bulk_add,"","6 saved, 0 failed","2026-08-07 10:37:09.345+00","Mining Ops Admin",
5,"BULK ADD",bulk_add,"","5 saved, 0 failed","2026-08-07 10:39:18.926+00","Mining Ops Admin",
6,AME31LC000MKU3C2A26QA2404,location,Warehouse,24.3.12,"2026-08-07 16:19:19.812+00","Mining Ops Admin",
7,AME31LC000MKU3C2A26QA2404,latest_status,"Ready For Deployment - Repaired By Psu Swap",Mining,"2026-08-07 16:19:19.812+00","Mining Ops Admin",
8,AME31LC000MKU3C2A26QA2404,container,Unknown,24,"2026-08-07 16:19:19.812+00","Mining Ops Admin",
9,AME31LC000MKU3C2A26QA2404,tank,Unknown,3,"2026-08-07 16:19:19.812+00","Mining Ops Admin",
10,AME31LC000MKU3C2A26QA2404,position,Unknown,12,"2026-08-07 16:19:19.812+00","Mining Ops Admin",
11,"BULK ADD",bulk_add,"","1134 saved, 0 failed","2026-08-07 16:44:11.758+00","Mining Ops Admin",
12,"BULK ADD",bulk_add,"","1 saved, 0 failed","2026-08-07 17:03:09.042+00","Mining Ops Admin",
13,"BULK ADD",bulk_add,"","1133 saved, 0 failed","2026-08-07 17:04:13.331+00","Mining Ops Admin",
14,"BULK ADD",bulk_add,"","500 saved, 375 failed","2026-08-08 14:54:30.517+00","Mining Ops Admin",
15,"BULK ADD",bulk_add,"","500 saved, 375 failed","2026-08-08 14:55:06.722+00","Mining Ops Admin",
16,"BULK ADD",bulk_add,"","500 saved, 375 failed","2026-08-08 14:55:36.988+00","Mining Ops Admin",
17,"BULK ADD",bulk_add,"","500 saved, 375 failed","2026-08-08 14:56:01.793+00","Mining Ops Admin",
18,"BULK ADD",bulk_add,"","500 saved, 375 failed","2026-08-08 15:01:31.92+00","Mining Ops Admin",
19,"BULK ADD",bulk_add,"","874 saved, 0 failed, 1 duplicates skipped","2026-08-08 15:02:39.283+00","Mining Ops Admin",
20,JYZZEAABCJEBB0EZW,edit,"","no change","2026-08-08 18:05:25.509+00","Mining Ops Admin",
21,JYZZEAABCJEBB0EZW,bulk_edit,"Warehouse·Ready For Deployment - Consolidated","Warehouse·Ready For Deployment - Consolidated","2026-08-08 18:11:03.246+00","Mining Ops Admin",
22,JYZZEAABCJEBB0F0G,bulk_edit,"Warehouse·Ready For Deployment - Consolidated","Warehouse·Ready For Deployment - Consolidated","2026-08-08 18:11:03.246+00","Mining Ops Admin",
23,JYZZEAABCJEBB0G3C,bulk_edit,"Warehouse·For Diagnosis","Warehouse·Ready For Deployment - Consolidated","2026-08-08 18:11:03.246+00","Mining Ops Admin",
24,JYZZEAABCJFBH0J01,bulk_edit,"Warehouse·For Diagnosis","Warehouse·Ready For Deployment - Consolidated","2026-08-08 18:11:03.246+00","Mining Ops Admin",
25,JYZZEAABCJFBH0PJ4,bulk_edit,"Warehouse·Ready For Deployment - Consolidated","Warehouse·Ready For Deployment - Consolidated","2026-08-08 18:11:03.246+00","Mining Ops Admin",
26,JYZZEAABCJFBH0YVY,bulk_edit,"Warehouse·For Diagnosis","Warehouse·Ready For Deployment - Consolidated","2026-08-08 18:11:03.246+00","Mining Ops Admin",
27,JYZZEAABCJFBH0Z0C,bulk_edit,"Warehouse·Ready For Deployment - Consolidated","Warehouse·Ready For Deployment - Consolidated","2026-08-08 18:11:03.246+00","Mining Ops Admin",
28,JYZZEAABCJFBH0ZT8,bulk_edit,"Warehouse·Ready For Deployment - Consolidated","Warehouse·Ready For Deployment - Consolidated","2026-08-08 18:11:03.246+00","Mining Ops Admin",
29,JYZZEABBCJFBH0VW0,bulk_edit,"Warehouse·For Diagnosis","Warehouse·Ready For Deployment - Consolidated","2026-08-08 18:11:03.246+00","Mining Ops Admin",
30,JYZZEABBCJFBH0XZH,bulk_edit,"Warehouse·Ready For Deployment - Consolidated","Warehouse·Ready For Deployment - Consolidated","2026-08-08 18:11:03.246+00","Mining Ops Admin",
31,JYZZEAABCJEBB0G59,swap,11.9.10·Mining,"Warehouse · For Diagnosis","2026-08-08 18:11:53.346+00","Mining Ops Admin",
32,JYZZEAABCJEBB0EZW,swap,"Warehouse·Ready For Deployment - Consolidated",11.9.10·Mining,"2026-08-08 18:11:53.346+00","Mining Ops Admin",
33,AME31LC000MTPGC0A26QC0204,swap,20.7.14·Mining,"Warehouse · For Diagnosis","2026-08-08 18:30:00.651+00","Mining Ops Admin",
34,AME31LC000MQVXC0A26QA2904,swap,"Warehouse·Ready For Deployment - Repaired By Psu Swap",20.7.14·Mining,"2026-08-08 18:30:00.651+00","Mining Ops Admin",
35,AME31LC000MRTJC0A26QC0103,swap,20.9.13·Mining,"Warehouse · For Diagnosis","2026-08-08 18:30:22.908+00","Mining Ops Admin",
36,AME31LC000MQUTC0A26QA2904,swap,"Warehouse·Ready For Deployment",20.9.13·Mining,"2026-08-08 18:30:22.908+00","Mining Ops Admin",
37,JYZZEABBCJDBI01XD,swap,17.3.8·Mining,"Warehouse · For Diagnosis","2026-08-09 03:33:31.432+00","Mining Ops Admin",
38,JYZZEAABCJFBH0YVY,swap,"Warehouse·Ready For Deployment - Consolidated",17.3.8·Mining,"2026-08-09 03:33:31.432+00","Mining Ops Admin",
39,JYZZEABBCJDBI01XD,swap,17.3.8·Mining,"Warehouse · For Diagnosis","2026-08-09 03:33:31.432+00","Mining Ops Admin",
40,JYZZEAABCJFBH0J01,swap,"Warehouse·Ready For Deployment - Consolidated",17.3.8·Mining,"2026-08-09 03:33:31.432+00","Mining Ops Admin",
41,AME31LC000MM8WC0A26QA2604,swap,20.8.15·Mining,"Warehouse · For Diagnosis","2026-08-09 03:49:33.195+00","Mining Ops Admin",
42,AME31LC000P3FQC0A26QG2001,swap,"Warehouse·Ready For Deployment - Repaired By Psu Swap",20.8.15·Mining,"2026-08-09 03:49:33.195+00","Mining Ops Admin",
43,AME31LC000P257C0A26QG1801,swap,18.4.13·Mining,"Warehouse · For Diagnosis","2026-08-09 03:49:33.195+00","Mining Ops Admin",
44,AME31LC000MQW6C0A26QA2904,swap,"Warehouse·Ready For Deployment",18.4.13·Mining,"2026-08-09 03:49:33.195+00","Mining Ops Admin",
45,AME31LC000MKVJC2A26QA2404,swap,18.4.14·Mining,"Warehouse · For Diagnosis","2026-08-09 03:49:33.195+00","Mining Ops Admin",
46,AME31LC000P242C0A26QG1801,swap,"Warehouse·Ready For Deployment - Repaired By Psu Swap",18.4.14·Mining,"2026-08-09 03:49:33.195+00","Mining Ops Admin",
47,JYZZEABBCJFBH04TP,bulk_edit,13.13.2·Mining,13.3.2·Mining,"2026-08-09 10:31:27.962+00","Mining Ops Admin",
48,AME31LC000MKUHC2A26QA2404,bulk_edit,19.7.8·Mining,"Warehouse·For Diagnosis","2026-08-09 10:42:59.496+00","Mining Ops Admin",
49,AME31LC000P30QC0A26QG1901,bulk_edit,23.3.3·Mining,23.3.4·Mining,"2026-08-09 10:44:02.137+00","Mining Ops Admin",
50,AME31LC000MKTPC2A26QA2404,bulk_edit,23.4.16·Mining,23.4.15·Mining,"2026-08-09 10:45:07.931+00","Mining Ops Admin",
51,JYZZEAABCJFBH0WVT,add,"",11.6.10,"2026-08-09 16:21:26.182+00","Mining Ops Admin",
52,AME31LC000P1QJC0A26QG1605,add,"",24.6.16,"2026-08-09 16:22:20.261+00","Mining Ops Admin",
53,AME31LC000LCXKC2A26SU2301,bulk_edit,"Warehouse·For Diagnosis","Warehouse·For Repair - Out Of Warranty","2026-08-09 16:24:23.762+00","Mining Ops Admin",
54,AME31LC000LCXMC2A26SU2301,bulk_edit,"Warehouse·For Repair - Out Of Warranty","Warehouse·For Repair - Out Of Warranty","2026-08-09 16:24:23.762+00","Mining Ops Admin",
55,AME31LC000LCXRC2A26SU2301,bulk_edit,"Warehouse·For Repair - Out Of Warranty","Warehouse·For Repair - Out Of Warranty","2026-08-09 16:24:23.762+00","Mining Ops Admin",
56,AME31LC000LCXXC2A26SU2301,bulk_edit,"Warehouse·For Repair - Out Of Warranty","Warehouse·For Repair - Out Of Warranty","2026-08-09 16:24:23.762+00","Mining Ops Admin",
57,AME31LC000LCYJC2A26SU2301,bulk_edit,"Warehouse·For Diagnosis","Warehouse·For Repair - Out Of Warranty","2026-08-09 16:24:23.762+00","Mining Ops Admin",
58,AME31LC000LCZ5C2A26SU2301,bulk_edit,"Warehouse·For Repair - Out Of Warranty","Warehouse·For Repair - Out Of Warranty","2026-08-09 16:24:23.762+00","Mining Ops Admin",
59,AME31LC000LCZBC2A26SU2301,bulk_edit,"Warehouse·For Diagnosis","Warehouse·For Repair - Out Of Warranty","2026-08-09 16:24:23.762+00","Mining Ops Admin",
60,AME31LC000LDP4C2A26SU2601,bulk_edit,"Warehouse·For Repair - Out Of Warranty","Warehouse·For Repair - Out Of Warranty","2026-08-09 16:24:23.762+00","Mining Ops Admin",
61,AME31LC000LDPCC2A26SU2701,bulk_edit,"Warehouse·For Repair - Out Of Warranty","Warehouse·For Repair - Out Of Warranty","2026-08-09 16:24:23.762+00","Mining Ops Admin",
62,AME31LC000MKT2C2A26QA2404,bulk_edit,"Warehouse·For Diagnosis","Warehouse·For Repair - Out Of Warranty","2026-08-09 16:24:23.762+00","Mining Ops Admin",
63,AME31LC000MKTBC2A26QA2404,bulk_edit,"Warehouse·For Repair - Out Of Warranty","Warehouse·For Repair - Out Of Warranty","2026-08-09 16:24:23.762+00","Mining Ops Admin",
64,AME31LC000MKTEC2A26QA2404,bulk_edit,"Warehouse·For Diagnosis","Warehouse·For Repair - Out Of Warranty","2026-08-09 16:24:23.762+00","Mining Ops Admin",
65,AME31LC000MKV0C2A26QA2404,bulk_edit,"Warehouse·Ready For Deployment - Repaired By Avalon Tech","Warehouse·For Repair - Out Of Warranty","2026-08-09 16:24:23.762+00","Mining Ops Admin",
66,AME31LC000MKV9C2A26QA2404,bulk_edit,"Warehouse·For Diagnosis","Warehouse·For Repair - Out Of Warranty","2026-08-09 16:24:23.762+00","Mining Ops Admin",
67,AME31LC000MM82C0A26QA2604,bulk_edit,"Warehouse·For Diagnosis","Warehouse·For Repair - Out Of Warranty","2026-08-09 16:24:23.762+00","Mining Ops Admin",
68,AME31LC000MM8ZC0A26QA2604,bulk_edit,"Warehouse·For Diagnosis","Warehouse·For Repair - Out Of Warranty","2026-08-09 16:24:23.762+00","Mining Ops Admin",
69,AME31LC000MQVMC0A26QA2904,bulk_edit,"Warehouse·For Repair - Out Of Warranty","Warehouse·For Repair - Out Of Warranty","2026-08-09 16:24:23.762+00","Mining Ops Admin",
70,AME31LC000MQWDC0A26QA2904,bulk_edit,"Warehouse·For Diagnosis","Warehouse·For Repair - Out Of Warranty","2026-08-09 16:24:23.762+00","Mining Ops Admin",
71,AME31LC000MQWXC0A26QA2904,bulk_edit,"Warehouse·For Diagnosis","Warehouse·For Repair - Out Of Warranty","2026-08-09 16:24:23.762+00","Mining Ops Admin",
72,AME31LC000MQXCC0A26QA2904,bulk_edit,"Warehouse·For Repair - Out Of Warranty","Warehouse·For Repair - Out Of Warranty","2026-08-09 16:24:23.762+00","Mining Ops Admin",
73,AME31LC000MQXJC0A26QA2904,bulk_edit,"Warehouse·For Diagnosis","Warehouse·For Repair - Out Of Warranty","2026-08-09 16:24:23.762+00","Mining Ops Admin",
74,AME31LC000MRUMC0A26QC0103,bulk_edit,"Warehouse·For Diagnosis","Warehouse·For Repair - Out Of Warranty","2026-08-09 16:24:23.762+00","Mining Ops Admin",
75,AME31LC000MRUWC0A26QC0103,bulk_edit,"Warehouse·For Diagnosis","Warehouse·For Repair - Out Of Warranty","2026-08-09 16:24:23.762+00","Mining Ops Admin",
76,AME31LC000MRV2C0A26QC0103,bulk_edit,"Warehouse·For Diagnosis","Warehouse·For Repair - Out Of Warranty","2026-08-09 16:24:23.762+00","Mining Ops Admin",
77,AME31LC000MRWAC0A26QC0103,bulk_edit,"Warehouse·For Repair - Out Of Warranty","Warehouse·For Repair - Out Of Warranty","2026-08-09 16:24:23.762+00","Mining Ops Admin",
78,AME31LC000MRX4C0A26QC0103,bulk_edit,"Warehouse·For Diagnosis","Warehouse·For Repair - Out Of Warranty","2026-08-09 16:24:23.762+00","Mining Ops Admin",
79,AME31LC000MRXBC0A26QC0103,bulk_edit,"Warehouse·For Diagnosis","Warehouse·For Repair - Out Of Warranty","2026-08-09 16:24:23.762+00","Mining Ops Admin",
80,AME31LC000MTNJC0A26QC0204,bulk_edit,"Warehouse·For Repair - Out Of Warranty","Warehouse·For Repair - Out Of Warranty","2026-08-09 16:24:23.762+00","Mining Ops Admin",
81,AME31LC000MTNRC0A26QC0204,bulk_edit,"Warehouse·For Diagnosis","Warehouse·For Repair - Out Of Warranty","2026-08-09 16:24:23.762+00","Mining Ops Admin",
82,AME31LC000MTP0C0A26QC0204,bulk_edit,"Warehouse·For Repair - Out Of Warranty","Warehouse·For Repair - Out Of Warranty","2026-08-09 16:24:23.762+00","Mining Ops Admin",
83,AME31LC000MTPBC0A26QC0204,bulk_edit,"Warehouse·For Diagnosis","Warehouse·For Repair - Out Of Warranty","2026-08-09 16:24:23.762+00","Mining Ops Admin",
84,AME31LC000MTPCC0A26QC0204,bulk_edit,"Warehouse·For Diagnosis","Warehouse·For Repair - Out Of Warranty","2026-08-09 16:24:23.762+00","Mining Ops Admin",
85,AME31LC000MZ11C0A26QC1902,bulk_edit,"Warehouse·For Repair - Out Of Warranty","Warehouse·For Repair - Out Of Warranty","2026-08-09 16:24:23.762+00","Mining Ops Admin",
86,AME31LC000MZ21C0A26QC1902,bulk_edit,"Warehouse·For Repair - Out Of Warranty","Warehouse·For Repair - Out Of Warranty","2026-08-09 16:24:23.762+00","Mining Ops Admin",
87,AME31LC000N2MTC0A26QC2303,bulk_edit,"Warehouse·For Repair - Out Of Warranty","Warehouse·For Repair - Out Of Warranty","2026-08-09 16:24:23.762+00","Mining Ops Admin",
88,AME31LC000N2NAC0A26QC2303,bulk_edit,"Warehouse·For Diagnosis","Warehouse·For Repair - Out Of Warranty","2026-08-09 16:24:23.762+00","Mining Ops Admin",
89,AME31LC000N2P4C0A26QC2303,bulk_edit,"Warehouse·For Repair - Out Of Warranty","Warehouse·For Repair - Out Of Warranty","2026-08-09 16:24:23.762+00","Mining Ops Admin",
90,AME31LC000N2RFC2A26QC2403,bulk_edit,"Warehouse·Ready For Deployment - Repaired By Avalon Tech","Warehouse·For Repair - Out Of Warranty","2026-08-09 16:24:23.762+00","Mining Ops Admin",
91,AME31LC000P1LXC0A26QG1605,bulk_edit,"Warehouse·For Diagnosis","Warehouse·For Repair - Out Of Warranty","2026-08-09 16:24:23.762+00","Mining Ops Admin",
92,AME31LC000P1Q6C0A26QG1605,bulk_edit,"Warehouse·For Diagnosis","Warehouse·For Repair - Out Of Warranty","2026-08-09 16:24:23.762+00","Mining Ops Admin",
93,AME31LC000P241C0A26QG1801,bulk_edit,"Warehouse·For Diagnosis","Warehouse·For Repair - Out Of Warranty","2026-08-09 16:24:23.762+00","Mining Ops Admin",
94,AME31LC000P24MC0A26QG1801,bulk_edit,"Warehouse·For Diagnosis","Warehouse·For Repair - Out Of Warranty","2026-08-09 16:24:23.762+00","Mining Ops Admin",
95,AME31LC000P25AC0A26QG1801,bulk_edit,"Warehouse·For Diagnosis","Warehouse·For Repair - Out Of Warranty","2026-08-09 16:24:23.762+00","Mining Ops Admin",
96,AME31LC000P2THC0A26QG1901,bulk_edit,"Warehouse·For Diagnosis","Warehouse·For Repair - Out Of Warranty","2026-08-09 16:24:23.762+00","Mining Ops Admin",
97,AME31LC000P2UDC0A26QG1901,bulk_edit,"Warehouse·For Diagnosis","Warehouse·For Repair - Out Of Warranty","2026-08-09 16:24:23.762+00","Mining Ops Admin",
98,AME31LC000P2WLC0A26QG1901,bulk_edit,"Warehouse·For Diagnosis","Warehouse·For Repair - Out Of Warranty","2026-08-09 16:24:23.762+00","Mining Ops Admin",
99,AME31LC000P2YNC0A26QG1901,bulk_edit,"Warehouse·For Diagnosis","Warehouse·For Repair - Out Of Warranty","2026-08-09 16:24:23.762+00","Mining Ops Admin",
100,AME31LC000P2Z7C0A26QG1901,bulk_edit,"Warehouse·For Diagnosis","Warehouse·For Repair - Out Of Warranty","2026-08-09 16:24:23.762+00","Mining Ops Admin",
101,AME31LC000P2ZUC0A26QG1901,bulk_edit,"Warehouse·For Diagnosis","Warehouse·For Repair - Out Of Warranty","2026-08-09 16:24:23.762+00","Mining Ops Admin",
102,AME31LC000P315C0A26QG1901,bulk_edit,"Warehouse·For Diagnosis","Warehouse·For Repair - Out Of Warranty","2026-08-09 16:24:23.762+00","Mining Ops Admin",
103,AME31LC000P319C0A26QG1901,bulk_edit,"Warehouse·For Diagnosis","Warehouse·For Repair - Out Of Warranty","2026-08-09 16:24:23.762+00","Mining Ops Admin",
104,AME31LC000P325C0A26QG1901,bulk_edit,"Warehouse·For Diagnosis","Warehouse·For Repair - Out Of Warranty","2026-08-09 16:24:23.762+00","Mining Ops Admin",
105,AME31LC000P32KC0A26QG1901,bulk_edit,"Warehouse·For Diagnosis","Warehouse·For Repair - Out Of Warranty","2026-08-09 16:24:23.762+00","Mining Ops Admin",
106,AME31LC000P36AC0A26QG1901,bulk_edit,"Warehouse·For Diagnosis","Warehouse·For Repair - Out Of Warranty","2026-08-09 16:24:23.762+00","Mining Ops Admin",
107,AME31LC000P36XC0A26QG1901,bulk_edit,"Warehouse·For Diagnosis","Warehouse·For Repair - Out Of Warranty","2026-08-09 16:24:23.762+00","Mining Ops Admin",
108,AME31LC000P39HC0A26QG2001,bulk_edit,"Warehouse·For Diagnosis","Warehouse·For Repair - Out Of Warranty","2026-08-09 16:24:23.762+00","Mining Ops Admin",
109,AME31LC000P39PC0A26QG2001,bulk_edit,"Warehouse·For Diagnosis","Warehouse·For Repair - Out Of Warranty","2026-08-09 16:24:23.762+00","Mining Ops Admin",
110,AME31LC000P3A4C0A26QG2001,bulk_edit,"Warehouse·For Diagnosis","Warehouse·For Repair - Out Of Warranty","2026-08-09 16:24:23.762+00","Mining Ops Admin",
111,AME31LC000P3C2C0A26QG2001,bulk_edit,"Warehouse·For Diagnosis","Warehouse·For Repair - Out Of Warranty","2026-08-09 16:24:23.762+00","Mining Ops Admin",
112,AME31LC000P3EAC0A26QG2001,bulk_edit,"Warehouse·For Diagnosis","Warehouse·For Repair - Out Of Warranty","2026-08-09 16:24:23.762+00","Mining Ops Admin",
113,AME31LC000P3EPC0A26QG2001,bulk_edit,"Warehouse·For Diagnosis","Warehouse·For Repair - Out Of Warranty","2026-08-09 16:24:23.762+00","Mining Ops Admin",
114,AME31LC000P3G5C0A26QG2001,bulk_edit,"Warehouse·For Diagnosis","Warehouse·For Repair - Out Of Warranty","2026-08-09 16:24:23.762+00","Mining Ops Admin",
115,AME31LC000P3G7C0A26QG2001,bulk_edit,"Warehouse·For Diagnosis","Warehouse·For Repair - Out Of Warranty","2026-08-09 16:24:23.762+00","Mining Ops Admin",
116,AME31LC000P3J8C0A26QG2001,bulk_edit,"Warehouse·For Diagnosis","Warehouse·For Repair - Out Of Warranty","2026-08-09 16:24:23.762+00","Mining Ops Admin",
117,AME31LC000P3K5C0A26QG2001,bulk_edit,"Warehouse·For Diagnosis","Warehouse·For Repair - Out Of Warranty","2026-08-09 16:24:23.762+00","Mining Ops Admin",
118,AME31LC000P4H5C0A26QG2101,bulk_edit,"Warehouse·For Diagnosis","Warehouse·For Repair - Out Of Warranty","2026-08-09 16:24:23.762+00","Mining Ops Admin",
119,AME31LC000PVFZC0A27QL1305,bulk_edit,"Warehouse·For Diagnosis","Warehouse·For Repair - Under Warranty","2026-08-09 16:25:13.884+00","Mining Ops Admin",
120,AME31LC000PVG7C0A27QL1305,bulk_edit,"Warehouse·For Diagnosis","Warehouse·For Repair - Under Warranty","2026-08-09 16:25:13.884+00","Mining Ops Admin",
121,AME31LC000PVHXC0A27QL1305,bulk_edit,"Warehouse·For Diagnosis","Warehouse·For Repair - Under Warranty","2026-08-09 16:25:13.884+00","Mining Ops Admin",
122,AME31LC000PVK2C0A27QL1305,bulk_edit,"Warehouse·For Diagnosis","Warehouse·For Repair - Under Warranty","2026-08-09 16:25:13.884+00","Mining Ops Admin",
123,AME31LC000PVKKC0A27QL1305,bulk_edit,"Warehouse·For Diagnosis","Warehouse·For Repair - Under Warranty","2026-08-09 16:25:13.884+00","Mining Ops Admin",
124,AME31LC000LDP5C2A26SU2601,bulk_edit,"Warehouse·For Diagnosis - Testing In Progress","Warehouse·For Diagnosis - Testing In Progress","2026-08-09 16:25:51.385+00","Mining Ops Admin",
125,AME31LC000MKT7C2A26QA2404,bulk_edit,"Warehouse·For Diagnosis - Testing In Progress","Warehouse·For Diagnosis - Testing In Progress","2026-08-09 16:25:51.385+00","Mining Ops Admin",
126,AME31LC000MM7EC0A26QA2604,bulk_edit,"Warehouse·For Diagnosis","Warehouse·For Diagnosis - Testing In Progress","2026-08-09 16:25:51.385+00","Mining Ops Admin",
127,AME31LC000MM8KC0A26QA2604,bulk_edit,"Warehouse·For Diagnosis","Warehouse·For Diagnosis - Testing In Progress","2026-08-09 16:25:51.385+00","Mining Ops Admin",
128,AME31LC000MRUAC0A26QC0103,bulk_edit,"Warehouse·For Diagnosis","Warehouse·For Diagnosis - Testing In Progress","2026-08-09 16:25:51.385+00","Mining Ops Admin",
129,AME31LC000MRUVC0A26QC0103,bulk_edit,"Warehouse·For Diagnosis","Warehouse·For Diagnosis - Testing In Progress","2026-08-09 16:25:51.385+00","Mining Ops Admin",
130,AME31LC000N2QNC0A26QC2303,bulk_edit,"Warehouse·For Diagnosis","Warehouse·For Diagnosis - Testing In Progress","2026-08-09 16:25:51.385+00","Mining Ops Admin",
131,AME31LC000P2WGC0A26QG1901,bulk_edit,"Warehouse·For Diagnosis","Warehouse·For Diagnosis - Testing In Progress","2026-08-09 16:25:51.385+00","Mining Ops Admin",
132,AME31LC000P2ZCC0A26QG1901,bulk_edit,"Warehouse·For Diagnosis - Testing In Progress","Warehouse·For Diagnosis - Testing In Progress","2026-08-09 16:25:51.385+00","Mining Ops Admin",
133,AME31LC000P2ZGC0A26QG1901,bulk_edit,"Warehouse·For Diagnosis - Testing In Progress","Warehouse·For Diagnosis - Testing In Progress","2026-08-09 16:25:51.385+00","Mining Ops Admin",
134,AME31LC000P2ZYC0A26QG1901,bulk_edit,"Warehouse·For Diagnosis - Testing In Progress","Warehouse·For Diagnosis - Testing In Progress","2026-08-09 16:25:51.385+00","Mining Ops Admin",
135,AME31LC000P30TC0A26QG1901,bulk_edit,"Warehouse·For Diagnosis - Testing In Progress","Warehouse·For Diagnosis - Testing In Progress","2026-08-09 16:25:51.385+00","Mining Ops Admin",
136,AME31LC000P33FC0A26QG1901,bulk_edit,"Warehouse·For Diagnosis","Warehouse·For Diagnosis - Testing In Progress","2026-08-09 16:25:51.385+00","Mining Ops Admin",
137,AME31LC000P389C0A26QG2001,bulk_edit,"Warehouse·For Diagnosis - Testing In Progress","Warehouse·For Diagnosis - Testing In Progress","2026-08-09 16:25:51.385+00","Mining Ops Admin",
138,AME31LC000P3BFC0A26QG2001,bulk_edit,"Warehouse·For Diagnosis - Testing In Progress","Warehouse·For Diagnosis - Testing In Progress","2026-08-09 16:25:51.385+00","Mining Ops Admin",
139,AME31LC000P3E3C0A26QG2001,bulk_edit,"Warehouse·For Diagnosis","Warehouse·For Diagnosis - Testing In Progress","2026-08-09 16:25:51.385+00","Mining Ops Admin",
140,AME31LC000P1PXC0A26QG1605,bulk_edit,25.7.14·Mining,25.7.4·Mining,"2026-08-09 16:36:33.677+00","Mining Ops Admin",
141,AME31LC000P2W5C0A26QG1901,bulk_edit,25.7.3·Mining,25.7.13·Mining,"2026-08-09 16:37:05.101+00","Mining Ops Admin",
142,"BULK ADD",bulk_add,"","2 saved, 0 failed","2026-08-09 17:56:37.344+00","Mining Ops Admin",
143,AME31LC000MKUHC2A26QA2404,bulk_edit,"Warehouse·For Diagnosis",19.7.6·Mining,"2026-08-09 18:13:17.847+00","Mining Ops Admin",
144,"BULK ADD",bulk_add,"","1 saved, 0 failed","2026-08-09 18:43:05.909+00","Mining Ops Admin",
145,JYZZEAABCJFBH0J01,bulk_edit,11.6.10·Mining,17.3.8·Mining,"2026-08-09 18:56:43.099+00","Mining Ops Admin",
146,"BULK ADD",bulk_add,"","1 saved, 0 failed","2026-08-09 19:06:37.779+00","Mining Ops Admin",
147,"BULK ADD",bulk_add,"","2 saved, 0 failed","2026-08-10 02:41:58.786+00","Mining Ops Admin",
148,"BULK ADD",bulk_add,"","8 saved, 0 failed","2026-08-10 04:15:07.134+00","Mining Ops Admin",
149,"BULK ADD",bulk_add,"","4 saved, 0 failed","2026-08-10 05:52:39.685+00","Mining Ops Admin",
150,"BULK ADD",bulk_add,"","4 saved, 0 failed","2026-08-10 06:04:12.435+00","Mining Ops Admin",
151,AME31LC000MKVJC2A26QA2404,bulk_edit,"Warehouse·For Diagnosis","Warehouse·Ready For Deployment - Repaired By PSU swap","2026-08-10 16:11:15.936+00","Mining Ops Admin",
152,AME31LC000MM8WC0A26QA2604,bulk_edit,"Warehouse·For Diagnosis","Warehouse·Ready For Deployment - Repaired By PSU swap","2026-08-10 16:11:15.936+00","Mining Ops Admin",
153,AME31LC000MQWPC0A26QA2904,bulk_edit,"Warehouse·For Diagnosis","Warehouse·Ready For Deployment - Repaired By PSU swap","2026-08-10 16:11:15.936+00","Mining Ops Admin",
154,AME31LC000MQWUC0A26QA2904,bulk_edit,"Warehouse·For Diagnosis","Warehouse·Ready For Deployment - Repaired By PSU swap","2026-08-10 16:11:15.936+00","Mining Ops Admin",
155,AME31LC000MZ1MC0A26QC1902,bulk_edit,"Warehouse·For Diagnosis","Warehouse·Ready For Deployment - Repaired By PSU swap","2026-08-10 16:11:15.936+00","Mining Ops Admin",
156,AME31LC000MZ1WC0A26QC1902,bulk_edit,"Warehouse·For Diagnosis","Warehouse·Ready For Deployment - Repaired By PSU swap","2026-08-10 16:11:15.936+00","Mining Ops Admin",
157,AME31LC000P1NGC0A26QG1605,bulk_edit,"Warehouse·For Diagnosis","Warehouse·Ready For Deployment - Repaired By PSU swap","2026-08-10 16:11:15.936+00","Mining Ops Admin",
158,AME31LC000P253C0A26QG1801,bulk_edit,"Warehouse·For Diagnosis","Warehouse·Ready For Deployment - Repaired By PSU swap","2026-08-10 16:11:15.936+00","Mining Ops Admin",
159,AME31LC000P257C0A26QG1801,bulk_edit,"Warehouse·For Diagnosis","Warehouse·Ready For Deployment - Repaired By PSU swap","2026-08-10 16:11:15.936+00","Mining Ops Admin",
160,AME31LC000P35PC0A26QG1901,bulk_edit,"Warehouse·For Diagnosis","Warehouse·Ready For Deployment - Repaired By PSU swap","2026-08-10 16:11:15.936+00","Mining Ops Admin",
161,AME31LC000P3CEC0A26QG2001,bulk_edit,"Warehouse·For Diagnosis","Warehouse·Ready For Deployment - Repaired By PSU swap","2026-08-10 16:11:15.936+00","Mining Ops Admin",
162,AME31LC000P3D8C0A26QG2001,bulk_edit,"Warehouse·For Diagnosis","Warehouse·Ready For Deployment - Repaired By PSU swap","2026-08-10 16:11:15.936+00","Mining Ops Admin",
163,AME31LC000PVKUC0A27QL1305,bulk_edit,"Warehouse·For Diagnosis","Warehouse·Ready For Deployment - Repaired By PSU swap","2026-08-10 16:11:15.936+00","Mining Ops Admin",
164,AME31LC000PVL2C0A27QL1305,bulk_edit,"Warehouse·For Diagnosis","Warehouse·Ready For Deployment - Repaired By PSU swap","2026-08-10 16:11:15.936+00","Mining Ops Admin",
165,AME31LC000MRTJC0A26QC0103,bulk_edit,"Warehouse·For Diagnosis","Warehouse·For Repair - Out Of Warranty","2026-08-10 16:15:49.156+00","Mining Ops Admin",
166,AME31LC000MRW2C0A26QC0103,bulk_edit,"Warehouse·For Diagnosis","Warehouse·For Repair - Out Of Warranty","2026-08-10 16:15:49.156+00","Mining Ops Admin",
167,AME31LC000MTPGC0A26QC0204,bulk_edit,"Warehouse·For Diagnosis","Warehouse·For Repair - Out Of Warranty","2026-08-10 16:15:49.156+00","Mining Ops Admin",
168,AME31LC000P35MC0A26QG1901,bulk_edit,"Warehouse·For Diagnosis","Warehouse·For Repair - Out Of Warranty","2026-08-10 16:15:49.156+00","Mining Ops Admin",
169,AME31LC000P39DC0A26QG2001,bulk_edit,"Warehouse·For Diagnosis","Warehouse·For Repair - Out Of Warranty","2026-08-10 16:15:49.156+00","Mining Ops Admin",
170,AME31LC000P3A1C0A26QG2001,bulk_edit,"Warehouse·For Diagnosis","Warehouse·For Repair - Out Of Warranty","2026-08-10 16:15:49.156+00","Mining Ops Admin",
171,AME31LC000P3DUC0A26QG2001,bulk_edit,"Warehouse·For Diagnosis","Warehouse·For Repair - Out Of Warranty","2026-08-10 16:15:49.156+00","Mining Ops Admin",
172,"BULK ADD",bulk_add,"","14 saved, 0 failed","2026-08-11 05:03:06.569+00","Mining Ops Admin",
173,"BULK ADD",bulk_add,"","14 saved, 0 failed","2026-08-11 05:03:48.007+00","Mining Ops Admin",
174,"BULK ADD",bulk_add,"","14 saved, 0 failed","2026-08-11 05:17:44.246+00","Mining Ops Admin",
175,"BULK ADD",bulk_add,"","4 saved, 0 failed","2026-08-11 05:41:16.432+00","Mining Ops Admin",
176,"BULK ADD",bulk_add,"","18 saved, 0 failed","2026-08-11 05:47:35.063+00","Mining Ops Admin",
177,"BULK ADD",bulk_add,"","18 saved, 0 failed","2026-08-11 05:56:52.39+00","Mining Ops Admin",
178,AME31LC000MZ28C0A26QC1902,bulk_edit,24.10.7·Mining,24.10.9·Mining,"2026-08-11 07:45:55.588+00","Mining Ops Admin",
179,AME31LC000MRX6C0A26QC0103,bulk_edit,24.10.9·Mining,24.10.7·Mining,"2026-08-11 07:48:36.163+00","Mining Ops Admin",
180,JYZZEAABCJFBH0Z0C,swap,18.3.13·Mining,"Warehouse · For Diagnosis","2026-08-11 07:53:06.3+00","Mining Ops Admin",
181,JYZZEABBCJFBH0Y7A,swap,"Warehouse·Ready For Deployment - Consolidated",18.3.13·Mining,"2026-08-11 07:53:06.3+00","Mining Ops Admin",
182,AME31LC000MZ28C0A26QC1902,swap,24.10.9·Mining,"Warehouse · For Diagnosis","2026-08-11 07:53:06.3+00","Mining Ops Admin",
183,AME31LC000P253C0A26QG1801,swap,"Warehouse·Ready For Deployment - Repaired By PSU swap",24.10.9·Mining,"2026-08-11 07:53:06.3+00","Mining Ops Admin",
184,AME31LC000MKTJC2A26QA2404,swap,22.10.1·Mining,"Warehouse · For Diagnosis","2026-08-11 07:53:06.3+00","Mining Ops Admin",
185,AME31LC000MQWUC0A26QA2904,swap,"Warehouse·Ready For Deployment - Repaired By PSU swap",22.10.1·Mining,"2026-08-11 07:53:06.3+00","Mining Ops Admin",
186,PS1A0608000049230816000937,latest_status,"Ready for Deployment","For epair","2026-08-11 10:18:41.2+00","Mining Ops Admin",
187,PS1A0608000049230816000937,latest_status,"For epair","For Repair","2026-08-11 10:18:57.519+00","Mining Ops Admin",
188,"BULK ADD",bulk_add,"","8 saved, 0 failed","2026-08-11 10:48:01.935+00","Mining Ops Admin",
189,KLKT323BCJFJB0379,location,Antminer,Warehouse,"2026-08-11 10:48:55.975+00","Mining Ops Admin",
190,KLKT323BCJFJB0379,latest_status,Warehouse,Faulty,"2026-08-11 10:48:55.975+00","Mining Ops Admin",
191,AME31LC000P3HJC0A26QG2001,swap,21.5.12·Mining,"Warehouse · For Diagnosis","2026-08-12 02:53:46.561+00","Mining Ops Admin",
192,AME31LC000P35PC0A26QG1901,swap,"Warehouse·Ready For Deployment - Repaired By PSU swap",21.5.12·Mining,"2026-08-12 02:53:46.561+00","Mining Ops Admin",
193,JYZZEABBCJEBB0AAF,swap,10.7.10·Mining,"Warehouse · For Diagnosis","2026-08-12 02:55:47.627+00","Mining Ops Admin",
194,JYZZEAABCJFBH0ZT8,swap,"Warehouse·Ready For Deployment - Consolidated",10.7.10·Mining,"2026-08-12 02:55:47.627+00","Mining Ops Admin",
195,PIEMFEABDAAAD01VX,location,101.3.5,Warehouse,"2026-08-13 02:43:01.495+00","Mining Ops Admin",
196,PIEMFEABDAAAD01VX,latest_status,Mining,"For Diagnosis","2026-08-13 02:43:01.495+00","Mining Ops Admin",
197,PIEMFECBDAAAD01VF,location,105.9.14,Warehouse,"2026-08-13 02:43:01.495+00","Mining Ops Admin",
198,PIEMFECBDAAAD01VF,latest_status,Mining,"For Diagnosis","2026-08-13 02:43:01.495+00","Mining Ops Admin",
199,"BULK ADD",bulk_add,"","2 saved, 0 failed","2026-08-13 02:43:01.75+00","Mining Ops Admin",
200,AME31LC000P37CC0A26QG2001,swap,18.9.16·Mining,"Warehouse · For Diagnosis","2026-08-13 02:45:40.073+00","Mining Ops Admin",
201,AME31LC000P257C0A26QG1801,swap,"Warehouse·Ready For Deployment - Repaired By PSU swap",18.9.16·Mining,"2026-08-13 02:45:40.073+00","Mining Ops Admin",
202,AME31LC000MM79C0A26QA2604,swap,24.4.13·Mining,"Warehouse · For Diagnosis","2026-08-13 02:45:40.073+00","Mining Ops Admin",
203,AME31LC000MKVJC2A26QA2404,swap,"Warehouse·Ready For Deployment - Repaired By PSU swap",24.4.13·Mining,"2026-08-13 02:45:40.073+00","Mining Ops Admin",
204,OLTT329BCJEAG5083,bulk_edit,"Warehouse·For Diagnosis",Warehouse·Faulty,"2026-08-13 03:22:21.584+00","Mining Ops Admin",
205,PCGPW1212154E9657,bulk_edit,10.7.2.7·Deployed,10.7.2.7·Faulty,"2026-08-13 03:22:21.584+00","Mining Ops Admin",
206,PCGPW1212154E9766,bulk_edit,"Warehouse·For Diagnosis",Warehouse·Faulty,"2026-08-13 03:22:21.584+00","Mining Ops Admin",
207,PCGPW1212154E9657,bulk_edit,10.7.2.7·Faulty,Warehouse·Faulty,"2026-08-13 03:22:43.77+00","Mining Ops Admin",
208,DGAH323BCJGJD0894,bulk_edit,"Warehouse·Ready for Deployment","Warehouse·Ready for Deployment","2026-08-13 03:23:26.404+00","Mining Ops Admin",
209,KLKT323BCJFJB0302,bulk_edit,Warehouse·Faulty,"Warehouse·Ready for Deployment","2026-08-13 03:23:26.404+00","Mining Ops Admin",
210,KLKT323BCJGBE1731,bulk_edit,Warehouse·Faulty,"Warehouse·Ready for Deployment","2026-08-13 03:23:26.404+00","Mining Ops Admin",
211,KLKT329BCJGAI1754,bulk_edit,"Warehouse·For Diagnosis","Warehouse·Ready for Deployment","2026-08-13 03:23:26.404+00","Mining Ops Admin",
212,KLKT329BCJGAI2469,bulk_edit,"Warehouse·For Diagnosis","Warehouse·Ready for Deployment","2026-08-13 03:23:26.404+00","Mining Ops Admin",
213,KLKT329BCJGAI3059,bulk_edit,"Warehouse·For Diagnosis","Warehouse·Ready for Deployment","2026-08-13 03:23:26.404+00","Mining Ops Admin",
214,OLTT323BCJGAJ3182,bulk_edit,"Warehouse·Ready for Deployment","Warehouse·Ready for Deployment","2026-08-13 03:23:26.404+00","Mining Ops Admin",
215,OLTT329BCJFJA4373,bulk_edit,"Warehouse·For Diagnosis","Warehouse·Ready for Deployment","2026-08-13 03:23:26.404+00","Mining Ops Admin",
216,OLTT329BCJGBJ1666,bulk_edit,"Warehouse·For Diagnosis","Warehouse·Ready for Deployment","2026-08-13 03:23:26.404+00","Mining Ops Admin",
217,PCGPW1212154E3861,bulk_edit,10.26.2.15·Deployed,"10.26.2.15·Ready for Deployment","2026-08-13 03:23:26.404+00","Mining Ops Admin",
218,PCGPW1212154E4000,bulk_edit,"Warehouse·For Diagnosis","Warehouse·Ready for Deployment","2026-08-13 03:23:26.404+00","Mining Ops Admin",
219,PCGPW1212154E4002,bulk_edit,"Warehouse·For Diagnosis","Warehouse·Ready for Deployment","2026-08-13 03:23:26.404+00","Mining Ops Admin",
220,PCGPW1212154E5072,bulk_edit,"Warehouse·For Diagnosis","Warehouse·Ready for Deployment","2026-08-13 03:23:26.404+00","Mining Ops Admin",
221,PCGPW1212154E8207,bulk_edit,Warehouse·Faulty,"Warehouse·Ready for Deployment","2026-08-13 03:23:26.404+00","Mining Ops Admin",
222,PCGPW1212154E8828,bulk_edit,10.19.12.5·Deployed,"10.19.12.5·Ready for Deployment","2026-08-13 03:23:26.404+00","Mining Ops Admin",
223,PCGPW1212154E9880,bulk_edit,"Warehouse·For Diagnosis","Warehouse·Ready for Deployment","2026-08-13 03:23:26.404+00","Mining Ops Admin",
224,PCGPW1212154E3861,bulk_edit,"10.26.2.15·Ready for Deployment","Warehouse·Ready for Deployment","2026-08-13 03:23:46.354+00","Mining Ops Admin",
225,PCGPW1212154E8828,bulk_edit,"10.19.12.5·Ready for Deployment","Warehouse·Ready for Deployment","2026-08-13 03:23:46.354+00","Mining Ops Admin",
226,PCGPW1212154E4004,bulk_edit,Antminer·10.1.11.6,10.1.11.6·Deployed,"2026-08-13 03:25:02.001+00","Mining Ops Admin",
227,PCGPW1212154E5229,bulk_edit,"Warehouse·For Diagnosis","Warehouse·Ready For Deployment","2026-08-13 03:27:27.621+00","Mining Ops Admin",
228,PCGPW1212154E8125,bulk_edit,"Warehouse·For Diagnosis","Warehouse·Ready For Deployment","2026-08-13 03:27:27.621+00","Mining Ops Admin",
229,PCGPW1212154E3750,bulk_edit,"Warehouse·For Diagnosis",Warehouse·Faulty,"2026-08-13 03:27:55.135+00","Mining Ops Admin",
230,YNAHEAABCJABD043C,location,Warehouse,20.3.1,"2026-08-13 11:52:02.289+00","Mining Ops Admin",
231,YNAHEAABCJABD043C,latest_status,"Ready For Deployment - Repaired By Masdar Team",Mining,"2026-08-13 11:52:02.289+00","Mining Ops Admin",
232,JYZZEAABCJFBH01WA,location,Warehouse,20.3.2,"2026-08-13 11:52:02.289+00","Mining Ops Admin",
233,JYZZEAABCJFBH01WA,latest_status,"Ready For Deployment",Mining,"2026-08-13 11:52:02.289+00","Mining Ops Admin",
234,JYZZEAABCJEBB0GVT,location,Warehouse,20.3.3,"2026-08-13 11:52:02.289+00","Mining Ops Admin",
235,JYZZEAABCJEBB0GVT,latest_status,"Ready For Deployment",Mining,"2026-08-13 11:52:02.289+00","Mining Ops Admin",
236,JYZZEAABCJFBH0C8C,location,Warehouse,20.3.4,"2026-08-13 11:52:02.289+00","Mining Ops Admin",
237,JYZZEAABCJFBH0C8C,latest_status,"Ready For Deployment",Mining,"2026-08-13 11:52:02.289+00","Mining Ops Admin",
238,JYZZEAABCJFBH0D6Y,location,Warehouse,20.3.5,"2026-08-13 11:52:02.289+00","Mining Ops Admin",
239,JYZZEAABCJFBH0D6Y,latest_status,"Ready For Deployment",Mining,"2026-08-13 11:52:02.289+00","Mining Ops Admin",
240,JYZZEAABCJFBH0FB1,location,Warehouse,20.3.6,"2026-08-13 11:52:02.289+00","Mining Ops Admin",
241,JYZZEAABCJFBH0FB1,latest_status,"Ready For Deployment",Mining,"2026-08-13 11:52:02.289+00","Mining Ops Admin",
242,JYZZEAABCJHJH05PP,location,Warehouse,20.3.7,"2026-08-13 11:52:02.289+00","Mining Ops Admin",
243,JYZZEAABCJHJH05PP,latest_status,"Ready For Deployment",Mining,"2026-08-13 11:52:02.289+00","Mining Ops Admin",
244,JYZZEAABCJEBB0N3K,location,Warehouse,20.3.8,"2026-08-13 11:52:02.289+00","Mining Ops Admin",
245,JYZZEAABCJEBB0N3K,latest_status,"Ready For Deployment",Mining,"2026-08-13 11:52:02.289+00","Mining Ops Admin",
246,YNAHEAABCJGAG06VY,location,Warehouse,20.3.9,"2026-08-13 11:52:02.289+00","Mining Ops Admin",
247,YNAHEAABCJGAG06VY,latest_status,"Ready For Deployment",Mining,"2026-08-13 11:52:02.289+00","Mining Ops Admin",
248,JYZZEAABCJFBH0D8V,location,Warehouse,20.3.10,"2026-08-13 11:52:02.289+00","Mining Ops Admin",
249,JYZZEAABCJFBH0D8V,latest_status,"Ready For Deployment",Mining,"2026-08-13 11:52:02.289+00","Mining Ops Admin",
250,JYZZEAABCJFBH0CMR,location,Warehouse,20.3.11,"2026-08-13 11:52:02.289+00","Mining Ops Admin",
251,JYZZEAABCJFBH0CMR,latest_status,"Ready For Deployment - Consolidated",Mining,"2026-08-13 11:52:02.289+00","Mining Ops Admin",
252,JYZZEAABCJHJH05KL,location,Warehouse,20.3.12,"2026-08-13 11:52:02.289+00","Mining Ops Admin",
253,JYZZEAABCJHJH05KL,latest_status,"Ready For Deployment",Mining,"2026-08-13 11:52:02.289+00","Mining Ops Admin",
254,YNAHEAABCJFBJ0T7B,location,Warehouse,20.3.13,"2026-08-13 11:52:02.289+00","Mining Ops Admin",
255,YNAHEAABCJFBJ0T7B,latest_status,"Ready For Deployment",Mining,"2026-08-13 11:52:02.289+00","Mining Ops Admin",
256,JYZZEAABCJEBB0F84,location,Warehouse,20.3.14,"2026-08-13 11:52:02.289+00","Mining Ops Admin",
257,JYZZEAABCJEBB0F84,latest_status,"Ready For Deployment",Mining,"2026-08-13 11:52:02.289+00","Mining Ops Admin",
258,JYZZEAABCJFBH0004,location,Warehouse,20.3.15,"2026-08-13 11:52:02.289+00","Mining Ops Admin",
259,JYZZEAABCJFBH0004,latest_status,"Ready For Deployment",Mining,"2026-08-13 11:52:02.289+00","Mining Ops Admin",
260,JYZZEAABCJEBB0JZE,location,Warehouse,20.3.16,"2026-08-13 11:52:02.289+00","Mining Ops Admin",
261,JYZZEAABCJEBB0JZE,latest_status,"Ready For Deployment",Mining,"2026-08-13 11:52:02.289+00","Mining Ops Admin",
262,AME31LC000MKVMC2A26QA2404,location,20.3.13,Warehouse,"2026-08-13 11:52:02.289+00","Mining Ops Admin",
263,AME31LC000MKVMC2A26QA2404,latest_status,Mining,"For Diagnosis","2026-08-13 11:52:02.289+00","Mining Ops Admin",
264,AME31LC000MRT6C0A26QC0103,location,20.3.12,Warehouse,"2026-08-13 11:52:02.289+00","Mining Ops Admin",
265,AME31LC000MRT6C0A26QC0103,latest_status,Mining,"For Diagnosis","2026-08-13 11:52:02.289+00","Mining Ops Admin",
266,AME31LC000MZ23C0A26QC1902,location,20.3.10,Warehouse,"2026-08-13 11:52:02.289+00","Mining Ops Admin",
267,AME31LC000MZ23C0A26QC1902,latest_status,Mining,"For Diagnosis","2026-08-13 11:52:02.289+00","Mining Ops Admin",
268,AME31LC000MKVGC2A26QA2404,location,20.3.11,Warehouse,"2026-08-13 11:52:02.289+00","Mining Ops Admin",
269,AME31LC000MKVGC2A26QA2404,latest_status,Mining,"For Diagnosis","2026-08-13 11:52:02.289+00","Mining Ops Admin",
270,AME31LC000MQVPC0A26QA2904,location,20.3.2,Warehouse,"2026-08-13 11:52:02.289+00","Mining Ops Admin",
271,AME31LC000MQVPC0A26QA2904,latest_status,Mining,"For Diagnosis","2026-08-13 11:52:02.289+00","Mining Ops Admin",
272,AME31LC000P2YYC0A26QG1901,location,20.3.8,Warehouse,"2026-08-13 11:52:02.289+00","Mining Ops Admin",
273,AME31LC000P2YYC0A26QG1901,latest_status,Mining,"For Diagnosis","2026-08-13 11:52:02.289+00","Mining Ops Admin",
274,AME31LC000P4EYC0A26QG2101,location,20.3.4,Warehouse,"2026-08-13 11:52:02.289+00","Mining Ops Admin",
275,AME31LC000P4EYC0A26QG2101,latest_status,Mining,"For Diagnosis","2026-08-13 11:52:02.289+00","Mining Ops Admin",
276,AME31LC000MZ10C0A26QC1902,location,20.3.1,Warehouse,"2026-08-13 11:52:02.289+00","Mining Ops Admin",
277,AME31LC000MZ10C0A26QC1902,latest_status,Mining,"Ready For Deployment","2026-08-13 11:52:02.289+00","Mining Ops Admin",
278,AME31LC000MM95C0A26QA2604,location,20.3.9,Warehouse,"2026-08-13 11:52:02.289+00","Mining Ops Admin",
279,AME31LC000MM95C0A26QA2604,latest_status,Mining,"Ready For Deployment","2026-08-13 11:52:02.289+00","Mining Ops Admin",
280,AME31LC000LCYTC2A26SU2301,location,20.3.16,Warehouse,"2026-08-13 11:52:02.289+00","Mining Ops Admin",
281,AME31LC000LCYTC2A26SU2301,latest_status,Mining,"Ready For Deployment","2026-08-13 11:52:02.289+00","Mining Ops Admin",
282,AME31LC000P31RC0A26QG1901,location,20.3.15,Warehouse,"2026-08-13 11:52:02.289+00","Mining Ops Admin",
283,AME31LC000P31RC0A26QG1901,latest_status,Mining,"Ready For Deployment","2026-08-13 11:52:02.289+00","Mining Ops Admin",
284,AME31LC000P1QCC0A26QG1605,location,20.3.6,Warehouse,"2026-08-13 11:52:02.289+00","Mining Ops Admin",
285,AME31LC000P1QCC0A26QG1605,latest_status,Mining,"Ready For Deployment","2026-08-13 11:52:02.289+00","Mining Ops Admin",
286,AME31LC000MRW7C0A26QC0103,location,20.3.3,Warehouse,"2026-08-13 11:52:02.289+00","Mining Ops Admin",
287,AME31LC000MRW7C0A26QC0103,latest_status,Mining,"Ready For Deployment","2026-08-13 11:52:02.289+00","Mining Ops Admin",
288,AME31LC000MRUNC0A26QC0103,location,20.3.14,Warehouse,"2026-08-13 11:52:02.289+00","Mining Ops Admin",
289,AME31LC000MRUNC0A26QC0103,latest_status,Mining,"Ready For Deployment","2026-08-13 11:52:02.289+00","Mining Ops Admin",
290,AME31LC000MQXEC0A26QA2904,location,20.3.7,Warehouse,"2026-08-13 11:52:02.289+00","Mining Ops Admin",
291,AME31LC000MQXEC0A26QA2904,latest_status,Mining,"Ready For Deployment","2026-08-13 11:52:02.289+00","Mining Ops Admin",
292,AME31LC000MZ2JC0A26QC1902,location,20.3.5,Warehouse,"2026-08-13 11:52:02.289+00","Mining Ops Admin",
293,AME31LC000MZ2JC0A26QC1902,latest_status,Mining,"Ready For Deployment","2026-08-13 11:52:02.289+00","Mining Ops Admin",
294,"BULK ADD",bulk_add,"","32 saved, 0 failed","2026-08-13 11:52:02.705+00","Mining Ops Admin",
295,AME31LC000MKVGC2A26QA2404,bulk_edit,"Warehouse·For Diagnosis","Warehouse·Ready For Deployment - Repaired By PSU swap","2026-08-13 19:10:50.968+00","Mining Ops Admin",
296,AME31LC000MKVMC2A26QA2404,bulk_edit,"Warehouse·For Diagnosis","Warehouse·Ready For Deployment - Repaired By PSU swap","2026-08-13 19:10:50.968+00","Mining Ops Admin",
297,AME31LC000MQVPC0A26QA2904,bulk_edit,"Warehouse·For Diagnosis","Warehouse·Ready For Deployment - Repaired By PSU swap","2026-08-13 19:10:50.968+00","Mining Ops Admin",
298,AME31LC000MRT6C0A26QC0103,bulk_edit,"Warehouse·For Diagnosis","Warehouse·Ready For Deployment - Repaired By PSU swap","2026-08-13 19:10:50.968+00","Mining Ops Admin",
299,AME31LC000MZ23C0A26QC1902,bulk_edit,"Warehouse·For Diagnosis","Warehouse·Ready For Deployment - Repaired By PSU swap","2026-08-13 19:10:50.968+00","Mining Ops Admin",
300,AME31LC000P2YYC0A26QG1901,bulk_edit,"Warehouse·For Diagnosis","Warehouse·Ready For Deployment - Repaired By PSU swap","2026-08-13 19:10:50.968+00","Mining Ops Admin",
301,AME31LC000P4EYC0A26QG2101,bulk_edit,"Warehouse·For Diagnosis","Warehouse·Ready For Deployment - Repaired By PSU swap","2026-08-13 19:10:50.968+00","Mining Ops Admin",
302,PS1A0608000057241126001324,location,"",Warehouse,"2026-08-13 19:13:18.394+00","Mining Ops Admin",
303,PS1A0608000057241126001324,latest_status,"","For Repair","2026-08-13 19:13:18.394+00","Mining Ops Admin",
304,PS1A0608000049240125001512,location,"",Warehouse,"2026-08-13 19:13:18.394+00","Mining Ops Admin",
305,PS1A0608000049240125001512,latest_status,"","For Repair","2026-08-13 19:13:18.394+00","Mining Ops Admin",
306,PS1A0608000049230816000550,location,"",Warehouse,"2026-08-13 19:13:18.394+00","Mining Ops Admin",
307,PS1A0608000049230816000550,latest_status,"","For Repair","2026-08-13 19:13:18.394+00","Mining Ops Admin",
308,PS1A0608000049230816000503,location,"",Warehouse,"2026-08-13 19:13:18.394+00","Mining Ops Admin",
309,PS1A0608000049230816000503,latest_status,"","For Repair","2026-08-13 19:13:18.394+00","Mining Ops Admin",
310,PS1A0608000049230816000050,location,"",Warehouse,"2026-08-13 19:13:18.394+00","Mining Ops Admin",
311,PS1A0608000049230816000050,latest_status,"","For Repair","2026-08-13 19:13:18.394+00","Mining Ops Admin",
312,PS1A0608000049240125000974,location,"",Warehouse,"2026-08-13 19:13:18.394+00","Mining Ops Admin",
313,PS1A0608000049240125000974,latest_status,"","For Repair","2026-08-13 19:13:18.394+00","Mining Ops Admin",
314,PS1A0608000049230816000823,location,"",Warehouse,"2026-08-13 19:13:18.394+00","Mining Ops Admin",
315,PS1A0608000049230816000823,latest_status,"","For Repair","2026-08-13 19:13:18.394+00","Mining Ops Admin",
316,PS1A0608000049230816000965,location,Warehouse,"Inside Miner","2026-08-13 19:13:18.394+00","Mining Ops Admin",
317,PS1A0608000049230816000965,latest_status,"Ready for Deployment",AME31LC000P4EYC0A26QG2101,"2026-08-13 19:13:18.394+00","Mining Ops Admin",
318,PS1A0608000049240125000651,location,Warehouse,"Inside Miner","2026-08-13 19:13:18.394+00","Mining Ops Admin",
319,PS1A0608000049240125000651,latest_status,"Ready for Deployment",AME31LC000P2YYC0A26QG1901,"2026-08-13 19:13:18.394+00","Mining Ops Admin",
320,PS1A0608000049230816000632,location,Warehouse,"Inside Miner","2026-08-13 19:13:18.394+00","Mining Ops Admin",
321,PS1A0608000049230816000632,latest_status,"Ready for Deployment",AME31LC000MQVPC0A26QA2904,"2026-08-13 19:13:18.394+00","Mining Ops Admin",
322,PS1A0608000049240420000226,location,Warehouse,"Inside Miner","2026-08-13 19:13:18.394+00","Mining Ops Admin",
323,PS1A0608000049240420000226,latest_status,"Ready for Deployment",AME31LC000MKVGC2A26QA2404,"2026-08-13 19:13:18.394+00","Mining Ops Admin",
324,PS1A0608000049240125000566,location,Warehouse,"Inside Miner","2026-08-13 19:13:18.394+00","Mining Ops Admin",
325,PS1A0608000049240125000566,latest_status,"Ready for Deployment",AME31LC000MKVMC2A26QA2404,"2026-08-13 19:13:18.394+00","Mining Ops Admin",
326,ps1a0608000049230816000537,location,"","Inside Miner","2026-08-13 19:13:18.394+00","Mining Ops Admin",
327,ps1a0608000049230816000537,latest_status,"",AME31LC000MZ23C0A26QC1902,"2026-08-13 19:13:18.394+00","Mining Ops Admin",
328,ps1a0608000049230712000153,location,"","Inside Miner","2026-08-13 19:13:18.394+00","Mining Ops Admin",
329,ps1a0608000049230712000153,latest_status,"",AME31LC000MRT6C0A26QC0103,"2026-08-13 19:13:18.394+00","Mining Ops Admin",
330,"BULK ADD",bulk_add,"","14 saved, 0 failed","2026-08-13 19:13:18.628+00","Mining Ops Admin",
331,PS1A0608000049230712000153,location,Warehouse,"Inside Miner","2026-08-13 19:21:00+00","Mining Ops Admin",
332,PS1A0608000049230712000153,latest_status,"Ready for Deployment",AME31LC000MRT6C0A26QC0103,"2026-08-13 19:21:00+00","Mining Ops Admin",
333,PS1A0608000049230816000537,location,Warehouse,"Inside Miner","2026-08-13 19:21:00+00","Mining Ops Admin",
334,PS1A0608000049230816000537,latest_status,"Ready for Deployment",AME31LC000MZ23C0A26QC1902,"2026-08-13 19:21:00+00","Mining Ops Admin",
335,AMD61LC000N7C5C0A21QE0101,location,"",WH1,"2026-08-14 03:37:15.334+00","Mining Ops Admin",
336,AMD61LC000N7C5C0A21QE0101,latest_status,"","Ava - For Repair","2026-08-14 03:37:15.334+00","Mining Ops Admin",
337,AME31LC000P1NAC0A26QG1605,location,"",28.2.6,"2026-08-14 03:37:15.334+00","Mining Ops Admin",
338,AME31LC000P1NAC0A26QG1605,latest_status,"",Mining,"2026-08-14 03:37:15.334+00","Mining Ops Admin",
339,JYZZEAABCJEBB0AGE,location,"",5.7.11,"2026-08-14 03:37:15.334+00","Mining Ops Admin",
340,JYZZEAABCJEBB0AGE,latest_status,"",Mining,"2026-08-14 03:37:15.334+00","Mining Ops Admin",
341,AMD61LC000N739C0A21QE0101,location,"",31.1.1,"2026-08-14 03:37:15.334+00","Mining Ops Admin",
342,AMD61LC000N739C0A21QE0101,latest_status,"",Mining,"2026-08-14 03:37:15.334+00","Mining Ops Admin",
343,AME31LC000P4SKC0A26QG2101,location,"",29.1.6,"2026-08-14 03:37:15.334+00","Mining Ops Admin",
344,AME31LC000P4SKC0A26QG2101,latest_status,"",Mining,"2026-08-14 03:37:15.334+00","Mining Ops Admin",
345,AMD61LC000L363C2A21SN2403,location,"",18.11.10,"2026-08-14 03:37:15.334+00","Mining Ops Admin",
346,AMD61LC000L363C2A21SN2403,latest_status,"",Mining,"2026-08-14 03:37:15.334+00","Mining Ops Admin",
347,JYZZEAABCJEBB0HVS,location,"",5.6.9,"2026-08-14 03:37:15.334+00","Mining Ops Admin",
348,JYZZEAABCJEBB0HVS,latest_status,"",Mining,"2026-08-14 03:37:15.334+00","Mining Ops Admin",
349,AMD61LC000L5WHC0A21SQ1001,location,"",27.1.13,"2026-08-14 03:37:15.334+00","Mining Ops Admin",
350,AMD61LC000L5WHC0A21SQ1001,latest_status,"",Mining,"2026-08-14 03:37:15.334+00","Mining Ops Admin",
351,JYZZEAABCJEBB0EWL,location,"",18.10.14,"2026-08-14 03:37:15.334+00","Mining Ops Admin",
352,JYZZEAABCJEBB0EWL,latest_status,"",Mining,"2026-08-14 03:37:15.334+00","Mining Ops Admin",
353,AMD61LC000N79BC0A21QE0101,location,"",32.12.1,"2026-08-14 03:37:15.334+00","Mining Ops Admin",
354,AMD61LC000N79BC0A21QE0101,latest_status,"",Mining,"2026-08-14 03:37:15.334+00","Mining Ops Admin",
355,AME31LC000P3JTC0A26QG2001,location,"",28.1.16,"2026-08-14 03:37:15.334+00","Mining Ops Admin",
356,AME31LC000P3JTC0A26QG2001,latest_status,"",Mining,"2026-08-14 03:37:15.334+00","Mining Ops Admin",
357,JYZZEAABCJEBB0LT1,location,"",4.6.2,"2026-08-14 03:37:15.334+00","Mining Ops Admin",
358,JYZZEAABCJEBB0LT1,latest_status,"",Mining,"2026-08-14 03:37:15.334+00","Mining Ops Admin",
359,JYZZEAABCJEBB0CRC,location,"",14.1.16,"2026-08-14 03:37:15.334+00","Mining Ops Admin",
360,JYZZEAABCJEBB0CRC,latest_status,"",Mining,"2026-08-14 03:37:15.334+00","Mining Ops Admin",
361,JYZZEAABCJEBB0HBS,location,"",3.11.9,"2026-08-14 03:37:15.334+00","Mining Ops Admin",
362,JYZZEAABCJEBB0HBS,latest_status,"",Mining,"2026-08-14 03:37:15.334+00","Mining Ops Admin",
363,JYZZEAABCJEBB0GG3,location,"",11.10.1,"2026-08-14 03:37:15.334+00","Mining Ops Admin",
364,JYZZEAABCJEBB0GG3,latest_status,"",Mining,"2026-08-14 03:37:15.334+00","Mining Ops Admin",
365,JYZZEAABCJEBB0BNN,location,"",11.3.10,"2026-08-14 03:37:15.334+00","Mining Ops Admin",
366,JYZZEAABCJEBB0BNN,latest_status,"",Mining,"2026-08-14 03:37:15.334+00","Mining Ops Admin",
367,JYZZEAABCJEBB0K7V,location,"",12.1.6,"2026-08-14 03:37:15.334+00","Mining Ops Admin",
368,JYZZEAABCJEBB0K7V,latest_status,"",Mining,"2026-08-14 03:37:15.334+00","Mining Ops Admin",
369,JYZZEAABCJEBB0H78,location,"",3.11.16,"2026-08-14 03:37:15.334+00","Mining Ops Admin",
370,JYZZEAABCJEBB0H78,latest_status,"",Mining,"2026-08-14 03:37:15.334+00","Mining Ops Admin",
371,AMD61LC000N7G3C0A21QE0101,location,"",29.2.9,"2026-08-14 03:37:15.334+00","Mining Ops Admin",
372,AMD61LC000N7G3C0A21QE0101,latest_status,"",Mining,"2026-08-14 03:37:15.334+00","Mining Ops Admin",
373,JYZZEABBCJEBB0FX9,location,"",13.9.3,"2026-08-14 03:37:15.334+00","Mining Ops Admin",
374,JYZZEABBCJEBB0FX9,latest_status,"",Mining,"2026-08-14 03:37:15.334+00","Mining Ops Admin",
375,JYZZEAABCJEBB0GEM,location,"",8.7.15,"2026-08-14 03:37:15.334+00","Mining Ops Admin",
376,JYZZEAABCJEBB0GEM,latest_status,"",Mining,"2026-08-14 03:37:15.334+00","Mining Ops Admin",
377,AME31LC000P4LGC0A26QG2101,location,"",27.6.13,"2026-08-14 03:37:15.334+00","Mining Ops Admin",
378,AME31LC000P4LGC0A26QG2101,latest_status,"",Mining,"2026-08-14 03:37:15.334+00","Mining Ops Admin",
379,AME31LC000P7Z6C0A26QG2702,location,"",30.2.16,"2026-08-14 03:37:15.334+00","Mining Ops Admin",
380,AME31LC000P7Z6C0A26QG2702,latest_status,"",Mining,"2026-08-14 03:37:15.334+00","Mining Ops Admin",
381,JYZZEAABCJFBH0SRF,location,"",4.10.8,"2026-08-14 03:37:15.334+00","Mining Ops Admin",
382,JYZZEAABCJFBH0SRF,latest_status,"",Mining,"2026-08-14 03:37:15.334+00","Mining Ops Admin",
383,JYZZEAABCJEBB0FD0,location,"",8.11.2,"2026-08-14 03:37:15.334+00","Mining Ops Admin",
384,JYZZEAABCJEBB0FD0,latest_status,"",Mining,"2026-08-14 03:37:15.334+00","Mining Ops Admin",
385,AME31LC000P4STC0A26QG2101,location,"",23.12.2,"2026-08-14 03:37:15.334+00","Mining Ops Admin",
386,AME31LC000P4STC0A26QG2101,latest_status,"",Mining,"2026-08-14 03:37:15.334+00","Mining Ops Admin",
387,AMD61LC000N79ZC0A21QE0101,location,"",18.11.15,"2026-08-14 03:37:15.334+00","Mining Ops Admin",
388,AMD61LC000N79ZC0A21QE0101,latest_status,"",Mining,"2026-08-14 03:37:15.334+00","Mining Ops Admin",
389,JYZZEAABBJIBH0024,location,"",35.12.7,"2026-08-14 03:37:15.334+00","Mining Ops Admin",
390,JYZZEAABBJIBH0024,latest_status,"",Mining,"2026-08-14 03:37:15.334+00","Mining Ops Admin",
391,AMD61LC000N73EC0A21QE0101,location,"",29.8.6,"2026-08-14 03:37:15.334+00","Mining Ops Admin",
392,AMD61LC000N73EC0A21QE0101,latest_status,"",Mining,"2026-08-14 03:37:15.334+00","Mining Ops Admin",
393,JYZZEAABCJEBB0D15,location,"",5.7.15,"2026-08-14 03:37:15.334+00","Mining Ops Admin",
394,JYZZEAABCJEBB0D15,latest_status,"",Mining,"2026-08-14 03:37:15.334+00","Mining Ops Admin",
395,AME31LC000P71XC0A26QG2503,location,"",28.6.9,"2026-08-14 03:37:15.334+00","Mining Ops Admin",
396,AME31LC000P71XC0A26QG2503,latest_status,"",Mining,"2026-08-14 03:37:15.334+00","Mining Ops Admin",
397,JYZZEAABCJEBB0G12,location,"",40.5.7,"2026-08-14 03:37:15.334+00","Mining Ops Admin",
398,JYZZEAABCJEBB0G12,latest_status,"",Mining,"2026-08-14 03:37:15.334+00","Mining Ops Admin",
399,JYZZEAABCJFBH0F5S,location,"",10.7.6,"2026-08-14 03:37:15.334+00","Mining Ops Admin",
400,JYZZEAABCJFBH0F5S,latest_status,"",Mining,"2026-08-14 03:37:15.334+00","Mining Ops Admin",
401,JYZZEAABCJEBB0M2W,location,"",5.4.6,"2026-08-14 03:37:15.334+00","Mining Ops Admin",
402,JYZZEAABCJEBB0M2W,latest_status,"",Mining,"2026-08-14 03:37:15.334+00","Mining Ops Admin",
403,AME31LC000P6VFC0A26QG2503,location,"",32.7.11,"2026-08-14 03:37:15.334+00","Mining Ops Admin",
404,AME31LC000P6VFC0A26QG2503,latest_status,"",Mining,"2026-08-14 03:37:15.334+00","Mining Ops Admin",
405,AME31LC000P4JEC0A26QG2101,location,"",17.1.6,"2026-08-14 03:37:15.334+00","Mining Ops Admin",
406,AME31LC000P4JEC0A26QG2101,latest_status,"",Mining,"2026-08-14 03:37:15.334+00","Mining Ops Admin",
407,AME31LC000P1QKC0A26QG1605,location,"",28.7.16,"2026-08-14 03:37:15.334+00","Mining Ops Admin",
408,AME31LC000P1QKC0A26QG1605,latest_status,"",Mining,"2026-08-14 03:37:15.334+00","Mining Ops Admin",
409,JYZZEAABCJEBB0CAB,location,"",4.11.5,"2026-08-14 03:37:15.334+00","Mining Ops Admin",
410,JYZZEAABCJEBB0CAB,latest_status,"",Mining,"2026-08-14 03:37:15.334+00","Mining Ops Admin",
411,JYZZEAABCJEBB0ERY,location,"",5.2.7,"2026-08-14 03:37:15.334+00","Mining Ops Admin",
412,JYZZEAABCJEBB0ERY,latest_status,"",Mining,"2026-08-14 03:37:15.334+00","Mining Ops Admin",
413,JYZZEAABCJEBB0F51,location,"",7.10.7,"2026-08-14 03:37:15.334+00","Mining Ops Admin",
414,JYZZEAABCJEBB0F51,latest_status,"",Mining,"2026-08-14 03:37:15.334+00","Mining Ops Admin",
415,JYZZEAABCJEBB0KN0,location,"",12.2.12,"2026-08-14 03:37:15.334+00","Mining Ops Admin",
416,JYZZEAABCJEBB0KN0,latest_status,"",Mining,"2026-08-14 03:37:15.334+00","Mining Ops Admin",
417,JYZZEAABCJEBB0CPP,location,"",WH1,"2026-08-14 03:37:15.334+00","Mining Ops Admin",
418,JYZZEAABCJEBB0CPP,latest_status,"",Consolidated,"2026-08-14 03:37:15.334+00","Mining Ops Admin",
419,JYZZEAABCJEBB0FJX,location,"",WH1,"2026-08-14 03:37:15.334+00","Mining Ops Admin",
420,JYZZEAABCJEBB0FJX,latest_status,"",Consolidated,"2026-08-14 03:37:15.334+00","Mining Ops Admin",
421,JYZZEAABCJFBH0PYG,location,"",WH1,"2026-08-14 03:37:15.334+00","Mining Ops Admin",
422,JYZZEAABCJFBH0PYG,latest_status,"","Antminer For Repair + 3 Bad Boards","2026-08-14 03:37:15.334+00","Mining Ops Admin",
423,JYZZEAABCJFBH0ZTV,location,"",WH1,"2026-08-14 03:37:15.334+00","Mining Ops Admin",
424,JYZZEAABCJFBH0ZTV,latest_status,"","Antminer For Repair + 3 Bad Boards","2026-08-14 03:37:15.334+00","Mining Ops Admin",
425,JYZZEAABCJHJH04B7,location,"",WH1,"2026-08-14 03:37:15.334+00","Mining Ops Admin",
426,JYZZEAABCJHJH04B7,latest_status,"","Antminer For Repair + 3 Bad Boards","2026-08-14 03:37:15.334+00","Mining Ops Admin",
427,JYZZEAABCJEBB0AA6,location,"",WH1,"2026-08-14 03:37:15.334+00","Mining Ops Admin",
428,JYZZEAABCJEBB0AA6,latest_status,"","Antminer For Repair + 3 Bad Boards","2026-08-14 03:37:15.334+00","Mining Ops Admin",
429,JYZZEAABCJEBB0BMP,location,"",WH1,"2026-08-14 03:37:15.334+00","Mining Ops Admin",
430,JYZZEAABCJEBB0BMP,latest_status,"","Antminer For Repair + 3 Bad Boards","2026-08-14 03:37:15.334+00","Mining Ops Admin",
431,JYZZEAABCJEBB0212,location,"",WH1,"2026-08-14 03:37:15.334+00","Mining Ops Admin",
432,JYZZEAABCJEBB0212,latest_status,"",Consolidated,"2026-08-14 03:37:15.334+00","Mining Ops Admin",
433,JYZZEAABCJEBB0N67,location,"",WH1,"2026-08-14 03:37:15.334+00","Mining Ops Admin",
434,JYZZEAABCJEBB0N67,latest_status,"","Antminer For Repair + 3 Bad Boards","2026-08-14 03:37:15.334+00","Mining Ops Admin",
435,JYZZEAABCJEBB0FYJ,location,"",WH1,"2026-08-14 03:37:15.334+00","Mining Ops Admin",
436,JYZZEAABCJEBB0FYJ,latest_status,"",Consolidated,"2026-08-14 03:37:15.334+00","Mining Ops Admin",
437,JYZZEAABCJEBB0AY3,location,"",WH1,"2026-08-14 03:37:15.334+00","Mining Ops Admin",
438,JYZZEAABCJEBB0AY3,latest_status,"","For Diagnosis","2026-08-14 03:37:15.334+00","Mining Ops Admin",
439,JYZZEAABCJEBB0GHW,location,"",WH1,"2026-08-14 03:37:15.334+00","Mining Ops Admin",
440,JYZZEAABCJEBB0GHW,latest_status,"",Consolidated,"2026-08-14 03:37:15.334+00","Mining Ops Admin",
441,NGSBEAABCJEJD0231,location,"",WH1,"2026-08-14 03:37:15.334+00","Mining Ops Admin",
442,NGSBEAABCJEJD0231,latest_status,"",Consolidated,"2026-08-14 03:37:15.334+00","Mining Ops Admin",
443,NGSBEAABCJEJD02ZL,location,"",WH1,"2026-08-14 03:37:15.334+00","Mining Ops Admin",
444,NGSBEAABCJEJD02ZL,latest_status,"",Consolidated,"2026-08-14 03:37:15.334+00","Mining Ops Admin",
445,SMTTEABBBAAJC00BK,location,"",WH1,"2026-08-14 03:37:15.334+00","Mining Ops Admin",
446,SMTTEABBBAAJC00BK,latest_status,"","For Diagnosis","2026-08-14 03:37:15.334+00","Mining Ops Admin",
447,JYZZEABBCJEBB0NDT,location,"",WH1,"2026-08-14 03:37:15.334+00","Mining Ops Admin",
448,JYZZEABBCJEBB0NDT,latest_status,"","For Diagnosis","2026-08-14 03:37:15.334+00","Mining Ops Admin",
449,JYZZEAABCJEBB0EVZ,location,"",WH1,"2026-08-14 03:37:15.334+00","Mining Ops Admin",
450,JYZZEAABCJEBB0EVZ,latest_status,"","For Diagnosis","2026-08-14 03:37:15.334+00","Mining Ops Admin",
451,NGSBEAABCJDAA0AG7,location,"",WH1,"2026-08-14 03:37:15.334+00","Mining Ops Admin",
452,NGSBEAABCJDAA0AG7,latest_status,"","Antminer For Repair + 3 Bad Boards","2026-08-14 03:37:15.334+00","Mining Ops Admin",
453,NGSBEAABCJDAA0AHE,location,"",WH1,"2026-08-14 03:37:15.334+00","Mining Ops Admin",
454,NGSBEAABCJDAA0AHE,latest_status,"","For Diagnosis","2026-08-14 03:37:15.334+00","Mining Ops Admin",
455,JYZZEAABCJFBH0SGZ,location,"",WH1,"2026-08-14 03:37:15.334+00","Mining Ops Admin",
456,JYZZEAABCJFBH0SGZ,latest_status,"",Consolidated,"2026-08-14 03:37:15.334+00","Mining Ops Admin",
457,JYZZEAABCJEBB0HK1,location,"",WH1,"2026-08-14 03:37:15.334+00","Mining Ops Admin",
458,JYZZEAABCJEBB0HK1,latest_status,"","Antminer For Repair + 3 Bad Boards","2026-08-14 03:37:15.334+00","Mining Ops Admin",
459,JYZZEAABCJEBB0BDG,location,"",WH1,"2026-08-14 03:37:15.334+00","Mining Ops Admin",
460,JYZZEAABCJEBB0BDG,latest_status,"","Antminer For Repair + 3 Bad Boards","2026-08-14 03:37:15.334+00","Mining Ops Admin",
461,JYZZEAABCJEBB0B3T,location,"",WH1,"2026-08-14 03:37:15.334+00","Mining Ops Admin",
462,JYZZEAABCJEBB0B3T,latest_status,"",Consolidated,"2026-08-14 03:37:15.334+00","Mining Ops Admin",
463,JYZZEAABCJEBB0L91,location,"",WH1,"2026-08-14 03:37:15.334+00","Mining Ops Admin",
464,JYZZEAABCJEBB0L91,latest_status,"",Consolidated,"2026-08-14 03:37:15.334+00","Mining Ops Admin",
465,JYZZEABBCJEBB0KAE,location,"",WH1,"2026-08-14 03:37:15.334+00","Mining Ops Admin",
466,JYZZEABBCJEBB0KAE,latest_status,"","Antminer For Repair + 3 Bad Boards","2026-08-14 03:37:15.334+00","Mining Ops Admin",
467,JYZZEAABCJEBB0H1B,location,"",WH1,"2026-08-14 03:37:15.334+00","Mining Ops Admin",
468,JYZZEAABCJEBB0H1B,latest_status,"",Consolidated,"2026-08-14 03:37:15.334+00","Mining Ops Admin",
469,JYZZEAABCJEBB0F2Y,location,"",WH1,"2026-08-14 03:37:15.334+00","Mining Ops Admin",
470,JYZZEAABCJEBB0F2Y,latest_status,"","Antminer For Repair + 3 Bad Boards","2026-08-14 03:37:15.334+00","Mining Ops Admin",
471,JYZZEAABCJEBB0FYR,location,"",WH1,"2026-08-14 03:37:15.334+00","Mining Ops Admin",
472,JYZZEAABCJEBB0FYR,latest_status,"",Consolidated,"2026-08-14 03:37:15.334+00","Mining Ops Admin",
473,JYZZEAABCJEBB0HVK,location,"",WH1,"2026-08-14 03:37:15.334+00","Mining Ops Admin",
474,JYZZEAABCJEBB0HVK,latest_status,"","Antminer For Repair + 3 Bad Boards","2026-08-14 03:37:15.334+00","Mining Ops Admin",
475,NGSBEAABCJDAA0B2A,location,"",WH1,"2026-08-14 03:37:15.334+00","Mining Ops Admin",
476,NGSBEAABCJDAA0B2A,latest_status,"","Antminer For Repair + 3 Bad Boards","2026-08-14 03:37:15.334+00","Mining Ops Admin",
477,NGSBEAABCJEJD01EV,location,"",WH1,"2026-08-14 03:37:15.334+00","Mining Ops Admin",
478,NGSBEAABCJEJD01EV,latest_status,"",Consolidated,"2026-08-14 03:37:15.334+00","Mining Ops Admin",
479,JYZZEAABCJBBG00W8,location,"",WH1,"2026-08-14 03:37:15.334+00","Mining Ops Admin",
480,JYZZEAABCJBBG00W8,latest_status,"",Consolidated,"2026-08-14 03:37:15.334+00","Mining Ops Admin",
481,JYZZEABBCJFBH0DN9,location,"",WH1,"2026-08-14 03:37:15.334+00","Mining Ops Admin",
482,JYZZEABBCJFBH0DN9,latest_status,"",Consolidated,"2026-08-14 03:37:15.334+00","Mining Ops Admin",
483,JYZZEABBCJFBH0ABB,location,"",WH1,"2026-08-14 03:37:15.334+00","Mining Ops Admin",
484,JYZZEABBCJFBH0ABB,latest_status,"","Antminer For Repair + 3 Bad Boards","2026-08-14 03:37:15.334+00","Mining Ops Admin",
485,JYZZEAABCJEBB0HSM,location,"",WH1,"2026-08-14 03:37:15.334+00","Mining Ops Admin",
486,JYZZEAABCJEBB0HSM,latest_status,"","Antminer For Repair + 3 Bad Boards","2026-08-14 03:37:15.334+00","Mining Ops Admin",
487,JYZZEAABCJEBB024P,location,"",WH1,"2026-08-14 03:37:15.334+00","Mining Ops Admin",
488,JYZZEAABCJEBB024P,latest_status,"",Consolidated,"2026-08-14 03:37:15.334+00","Mining Ops Admin",
489,JYZZEAABCJFBH0FAV,location,"",WH1,"2026-08-14 03:37:15.334+00","Mining Ops Admin",
490,JYZZEAABCJFBH0FAV,latest_status,"","Antminer For Repair + 3 Bad Boards","2026-08-14 03:37:15.334+00","Mining Ops Admin",
491,JYZZEAABCJEBB0GAS,location,"",WH1,"2026-08-14 03:37:15.334+00","Mining Ops Admin",
492,JYZZEAABCJEBB0GAS,latest_status,"",Consolidated,"2026-08-14 03:37:15.334+00","Mining Ops Admin",
493,JYZZEAABCJEBB0FPG,location,"",WH1,"2026-08-14 03:37:15.334+00","Mining Ops Admin",
494,JYZZEAABCJEBB0FPG,latest_status,"","Antminer For Repair + 3 Bad Boards","2026-08-14 03:37:15.334+00","Mining Ops Admin",
495,JYZZEAABCJFBH0CYR,location,"",WH1,"2026-08-14 03:37:15.334+00","Mining Ops Admin",
496,JYZZEAABCJFBH0CYR,latest_status,"","Antminer For Repair + 3 Bad Boards","2026-08-14 03:37:15.334+00","Mining Ops Admin",
497,AME31LC000MTNTC0A26QC0204,location,"",WH1,"2026-08-14 03:37:15.334+00","Mining Ops Admin",
498,AME31LC000MTNTC0A26QC0204,latest_status,"","Ava - For Repair","2026-08-14 03:37:15.334+00","Mining Ops Admin",
499,JYZZEAABCJEBB0K83,location,"",WH1,"2026-08-14 03:37:15.334+00","Mining Ops Admin",
500,JYZZEAABCJEBB0K83,latest_status,"","For Diagnosis","2026-08-14 03:37:15.334+00","Mining Ops Admin",
501,JYZZEAABCJEBB0FL6,location,"",WH1,"2026-08-14 03:37:15.334+00","Mining Ops Admin",
502,JYZZEAABCJEBB0FL6,latest_status,"",Consolidated,"2026-08-14 03:37:15.334+00","Mining Ops Admin",
503,AME31LC000P38HC0A26QG2001,location,"",WH1,"2026-08-14 03:37:15.334+00","Mining Ops Admin",
504,AME31LC000P38HC0A26QG2001,latest_status,"","Ava - For Repair","2026-08-14 03:37:15.334+00","Mining Ops Admin",
505,JYZZEAABCJEBB0L0T,location,"",WH1,"2026-08-14 03:37:15.334+00","Mining Ops Admin",
506,JYZZEAABCJEBB0L0T,latest_status,"",Consolidated,"2026-08-14 03:37:15.334+00","Mining Ops Admin",
507,JYZZEAABCJFBH0KAR,location,"",WH1,"2026-08-14 03:37:15.334+00","Mining Ops Admin",
508,JYZZEAABCJFBH0KAR,latest_status,"",Consolidated,"2026-08-14 03:37:15.334+00","Mining Ops Admin",
509,AME31LC000P239C0A26QG1801,location,"",WH1,"2026-08-14 03:37:15.334+00","Mining Ops Admin",
510,AME31LC000P239C0A26QG1801,latest_status,"","Ava - For Repair","2026-08-14 03:37:15.334+00","Mining Ops Admin",
511,JYZZEAABCJEBB0GHJ,location,"",WH1,"2026-08-14 03:37:15.334+00","Mining Ops Admin",
512,JYZZEAABCJEBB0GHJ,latest_status,"","Antminer For Repair + 3 Bad Boards","2026-08-14 03:37:15.334+00","Mining Ops Admin",
513,JYZZEAABCJEBB0KMB,location,"",WH1,"2026-08-14 03:37:15.334+00","Mining Ops Admin",
514,JYZZEAABCJEBB0KMB,latest_status,"","Antminer For Repair + 3 Bad Boards","2026-08-14 03:37:15.334+00","Mining Ops Admin",
515,JYZZEAABCJEBB0RN4,location,"",WH1,"2026-08-14 03:37:15.334+00","Mining Ops Admin",
516,JYZZEAABCJEBB0RN4,latest_status,"",Consolidated,"2026-08-14 03:37:15.334+00","Mining Ops Admin",
517,JYZZEAABCJEBB0KJJ,location,"",WH1,"2026-08-14 03:37:15.334+00","Mining Ops Admin",
518,JYZZEAABCJEBB0KJJ,latest_status,"","Antminer For Repair + 3 Bad Boards","2026-08-14 03:37:15.334+00","Mining Ops Admin",
519,AME31LC000P4NXC0A26QG2101,location,"",WH1,"2026-08-14 03:37:15.334+00","Mining Ops Admin",
520,AME31LC000P4NXC0A26QG2101,latest_status,"","Ava - For Repair","2026-08-14 03:37:15.334+00","Mining Ops Admin",
521,JYZZEAABCJEBB0FY2,location,"",WH1,"2026-08-14 03:37:15.334+00","Mining Ops Admin",
522,JYZZEAABCJEBB0FY2,latest_status,"","Antminer For Repair + 3 Bad Boards","2026-08-14 03:37:15.334+00","Mining Ops Admin",
523,JYZZEAABCJEBB0KJ2,location,"",WH1,"2026-08-14 03:37:15.334+00","Mining Ops Admin",
524,JYZZEAABCJEBB0KJ2,latest_status,"","Antminer For Repair + 3 Bad Boards","2026-08-14 03:37:15.334+00","Mining Ops Admin",
525,JYZZEAABCJEBB0HX3,location,"",WH1,"2026-08-14 03:37:15.334+00","Mining Ops Admin",
526,JYZZEAABCJEBB0HX3,latest_status,"","Antminer For Repair + 3 Bad Boards","2026-08-14 03:37:15.334+00","Mining Ops Admin",
527,JYZZEAABCJCBE020V,location,"",WH1,"2026-08-14 03:37:15.334+00","Mining Ops Admin",
528,JYZZEAABCJCBE020V,latest_status,"","Antminer For Repair + 3 Bad Boards","2026-08-14 03:37:15.334+00","Mining Ops Admin",
529,JYZZEAABCJEBB0GLG,location,"",WH1,"2026-08-14 03:37:15.334+00","Mining Ops Admin",
530,JYZZEAABCJEBB0GLG,latest_status,"","Antminer For Repair + 3 Bad Boards","2026-08-14 03:37:15.334+00","Mining Ops Admin",
531,JYZZEAABCJEBB0H4M,location,"",WH1,"2026-08-14 03:37:15.334+00","Mining Ops Admin",
532,JYZZEAABCJEBB0H4M,latest_status,"","Antminer For Repair + 3 Bad Boards","2026-08-14 03:37:15.334+00","Mining Ops Admin",
533,JYZZEABBCJEBB0JZ4,location,"",WH1,"2026-08-14 03:37:15.334+00","Mining Ops Admin",
534,JYZZEABBCJEBB0JZ4,latest_status,"","Antminer For Repair + 3 Bad Boards","2026-08-14 03:37:15.334+00","Mining Ops Admin",
535,JYZZEAABCJEBB0G1C,location,"",WH1,"2026-08-14 03:37:15.334+00","Mining Ops Admin",
536,JYZZEAABCJEBB0G1C,latest_status,"","Antminer For Repair + 3 Bad Boards","2026-08-14 03:37:15.334+00","Mining Ops Admin",
537,JYZZEAABCJEBB0FBV,location,"",WH1,"2026-08-14 03:37:15.334+00","Mining Ops Admin",
538,JYZZEAABCJEBB0FBV,latest_status,"",Consolidated,"2026-08-14 03:37:15.334+00","Mining Ops Admin",
539,JYZZEABBCJFBH0DTC,location,"",WH1,"2026-08-14 03:37:15.334+00","Mining Ops Admin",
540,JYZZEABBCJFBH0DTC,latest_status,"",Consolidated,"2026-08-14 03:37:15.334+00","Mining Ops Admin",
541,AME31LC000P1NRC0A26QG1605,location,"",WH1,"2026-08-14 03:37:15.334+00","Mining Ops Admin",
542,AME31LC000P1NRC0A26QG1605,latest_status,"","Ava - For Repair","2026-08-14 03:37:15.334+00","Mining Ops Admin",
543,JYZZEAABCJDBI006D,location,"",WH1,"2026-08-14 03:37:15.334+00","Mining Ops Admin",
544,JYZZEAABCJDBI006D,latest_status,"","Antminer For Repair + 3 Bad Boards","2026-08-14 03:37:15.334+00","Mining Ops Admin",
545,JYZZEAABCJEBB0GH4,location,"",WH1,"2026-08-14 03:37:15.334+00","Mining Ops Admin",
546,JYZZEAABCJEBB0GH4,latest_status,"","Antminer For Repair + 3 Bad Boards","2026-08-14 03:37:15.334+00","Mining Ops Admin",
547,JYZZEAABCJEBB0GGD,location,"",WH1,"2026-08-14 03:37:15.334+00","Mining Ops Admin",
548,JYZZEAABCJEBB0GGD,latest_status,"","Antminer For Repair + 3 Bad Boards","2026-08-14 03:37:15.334+00","Mining Ops Admin",
549,AME31LC000P4TGC0A26QG2101,location,"",WH1,"2026-08-14 03:37:15.334+00","Mining Ops Admin",
550,AME31LC000P4TGC0A26QG2101,latest_status,"","Ava - For Repair","2026-08-14 03:37:15.334+00","Mining Ops Admin",
551,JYZZEAABCJEBB0X2R,location,"",WH1,"2026-08-14 03:37:15.334+00","Mining Ops Admin",
552,JYZZEAABCJEBB0X2R,latest_status,"","Antminer For Repair + 3 Bad Boards","2026-08-14 03:37:15.334+00","Mining Ops Admin",
553,AME31LC000P3MLC0A26QG2001,location,"",WH1,"2026-08-14 03:37:15.334+00","Mining Ops Admin",
554,AME31LC000P3MLC0A26QG2001,latest_status,"","Ava - For Repair","2026-08-14 03:37:15.334+00","Mining Ops Admin",
555,JYZZEAABCJEBB0HLC,location,"",WH1,"2026-08-14 03:37:15.334+00","Mining Ops Admin",
556,JYZZEAABCJEBB0HLC,latest_status,"","Antminer For Repair + 3 Bad Boards","2026-08-14 03:37:15.334+00","Mining Ops Admin",
557,JYZZEAABCJBBG00WM,location,"",WH1,"2026-08-14 03:37:15.334+00","Mining Ops Admin",
558,JYZZEAABCJBBG00WM,latest_status,"","For Diagnosis","2026-08-14 03:37:15.334+00","Mining Ops Admin",
559,AME31LC000P3BKC0A26QG2001,location,"",WH1,"2026-08-14 03:37:15.334+00","Mining Ops Admin",
560,AME31LC000P3BKC0A26QG2001,latest_status,"","Ava - For Repair","2026-08-14 03:37:15.334+00","Mining Ops Admin",
561,AMD61LC000N787C0A21QE0101,location,"",WH1,"2026-08-14 03:37:15.335+00","Mining Ops Admin",
562,AMD61LC000N787C0A21QE0101,latest_status,"","Ava - For Repair","2026-08-14 03:37:15.335+00","Mining Ops Admin",
563,AMD61LC000N9R8C0A21QE0102,location,"",WH1,"2026-08-14 03:37:15.335+00","Mining Ops Admin",
564,AMD61LC000N9R8C0A21QE0102,latest_status,"","Ava - For Repair","2026-08-14 03:37:15.335+00","Mining Ops Admin",
565,JYZZEAABCJEBB0B43,location,"",WH1,"2026-08-14 03:37:15.335+00","Mining Ops Admin",
566,JYZZEAABCJEBB0B43,latest_status,"","Antminer For Repair + 3 Bad Boards","2026-08-14 03:37:15.335+00","Mining Ops Admin",
567,AME31LC000PVG2C0A27QL1305,location,"",WH1,"2026-08-14 03:37:15.335+00","Mining Ops Admin",
568,AME31LC000PVG2C0A27QL1305,latest_status,"","Ava - For Repair","2026-08-14 03:37:15.335+00","Mining Ops Admin",
569,AMD61LC000L5SQC0A21SQ1001,location,"",WH1,"2026-08-14 03:37:15.335+00","Mining Ops Admin",
570,AMD61LC000L5SQC0A21SQ1001,latest_status,"","Ava - For Repair","2026-08-14 03:37:15.335+00","Mining Ops Admin",
571,JYZZEAABCJEBB0KL8,location,"",WH1,"2026-08-14 03:37:15.335+00","Mining Ops Admin",
572,JYZZEAABCJEBB0KL8,latest_status,"","Antminer For Repair + 3 Bad Boards","2026-08-14 03:37:15.335+00","Mining Ops Admin",
573,AMD61LC000N7E4C0A21QE0101,location,"",WH1,"2026-08-14 03:37:15.335+00","Mining Ops Admin",
574,AMD61LC000N7E4C0A21QE0101,latest_status,"","Ava - For Repair","2026-08-14 03:37:15.335+00","Mining Ops Admin",
575,JYZZEAABCJEBB0C06,location,"",WH1,"2026-08-14 03:37:15.335+00","Mining Ops Admin",
576,JYZZEAABCJEBB0C06,latest_status,"",Consolidated,"2026-08-14 03:37:15.335+00","Mining Ops Admin",
577,AME31LC000P71VC0A26QG2503,location,"",WH1,"2026-08-14 03:37:15.335+00","Mining Ops Admin",
578,AME31LC000P71VC0A26QG2503,latest_status,"","Ava - For Repair","2026-08-14 03:37:15.335+00","Mining Ops Admin",
579,AME31LC000P34GC0A26QG1901,location,"",WH1,"2026-08-14 03:37:15.335+00","Mining Ops Admin",
580,AME31LC000P34GC0A26QG1901,latest_status,"","Ava - For Repair","2026-08-14 03:37:15.335+00","Mining Ops Admin",
581,AMD61LC000N7BMC0A21QE0101,location,"",WH1,"2026-08-14 03:37:15.335+00","Mining Ops Admin",
582,AMD61LC000N7BMC0A21QE0101,latest_status,"","Ava - For Repair","2026-08-14 03:37:15.335+00","Mining Ops Admin",
583,AME31LC000P2UCC0A26QG1901,location,"",WH1,"2026-08-14 03:37:15.335+00","Mining Ops Admin",
584,AME31LC000P2UCC0A26QG1901,latest_status,"","Ava - For Repair","2026-08-14 03:37:15.335+00","Mining Ops Admin",
585,AMD61L0000HQNBC2A21SE1702,location,"",WH1,"2026-08-14 03:37:15.335+00","Mining Ops Admin",
586,AMD61L0000HQNBC2A21SE1702,latest_status,"","Ava - For Repair","2026-08-14 03:37:15.335+00","Mining Ops Admin",
587,AME31LC000P24BC0A26QG1801,location,"",WH1,"2026-08-14 03:37:15.335+00","Mining Ops Admin",
588,AME31LC000P24BC0A26QG1801,latest_status,"","Ava - For Repair","2026-08-14 03:37:15.335+00","Mining Ops Admin",
589,JYZZEAABCJBBG016M,location,"",WH1,"2026-08-14 03:37:15.335+00","Mining Ops Admin",
590,JYZZEAABCJBBG016M,latest_status,"","Antminer For Repair + 3 Bad Boards","2026-08-14 03:37:15.335+00","Mining Ops Admin",
591,JYZZEAABCJEBB0D1G,location,"",13.3.14,"2026-08-14 03:37:15.335+00","Mining Ops Admin",
592,JYZZEAABCJEBB0D1G,latest_status,"",Mining,"2026-08-14 03:37:15.335+00","Mining Ops Admin",
593,AMD61LC000L365C2A21SN2403,location,"",WH1,"2026-08-14 03:37:15.335+00","Mining Ops Admin",
594,AMD61LC000L365C2A21SN2403,latest_status,"","Ava - For Repair","2026-08-14 03:37:15.335+00","Mining Ops Admin",
595,JYZZEAABCJEBB0BKZ,location,"",8.4.16,"2026-08-14 03:37:15.335+00","Mining Ops Admin",
596,JYZZEAABCJEBB0BKZ,latest_status,"",Mining,"2026-08-14 03:37:15.335+00","Mining Ops Admin",
597,AME31LC000P388C0A26QG2001,location,"",28.1.13,"2026-08-14 03:37:15.335+00","Mining Ops Admin",
598,AME31LC000P388C0A26QG2001,latest_status,"",Mining,"2026-08-14 03:37:15.335+00","Mining Ops Admin",
599,AME31LC000P6RXC0A26QG2503,location,"",WH1,"2026-08-14 03:37:15.335+00","Mining Ops Admin",
600,AME31LC000P6RXC0A26QG2503,latest_status,"","Ava - For Repair","2026-08-14 03:37:15.335+00","Mining Ops Admin",
601,JYZZEAABCJEBB08KC,location,"",36.7.16,"2026-08-14 03:37:15.335+00","Mining Ops Admin",
602,JYZZEAABCJEBB08KC,latest_status,"",Mining,"2026-08-14 03:37:15.335+00","Mining Ops Admin",
603,AME31LC000P3JYC0A26QG2001,location,"",30.7.7,"2026-08-14 03:37:15.335+00","Mining Ops Admin",
604,AME31LC000P3JYC0A26QG2001,latest_status,"",Mining,"2026-08-14 03:37:15.335+00","Mining Ops Admin",
605,JYZZEAABCJEBB0LVC,location,"",9.5.16,"2026-08-14 03:37:15.335+00","Mining Ops Admin",
606,JYZZEAABCJEBB0LVC,latest_status,"",Mining,"2026-08-14 03:37:15.335+00","Mining Ops Admin",
607,AME31LC000P39NC0A26QG2001,location,"",17.1.3,"2026-08-14 03:37:15.335+00","Mining Ops Admin",
608,AME31LC000P39NC0A26QG2001,latest_status,"",Mining,"2026-08-14 03:37:15.335+00","Mining Ops Admin",
609,JYZZEAABCJEBB0E4P,location,"",44.11.6,"2026-08-14 03:37:15.335+00","Mining Ops Admin",
610,JYZZEAABCJEBB0E4P,latest_status,"",Mining,"2026-08-14 03:37:15.335+00","Mining Ops Admin",
611,AME31LC000P4MXC0A26QG2101,location,"",16.5.14,"2026-08-14 03:37:15.335+00","Mining Ops Admin",
612,AME31LC000P4MXC0A26QG2101,latest_status,"",Mining,"2026-08-14 03:37:15.335+00","Mining Ops Admin",
613,AMD61LC000N733C0A21QE0101,location,"",WH1,"2026-08-14 03:37:15.335+00","Mining Ops Admin",
614,AMD61LC000N733C0A21QE0101,latest_status,"","Ava - For Repair","2026-08-14 03:37:15.335+00","Mining Ops Admin",
615,JYZZEAABCJEBB0BMN,location,"",4.4.7,"2026-08-14 03:37:15.335+00","Mining Ops Admin",
616,JYZZEAABCJEBB0BMN,latest_status,"",Mining,"2026-08-14 03:37:15.335+00","Mining Ops Admin",
617,AME31LC000P3C9C0A26QG2001,location,"",29.1.4,"2026-08-14 03:37:15.335+00","Mining Ops Admin",
618,AME31LC000P3C9C0A26QG2001,latest_status,"",Mining,"2026-08-14 03:37:15.335+00","Mining Ops Admin",
619,AMD61LC000N74KC0A21QE0101,location,"",28.8.8,"2026-08-14 03:37:15.335+00","Mining Ops Admin",
620,AMD61LC000N74KC0A21QE0101,latest_status,"",Mining,"2026-08-14 03:37:15.335+00","Mining Ops Admin",
621,AMD61LC000L37XC2A21SN2403,location,"",WH1,"2026-08-14 03:37:15.335+00","Mining Ops Admin",
622,AMD61LC000L37XC2A21SN2403,latest_status,"","Ava - For Repair","2026-08-14 03:37:15.335+00","Mining Ops Admin",
623,JYZZEAABCJEBB0ERX,location,"",39.9.16,"2026-08-14 03:37:15.335+00","Mining Ops Admin",
624,JYZZEAABCJEBB0ERX,latest_status,"",Mining,"2026-08-14 03:37:15.335+00","Mining Ops Admin",
625,AME31LC000P764C0A26QG2503,location,"",WH1,"2026-08-14 03:37:15.335+00","Mining Ops Admin",
626,AME31LC000P764C0A26QG2503,latest_status,"","Ava - For Repair","2026-08-14 03:37:15.335+00","Mining Ops Admin",
627,JYZZEAABCJEBB0FJL,location,"",10.3.11,"2026-08-14 03:37:15.335+00","Mining Ops Admin",
628,JYZZEAABCJEBB0FJL,latest_status,"",Mining,"2026-08-14 03:37:15.335+00","Mining Ops Admin",
629,JYZZEABBCJEBB0AW7,location,"",1.4.1,"2026-08-14 03:37:15.335+00","Mining Ops Admin",
630,JYZZEABBCJEBB0AW7,latest_status,"",Mining,"2026-08-14 03:37:15.335+00","Mining Ops Admin",
631,JYZZEAABCJEBB0FYW,location,"",4.6.8,"2026-08-14 03:37:15.335+00","Mining Ops Admin",
632,JYZZEAABCJEBB0FYW,latest_status,"",Mining,"2026-08-14 03:37:15.335+00","Mining Ops Admin",
633,JYZZEAABCJEBB0MKL,location,"",9.2.14,"2026-08-14 03:37:15.335+00","Mining Ops Admin",
634,JYZZEAABCJEBB0MKL,latest_status,"",Mining,"2026-08-14 03:37:15.335+00","Mining Ops Admin",
635,JYZZEAABCJEBB0BJ0,location,"",3.4.7,"2026-08-14 03:37:15.335+00","Mining Ops Admin",
636,JYZZEAABCJEBB0BJ0,latest_status,"",Mining,"2026-08-14 03:37:15.335+00","Mining Ops Admin",
637,AME31LC000P1MRC0A26QG1605,location,"",WH1,"2026-08-14 03:37:15.335+00","Mining Ops Admin",
638,AME31LC000P1MRC0A26QG1605,latest_status,"","Ava - For Repair","2026-08-14 03:37:15.335+00","Mining Ops Admin",
639,JYZZEAABCJEBB0ATW,location,"",10.1.8,"2026-08-14 03:37:15.335+00","Mining Ops Admin",
640,JYZZEAABCJEBB0ATW,latest_status,"",Mining,"2026-08-14 03:37:15.335+00","Mining Ops Admin",
641,JYZZEAABCJEBB0F60,location,"",WH1,"2026-08-14 03:37:15.335+00","Mining Ops Admin",
642,JYZZEAABCJEBB0F60,latest_status,"","Antminer For Repair + 3 Bad Boards","2026-08-14 03:37:15.335+00","Mining Ops Admin",
643,JYZZEAABCJEBB0L7L,location,"",WH1,"2026-08-14 03:37:15.335+00","Mining Ops Admin",
644,JYZZEAABCJEBB0L7L,latest_status,"","Antminer For Repair + 3 Bad Boards","2026-08-14 03:37:15.335+00","Mining Ops Admin",
645,JYZZEAABCJEBB0GNP,location,"",WH1,"2026-08-14 03:37:15.335+00","Mining Ops Admin",
646,JYZZEAABCJEBB0GNP,latest_status,"","Antminer For Repair + 3 Bad Boards","2026-08-14 03:37:15.335+00","Mining Ops Admin",
647,JYZZEAABCJEBB0J2K,location,"",WH1,"2026-08-14 03:37:15.335+00","Mining Ops Admin",
648,JYZZEAABCJEBB0J2K,latest_status,"","Antminer For Repair + 3 Bad Boards","2026-08-14 03:37:15.335+00","Mining Ops Admin",
649,JYZZEAABCJEBB0J1A,location,"",WH1,"2026-08-14 03:37:15.335+00","Mining Ops Admin",
650,JYZZEAABCJEBB0J1A,latest_status,"","Antminer For Repair + 3 Bad Boards","2026-08-14 03:37:15.335+00","Mining Ops Admin",
651,JYZZEAABCJEBB0N0G,location,"",WH1,"2026-08-14 03:37:15.335+00","Mining Ops Admin",
652,JYZZEAABCJEBB0N0G,latest_status,"","Antminer For Repair + 3 Bad Boards","2026-08-14 03:37:15.335+00","Mining Ops Admin",
653,JYZZEAABCJFBH084S,location,"",WH1,"2026-08-14 03:37:15.335+00","Mining Ops Admin",
654,JYZZEAABCJFBH084S,latest_status,"","Antminer For Repair + 3 Bad Boards","2026-08-14 03:37:15.335+00","Mining Ops Admin",
655,JYZZEAABCJEBB0GYT,location,"",WH1,"2026-08-14 03:37:15.335+00","Mining Ops Admin",
656,JYZZEAABCJEBB0GYT,latest_status,"","Antminer For Repair + 3 Bad Boards","2026-08-14 03:37:15.335+00","Mining Ops Admin",
657,JYZZEAABCJEBB0D8W,location,"",WH1,"2026-08-14 03:37:15.335+00","Mining Ops Admin",
658,JYZZEAABCJEBB0D8W,latest_status,"","Antminer For Repair + 3 Bad Boards","2026-08-14 03:37:15.335+00","Mining Ops Admin",
659,JYZZEAABCJEBB0MKR,location,"",WH1,"2026-08-14 03:37:15.335+00","Mining Ops Admin",
660,JYZZEAABCJEBB0MKR,latest_status,"","Antminer For Repair + 3 Bad Boards","2026-08-14 03:37:15.335+00","Mining Ops Admin",
661,JYZZEAABCJEBB0BTE,location,"",WH1,"2026-08-14 03:37:15.335+00","Mining Ops Admin",
662,JYZZEAABCJEBB0BTE,latest_status,"","Antminer For Repair + 3 Bad Boards","2026-08-14 03:37:15.335+00","Mining Ops Admin",
663,JYZZEABBCJEBB0VB4,location,"",WH2,"2026-08-14 03:37:15.335+00","Mining Ops Admin",
664,JYZZEABBCJEBB0VB4,latest_status,"",Consolidated,"2026-08-14 03:37:15.335+00","Mining Ops Admin",
665,JYZZEAABCJFBH0D4F,location,"",WH1,"2026-08-14 03:37:15.335+00","Mining Ops Admin",
666,JYZZEAABCJFBH0D4F,latest_status,"","Antminer For Repair + 3 Bad Boards","2026-08-14 03:37:15.335+00","Mining Ops Admin",
667,DGAHGBBBEJDAD00WX,location,"","MadZ DC","2026-08-14 03:37:15.335+00","Mining Ops Admin",
668,DGAHGBBBEJDAD00WX,latest_status,"","Faulty + Repair","2026-08-14 03:37:15.335+00","Mining Ops Admin",
669,SMTTEABBCJEJI025V,location,"",34.5.9,"2026-08-14 03:37:15.335+00","Mining Ops Admin",
670,SMTTEABBCJEJI025V,latest_status,"",Mining,"2026-08-14 03:37:15.335+00","Mining Ops Admin",
671,JYZZEAABCJEBB0JDD,location,"",4.2.10,"2026-08-14 03:37:15.335+00","Mining Ops Admin",
672,JYZZEAABCJEBB0JDD,latest_status,"",Mining,"2026-08-14 03:37:15.335+00","Mining Ops Admin",
673,JYZZEAABCJBBG00SD,location,"",4.12.12,"2026-08-14 03:37:15.335+00","Mining Ops Admin",
674,JYZZEAABCJBBG00SD,latest_status,"",Mining,"2026-08-14 03:37:15.335+00","Mining Ops Admin",
675,JYZZEABBCJFBH0DV1,location,"",3.2.10,"2026-08-14 03:37:15.335+00","Mining Ops Admin",
676,JYZZEABBCJFBH0DV1,latest_status,"",Mining,"2026-08-14 03:37:15.335+00","Mining Ops Admin",
677,NGSBEAABCJDAA0BDV,location,"",28.10.9,"2026-08-14 03:37:15.335+00","Mining Ops Admin",
678,NGSBEAABCJDAA0BDV,latest_status,"",Mining,"2026-08-14 03:37:15.335+00","Mining Ops Admin",
679,NGSBEAABCJEJD01SF,location,"",39.5.8,"2026-08-14 03:37:15.335+00","Mining Ops Admin",
680,NGSBEAABCJEJD01SF,latest_status,"",Mining,"2026-08-14 03:37:15.335+00","Mining Ops Admin",
681,NGSBEAABCJDAA0AZE,location,"",32.4.13,"2026-08-14 03:37:15.335+00","Mining Ops Admin",
682,NGSBEAABCJDAA0AZE,latest_status,"",Mining,"2026-08-14 03:37:15.335+00","Mining Ops Admin",
683,SMTTEABBCJEJI01ZH,location,"",7.5.4,"2026-08-14 03:37:15.335+00","Mining Ops Admin",
684,SMTTEABBCJEJI01ZH,latest_status,"",Mining,"2026-08-14 03:37:15.335+00","Mining Ops Admin",
685,NGSBEABBCJCJA3015,location,"",36.12.13,"2026-08-14 03:37:15.335+00","Mining Ops Admin",
686,NGSBEABBCJCJA3015,latest_status,"",Mining,"2026-08-14 03:37:15.335+00","Mining Ops Admin",
687,SMTTEABBCJEJI0212,location,"",7.6.11,"2026-08-14 03:37:15.335+00","Mining Ops Admin",
688,SMTTEABBCJEJI0212,latest_status,"",Mining,"2026-08-14 03:37:15.335+00","Mining Ops Admin",
689,SMTTEABBCJCJF07FG,location,"",10.1.15,"2026-08-14 03:37:15.335+00","Mining Ops Admin",
690,SMTTEABBCJCJF07FG,latest_status,"",Mining,"2026-08-14 03:37:15.335+00","Mining Ops Admin",
691,SMTTEABBBAAJC0117,location,"",37.7.2,"2026-08-14 03:37:15.335+00","Mining Ops Admin",
692,SMTTEABBBAAJC0117,latest_status,"",Mining,"2026-08-14 03:37:15.335+00","Mining Ops Admin",
693,NGSBEAABCJDAA0ABS,location,"",13.7.6,"2026-08-14 03:37:15.335+00","Mining Ops Admin",
694,NGSBEAABCJDAA0ABS,latest_status,"",Mining,"2026-08-14 03:37:15.335+00","Mining Ops Admin",
695,NGSBEAABCJDAA0BE1,location,"",6.5.3,"2026-08-14 03:37:15.335+00","Mining Ops Admin",
696,NGSBEAABCJDAA0BE1,latest_status,"",Mining,"2026-08-14 03:37:15.335+00","Mining Ops Admin",
697,JYZZEABBCJFBH0YZ5,location,"",8.2.15,"2026-08-14 03:37:15.335+00","Mining Ops Admin",
698,JYZZEABBCJFBH0YZ5,latest_status,"",Mining,"2026-08-14 03:37:15.335+00","Mining Ops Admin",
699,NGSBEAABCJEJD01R8,location,"",14.5.5,"2026-08-14 03:37:15.335+00","Mining Ops Admin",
700,NGSBEAABCJEJD01R8,latest_status,"",Mining,"2026-08-14 03:37:15.335+00","Mining Ops Admin",
701,JYZZEAABCJFBH0D13,location,"",39.5.16,"2026-08-14 03:37:15.335+00","Mining Ops Admin",
702,JYZZEAABCJFBH0D13,latest_status,"",Mining,"2026-08-14 03:37:15.335+00","Mining Ops Admin",
703,NGSBEABBCJDAA090J,location,"",6.12.2,"2026-08-14 03:37:15.335+00","Mining Ops Admin",
704,NGSBEABBCJDAA090J,latest_status,"",Mining,"2026-08-14 03:37:15.335+00","Mining Ops Admin",
705,NGSBEABBCJEJD02W1,location,"",7.2.8,"2026-08-14 03:37:15.335+00","Mining Ops Admin",
706,NGSBEABBCJEJD02W1,latest_status,"",Mining,"2026-08-14 03:37:15.335+00","Mining Ops Admin",
707,NGSBEAABCJDAA0BHL,location,"",13.9.10,"2026-08-14 03:37:15.335+00","Mining Ops Admin",
708,NGSBEAABCJDAA0BHL,latest_status,"",Mining,"2026-08-14 03:37:15.335+00","Mining Ops Admin",
709,SMTTEABBBAAJC00LC,location,"",10.5.2,"2026-08-14 03:37:15.335+00","Mining Ops Admin",
710,SMTTEABBBAAJC00LC,latest_status,"",Mining,"2026-08-14 03:37:15.335+00","Mining Ops Admin",
711,JYZZEABBCJEBB0ME6,location,"",12.3.15,"2026-08-14 03:37:15.335+00","Mining Ops Admin",
712,JYZZEABBCJEBB0ME6,latest_status,"",Mining,"2026-08-14 03:37:15.335+00","Mining Ops Admin",
713,SMTTEABBBAAJC00CK,location,"",23.8.1,"2026-08-14 03:37:15.335+00","Mining Ops Admin",
714,SMTTEABBBAAJC00CK,latest_status,"",Mining,"2026-08-14 03:37:15.335+00","Mining Ops Admin",
715,JYZZEAABCJFBH0FA6,location,"",6.1.16,"2026-08-14 03:37:15.335+00","Mining Ops Admin",
716,JYZZEAABCJFBH0FA6,latest_status,"",Mining,"2026-08-14 03:37:15.335+00","Mining Ops Admin",
717,JYZZEAABCJHJH05E3,location,"",14.5.8,"2026-08-14 03:37:15.335+00","Mining Ops Admin",
718,JYZZEAABCJHJH05E3,latest_status,"",Mining,"2026-08-14 03:37:15.335+00","Mining Ops Admin",
719,JYZZEAABCJFBH0K05,location,"",14.6.16,"2026-08-14 03:37:15.335+00","Mining Ops Admin",
720,JYZZEAABCJFBH0K05,latest_status,"",Mining,"2026-08-14 03:37:15.335+00","Mining Ops Admin",
721,NGSBEAABCJEJD01PY,location,"",45.6.4,"2026-08-14 03:37:15.335+00","Mining Ops Admin",
722,NGSBEAABCJEJD01PY,latest_status,"",Mining,"2026-08-14 03:37:15.335+00","Mining Ops Admin",
723,SMTTEABBBAAJC00V2,location,"",37.5.14,"2026-08-14 03:37:15.335+00","Mining Ops Admin",
724,SMTTEABBBAAJC00V2,latest_status,"",Mining,"2026-08-14 03:37:15.335+00","Mining Ops Admin",
725,NGSBEAABCJEJD05B8,location,"",8.6.2,"2026-08-14 03:37:15.335+00","Mining Ops Admin",
726,NGSBEAABCJEJD05B8,latest_status,"",Mining,"2026-08-14 03:37:15.335+00","Mining Ops Admin",
727,NGSBEAABCJEJD030M,location,"",40.6.16,"2026-08-14 03:37:15.335+00","Mining Ops Admin",
728,NGSBEAABCJEJD030M,latest_status,"",Mining,"2026-08-14 03:37:15.335+00","Mining Ops Admin",
729,SMTTEABBBAAJC00P3,location,"",9.5.10,"2026-08-14 03:37:15.335+00","Mining Ops Admin",
730,SMTTEABBBAAJC00P3,latest_status,"",Mining,"2026-08-14 03:37:15.335+00","Mining Ops Admin",
731,NGSBEAABCJEJD04GP,location,"",13.5.9,"2026-08-14 03:37:15.335+00","Mining Ops Admin",
732,NGSBEAABCJEJD04GP,latest_status,"",Mining,"2026-08-14 03:37:15.335+00","Mining Ops Admin",
733,NGSBEAABCJEJD03YB,location,"",11.9.4,"2026-08-14 03:37:15.335+00","Mining Ops Admin",
734,NGSBEAABCJEJD03YB,latest_status,"",Mining,"2026-08-14 03:37:15.335+00","Mining Ops Admin",
735,NGSBEAABCJDAA0BDY,location,"",35.4.16,"2026-08-14 03:37:15.335+00","Mining Ops Admin",
736,NGSBEAABCJDAA0BDY,latest_status,"",Mining,"2026-08-14 03:37:15.335+00","Mining Ops Admin",
737,JYZZEAABCJEBB0FRA,location,"",46.8.14,"2026-08-14 03:37:15.335+00","Mining Ops Admin",
738,JYZZEAABCJEBB0FRA,latest_status,"",Mining,"2026-08-14 03:37:15.335+00","Mining Ops Admin",
739,JYZZEAABCJEBB0GSC,location,"",8.6.10,"2026-08-14 03:37:15.335+00","Mining Ops Admin",
740,JYZZEAABCJEBB0GSC,latest_status,"",Mining,"2026-08-14 03:37:15.335+00","Mining Ops Admin",
741,JYZZEAABCJEBB0H0M,location,"",10.2.9,"2026-08-14 03:37:15.335+00","Mining Ops Admin",
742,JYZZEAABCJEBB0H0M,latest_status,"",Mining,"2026-08-14 03:37:15.335+00","Mining Ops Admin",
743,JYZZEAABCJEBB075N,location,"",6.3.16,"2026-08-14 03:37:15.335+00","Mining Ops Admin",
744,JYZZEAABCJEBB075N,latest_status,"",Mining,"2026-08-14 03:37:15.335+00","Mining Ops Admin",
745,JYZZEAABCJFBH08E4,location,"",11.1.12,"2026-08-14 03:37:15.335+00","Mining Ops Admin",
746,JYZZEAABCJFBH08E4,latest_status,"",Mining,"2026-08-14 03:37:15.335+00","Mining Ops Admin",
747,JYZZEAABCJFBH08AS,location,"",34.4.6,"2026-08-14 03:37:15.335+00","Mining Ops Admin",
748,JYZZEAABCJFBH08AS,latest_status,"",Mining,"2026-08-14 03:37:15.335+00","Mining Ops Admin",
749,JYZZEAABCJFBH08AA,location,"",10.8.2,"2026-08-14 03:37:15.335+00","Mining Ops Admin",
750,JYZZEAABCJFBH08AA,latest_status,"",Mining,"2026-08-14 03:37:15.335+00","Mining Ops Admin",
751,JYZZEAABCJEBB0H39,location,"",1.3.8,"2026-08-14 03:37:15.335+00","Mining Ops Admin",
752,JYZZEAABCJEBB0H39,latest_status,"",Mining,"2026-08-14 03:37:15.335+00","Mining Ops Admin",
753,JYZZEAABCJEBB0C16,location,"",7.10.15,"2026-08-14 03:37:15.335+00","Mining Ops Admin",
754,JYZZEAABCJEBB0C16,latest_status,"",Mining,"2026-08-14 03:37:15.335+00","Mining Ops Admin",
755,JYZZEAABCJEBB0H14,location,"",33.4.12,"2026-08-14 03:37:15.335+00","Mining Ops Admin",
756,JYZZEAABCJEBB0H14,latest_status,"",Mining,"2026-08-14 03:37:15.335+00","Mining Ops Admin",
757,JYZZEAABCJEBB074L,location,"",9.4.2,"2026-08-14 03:37:15.335+00","Mining Ops Admin",
758,JYZZEAABCJEBB074L,latest_status,"",Mining,"2026-08-14 03:37:15.335+00","Mining Ops Admin",
759,JYZZEAABCJEBB0FBR,location,"",8.4.4,"2026-08-14 03:37:15.335+00","Mining Ops Admin",
760,JYZZEAABCJEBB0FBR,latest_status,"",Mining,"2026-08-14 03:37:15.335+00","Mining Ops Admin",
761,JYZZEAABCJEBB0FHW,location,"",13.11.14,"2026-08-14 03:37:15.335+00","Mining Ops Admin",
762,JYZZEAABCJEBB0FHW,latest_status,"",Mining,"2026-08-14 03:37:15.335+00","Mining Ops Admin",
763,JYZZEAABCJEBB0FMG,location,"",29.4.7,"2026-08-14 03:37:15.335+00","Mining Ops Admin",
764,JYZZEAABCJEBB0FMG,latest_status,"",Mining,"2026-08-14 03:37:15.335+00","Mining Ops Admin",
765,JYZZEAABCJBBG000M,location,"",11.11.16,"2026-08-14 03:37:15.335+00","Mining Ops Admin",
766,JYZZEAABCJBBG000M,latest_status,"",Mining,"2026-08-14 03:37:15.335+00","Mining Ops Admin",
767,JYZZEAABCJEBB0GPE,location,"",48.6.13,"2026-08-14 03:37:15.335+00","Mining Ops Admin",
768,JYZZEAABCJEBB0GPE,latest_status,"",Mining,"2026-08-14 03:37:15.335+00","Mining Ops Admin",
769,JYZZEAABCJEBB0HJH,location,"",12.3.8,"2026-08-14 03:37:15.335+00","Mining Ops Admin",
770,JYZZEAABCJEBB0HJH,latest_status,"",Mining,"2026-08-14 03:37:15.335+00","Mining Ops Admin",
771,JYZZEAABCJEBB0H41,location,"",3.5.9,"2026-08-14 03:37:15.335+00","Mining Ops Admin",
772,JYZZEAABCJEBB0H41,latest_status,"",Mining,"2026-08-14 03:37:15.335+00","Mining Ops Admin",
773,JYZZEAABCJFBH0K3A,location,"",1.3.6,"2026-08-14 03:37:15.335+00","Mining Ops Admin",
774,JYZZEAABCJFBH0K3A,latest_status,"",Mining,"2026-08-14 03:37:15.335+00","Mining Ops Admin",
775,AME31LC000P75CC0A26QG2503,location,"",21.12.3,"2026-08-14 03:37:15.335+00","Mining Ops Admin",
776,AME31LC000P75CC0A26QG2503,latest_status,"",Mining,"2026-08-14 03:37:15.335+00","Mining Ops Admin",
777,JYZZEABBCJEBB0SYZ,location,"",33.5.9,"2026-08-14 03:37:15.335+00","Mining Ops Admin",
778,JYZZEABBCJEBB0SYZ,latest_status,"",Mining,"2026-08-14 03:37:15.335+00","Mining Ops Admin",
779,JYZZEABBCJFBH08EE,location,"",9.5.14,"2026-08-14 03:37:15.335+00","Mining Ops Admin",
780,JYZZEABBCJFBH08EE,latest_status,"",Mining,"2026-08-14 03:37:15.335+00","Mining Ops Admin",
781,JYZZEABBCJFBH09SY,location,"",WH1,"2026-08-14 03:37:15.335+00","Mining Ops Admin",
782,JYZZEABBCJFBH09SY,latest_status,"","Antminer For Repair + 3 Bad Boards","2026-08-14 03:37:15.335+00","Mining Ops Admin",
783,JYZZEAABCJFBH09C1,location,"",5.3.16,"2026-08-14 03:37:15.335+00","Mining Ops Admin",
784,JYZZEAABCJFBH09C1,latest_status,"",Mining,"2026-08-14 03:37:15.335+00","Mining Ops Admin",
785,JYZZEAABCJEBB0HYD,location,"",5.2.3,"2026-08-14 03:37:15.335+00","Mining Ops Admin",
786,JYZZEAABCJEBB0HYD,latest_status,"",Mining,"2026-08-14 03:37:15.335+00","Mining Ops Admin",
787,JYZZEABBCJEBB0CAX,location,"",WH1,"2026-08-14 03:37:15.335+00","Mining Ops Admin",
788,JYZZEABBCJEBB0CAX,latest_status,"","For Diagnosis","2026-08-14 03:37:15.335+00","Mining Ops Admin",
789,AMD61LC000N7A9C0A21QE0101,location,"",WH1,"2026-08-14 03:37:15.335+00","Mining Ops Admin",
790,AMD61LC000N7A9C0A21QE0101,latest_status,"","Ava - For Repair","2026-08-14 03:37:15.335+00","Mining Ops Admin",
791,JYZZEAABCJEBB0F7N,location,"",WH1,"2026-08-14 03:37:15.335+00","Mining Ops Admin",
792,JYZZEAABCJEBB0F7N,latest_status,"","For Diagnosis","2026-08-14 03:37:15.335+00","Mining Ops Admin",
793,JYZZEAABCJBBG00FH,location,"",20.10.7,"2026-08-14 03:37:15.335+00","Mining Ops Admin",
794,JYZZEAABCJBBG00FH,latest_status,"",Mining,"2026-08-14 03:37:15.335+00","Mining Ops Admin",
795,JYZZEAABCJEBB0HB7,location,"",3.4.9,"2026-08-14 03:37:15.335+00","Mining Ops Admin",
796,JYZZEAABCJEBB0HB7,latest_status,"",Mining,"2026-08-14 03:37:15.335+00","Mining Ops Admin",
797,JYZZEAABCJEBB0GNS,location,"",5.2.10,"2026-08-14 03:37:15.335+00","Mining Ops Admin",
798,JYZZEAABCJEBB0GNS,latest_status,"",Mining,"2026-08-14 03:37:15.335+00","Mining Ops Admin",
799,JYZZEAABCJEBB0F63,location,"",5.3.2,"2026-08-14 03:37:15.335+00","Mining Ops Admin",
800,JYZZEAABCJEBB0F63,latest_status,"",Mining,"2026-08-14 03:37:15.335+00","Mining Ops Admin",
801,JYZZEABBCJFBH0E51,location,"",3.7.2,"2026-08-14 03:37:15.335+00","Mining Ops Admin",
802,JYZZEABBCJFBH0E51,latest_status,"",Mining,"2026-08-14 03:37:15.335+00","Mining Ops Admin",
803,JYZZEABBCJFBH08C9,location,"",3.12.7,"2026-08-14 03:37:15.335+00","Mining Ops Admin",
804,JYZZEABBCJFBH08C9,latest_status,"",Mining,"2026-08-14 03:37:15.335+00","Mining Ops Admin",
805,JYZZEABBCJEBB0BEF,location,"",WH1,"2026-08-14 03:37:15.335+00","Mining Ops Admin",
806,JYZZEABBCJEBB0BEF,latest_status,"","Antminer For Repair + 3 Bad Boards","2026-08-14 03:37:15.335+00","Mining Ops Admin",
807,JYZZEAABCJEBB0GR3,location,"",WH1,"2026-08-14 03:37:15.335+00","Mining Ops Admin",
808,JYZZEAABCJEBB0GR3,latest_status,"","Antminer For Repair + 3 Bad Boards","2026-08-14 03:37:15.335+00","Mining Ops Admin",
809,JYZZEAABCJEBB0JCK,location,"",WH1,"2026-08-14 03:37:15.335+00","Mining Ops Admin",
810,JYZZEAABCJEBB0JCK,latest_status,"","Antminer For Repair + 3 Bad Boards","2026-08-14 03:37:15.335+00","Mining Ops Admin",
811,JYZZEAABCJEBB0BN3,location,"",7.1.7,"2026-08-14 03:37:15.335+00","Mining Ops Admin",
812,JYZZEAABCJEBB0BN3,latest_status,"",Mining,"2026-08-14 03:37:15.335+00","Mining Ops Admin",
813,AMD61LC000L5UAC0A21SQ1001,location,"",24.6.7,"2026-08-14 03:37:15.335+00","Mining Ops Admin",
814,AMD61LC000L5UAC0A21SQ1001,latest_status,"",Mining,"2026-08-14 03:37:15.335+00","Mining Ops Admin",
815,AMD61LC000L37HC2A21SN2403,location,"",WH1,"2026-08-14 03:37:15.335+00","Mining Ops Admin",
816,AMD61LC000L37HC2A21SN2403,latest_status,"","Ava - For Repair","2026-08-14 03:37:15.335+00","Mining Ops Admin",
817,AMD61LC000N7AEC0A21QE0101,location,"",WH1,"2026-08-14 03:37:15.335+00","Mining Ops Admin",
818,AMD61LC000N7AEC0A21QE0101,latest_status,"","Ava - For Repair","2026-08-14 03:37:15.335+00","Mining Ops Admin",
819,AME31LC000P6T3C0A26QG2503,location,"",WH1,"2026-08-14 03:37:15.335+00","Mining Ops Admin",
820,AME31LC000P6T3C0A26QG2503,latest_status,"","Ava - For Repair","2026-08-14 03:37:15.335+00","Mining Ops Admin",
821,AME31LC000P7Y8C0A26QG2702,location,"",WH1,"2026-08-14 03:37:15.335+00","Mining Ops Admin",
822,AME31LC000P7Y8C0A26QG2702,latest_status,"","Ava - For Repair","2026-08-14 03:37:15.335+00","Mining Ops Admin",
823,AMD61LC000N79UC0A21QE0101,location,"",WH1,"2026-08-14 03:37:15.335+00","Mining Ops Admin",
824,AMD61LC000N79UC0A21QE0101,latest_status,"","Ava - For Repair","2026-08-14 03:37:15.335+00","Mining Ops Admin",
825,AMD61LC000N79XC0A21QE0101,location,"",19.1.12,"2026-08-14 03:37:15.335+00","Mining Ops Admin",
826,AMD61LC000N79XC0A21QE0101,latest_status,"",Mining,"2026-08-14 03:37:15.335+00","Mining Ops Admin",
827,AME31LC000P21XC0A26QG1801,location,"",WH1,"2026-08-14 03:37:15.335+00","Mining Ops Admin",
828,AME31LC000P21XC0A26QG1801,latest_status,"","Ava - For Repair","2026-08-14 03:37:15.335+00","Mining Ops Admin",
829,JYZZEAABCJEBB0GKW,location,"",17.10.16,"2026-08-14 03:37:15.335+00","Mining Ops Admin",
830,JYZZEAABCJEBB0GKW,latest_status,"",Mining,"2026-08-14 03:37:15.335+00","Mining Ops Admin",
831,AME31LC000P38XC0A26QG2001,location,"",WH1,"2026-08-14 03:37:15.335+00","Mining Ops Admin",
832,AME31LC000P38XC0A26QG2001,latest_status,"","Ava - For Repair","2026-08-14 03:37:15.335+00","Mining Ops Admin",
833,JYZZEAABCJEBB0GSK,location,"",25.3.14,"2026-08-14 03:37:15.335+00","Mining Ops Admin",
834,JYZZEAABCJEBB0GSK,latest_status,"",Mining,"2026-08-14 03:37:15.335+00","Mining Ops Admin",
835,AMD61LC000N9RRC0A21QE0102,location,"",30.6.5,"2026-08-14 03:37:15.335+00","Mining Ops Admin",
836,AMD61LC000N9RRC0A21QE0102,latest_status,"",Mining,"2026-08-14 03:37:15.335+00","Mining Ops Admin",
837,AMD61LC000N7CAC0A21QE0101,location,"",31.2.5,"2026-08-14 03:37:15.335+00","Mining Ops Admin",
838,AMD61LC000N7CAC0A21QE0101,latest_status,"",Mining,"2026-08-14 03:37:15.335+00","Mining Ops Admin",
839,AMD61LC000N7FHC0A21QE0101,location,"",WH1,"2026-08-14 03:37:15.335+00","Mining Ops Admin",
840,AMD61LC000N7FHC0A21QE0101,latest_status,"","Ava - For Repair","2026-08-14 03:37:15.335+00","Mining Ops Admin",
841,AME31LC000P6YGC0A26QG2503,location,"",2.2.10,"2026-08-14 03:37:15.335+00","Mining Ops Admin",
842,AME31LC000P6YGC0A26QG2503,latest_status,"",Mining,"2026-08-14 03:37:15.335+00","Mining Ops Admin",
843,AMD61LC000L5SCC0A21SQ1001,location,"",23.12.5,"2026-08-14 03:37:15.335+00","Mining Ops Admin",
844,AMD61LC000L5SCC0A21SQ1001,latest_status,"",Mining,"2026-08-14 03:37:15.335+00","Mining Ops Admin",
845,AMD61LC000N7GUC0A21QE0101,location,"",WH1,"2026-08-14 03:37:15.335+00","Mining Ops Admin",
846,AMD61LC000N7GUC0A21QE0101,latest_status,"","Ava - For Repair","2026-08-14 03:37:15.335+00","Mining Ops Admin",
847,JYZZEAABCJEBB0G3X,location,"",25.3.3,"2026-08-14 03:37:15.335+00","Mining Ops Admin",
848,JYZZEAABCJEBB0G3X,latest_status,"",Mining,"2026-08-14 03:37:15.335+00","Mining Ops Admin",
849,AME31LC000P1L6C0A26QG1605,location,"",WH1,"2026-08-14 03:37:15.335+00","Mining Ops Admin",
850,AME31LC000P1L6C0A26QG1605,latest_status,"","Ava - For Repair","2026-08-14 03:37:15.335+00","Mining Ops Admin",
851,AME31LC000P7Z8C0A26QG2702,location,"",32.2.11,"2026-08-14 03:37:15.335+00","Mining Ops Admin",
852,AME31LC000P7Z8C0A26QG2702,latest_status,"",Mining,"2026-08-14 03:37:15.335+00","Mining Ops Admin",
853,AME31LC000P4UPC0A26QG2101,location,"",WH1,"2026-08-14 03:37:15.335+00","Mining Ops Admin",
854,AME31LC000P4UPC0A26QG2101,latest_status,"","Ava - For Repair","2026-08-14 03:37:15.335+00","Mining Ops Admin",
855,AME31LC000P2Z6C0A26QG1901,location,"",2.2.15,"2026-08-14 03:37:15.335+00","Mining Ops Admin",
856,AME31LC000P2Z6C0A26QG1901,latest_status,"",Mining,"2026-08-14 03:37:15.335+00","Mining Ops Admin",
857,AMD61LC000N75WC0A21QE0101,location,"",WH1,"2026-08-14 03:37:15.335+00","Mining Ops Admin",
858,AMD61LC000N75WC0A21QE0101,latest_status,"","Ava - For Repair","2026-08-14 03:37:15.335+00","Mining Ops Admin",
859,AMD61LC000N8F3C2A21QE0206,location,"",WH1,"2026-08-14 03:37:15.335+00","Mining Ops Admin",
860,AMD61LC000N8F3C2A21QE0206,latest_status,"","Ava - For Repair","2026-08-14 03:37:15.335+00","Mining Ops Admin",
861,AMD61LC000N7FCC0A21QE0101,location,"",24.5.11,"2026-08-14 03:37:15.335+00","Mining Ops Admin",
862,AMD61LC000N7FCC0A21QE0101,latest_status,"",Mining,"2026-08-14 03:37:15.335+00","Mining Ops Admin",
863,AME31LC000P71AC0A26QG2503,location,"",WH1,"2026-08-14 03:37:15.335+00","Mining Ops Admin",
864,AME31LC000P71AC0A26QG2503,latest_status,"","Ava - For Repair","2026-08-14 03:37:15.335+00","Mining Ops Admin",
865,JYZZEAABCJEBB0EMA,location,"",25.3.15,"2026-08-14 03:37:15.335+00","Mining Ops Admin",
866,JYZZEAABCJEBB0EMA,latest_status,"",Mining,"2026-08-14 03:37:15.335+00","Mining Ops Admin",
867,AMD61LC000N73MC0A21QE0101,location,"",1.5.9,"2026-08-14 03:37:15.335+00","Mining Ops Admin",
868,AMD61LC000N73MC0A21QE0101,latest_status,"",Mining,"2026-08-14 03:37:15.335+00","Mining Ops Admin",
869,AMD61LC000N79MC0A21QE0101,location,"",WH1,"2026-08-14 03:37:15.335+00","Mining Ops Admin",
870,AMD61LC000N79MC0A21QE0101,latest_status,"","Ava - For Repair","2026-08-14 03:37:15.335+00","Mining Ops Admin",
871,JYZZEAABCJFBH0DEM,location,"",25.3.9,"2026-08-14 03:37:15.335+00","Mining Ops Admin",
872,JYZZEAABCJFBH0DEM,latest_status,"",Mining,"2026-08-14 03:37:15.335+00","Mining Ops Admin",
873,JYZZEABBCJFBH0AY3,location,"",48.3.8,"2026-08-14 03:37:15.335+00","Mining Ops Admin",
874,JYZZEABBCJFBH0AY3,latest_status,"",Mining,"2026-08-14 03:37:15.335+00","Mining Ops Admin",
875,AMD61LC000N7FVC0A21QE0101,location,"",WH1,"2026-08-14 03:37:15.335+00","Mining Ops Admin",
876,AMD61LC000N7FVC0A21QE0101,latest_status,"","Ava - For Repair","2026-08-14 03:37:15.335+00","Mining Ops Admin",
877,AMD61LC000N7EEC0A21QE0101,location,"",WH1,"2026-08-14 03:37:15.335+00","Mining Ops Admin",
878,AMD61LC000N7EEC0A21QE0101,latest_status,"","Ava - For Repair","2026-08-14 03:37:15.335+00","Mining Ops Admin",
879,AMD61LC000N8E5C2A21QE0206,location,"",15.1.12,"2026-08-14 03:37:15.335+00","Mining Ops Admin",
880,AMD61LC000N8E5C2A21QE0206,latest_status,"",Mining,"2026-08-14 03:37:15.335+00","Mining Ops Admin",
881,AME31LC000P74BC0A26QG2503,location,"",WH1,"2026-08-14 03:37:15.335+00","Mining Ops Admin",
882,AME31LC000P74BC0A26QG2503,latest_status,"","Ava - For Repair","2026-08-14 03:37:15.335+00","Mining Ops Admin",
883,AMD61LC000N7FQC0A21QE0101,location,"",WH1,"2026-08-14 03:37:15.335+00","Mining Ops Admin",
884,AMD61LC000N7FQC0A21QE0101,latest_status,"","Ava - For Repair","2026-08-14 03:37:15.335+00","Mining Ops Admin",
885,AMD61LC000N7CEC0A21QE0101,location,"",27.12.2,"2026-08-14 03:37:15.335+00","Mining Ops Admin",
886,AMD61LC000N7CEC0A21QE0101,latest_status,"",Mining,"2026-08-14 03:37:15.335+00","Mining Ops Admin",
887,AMD61LC000L5SDC0A21SQ1001,location,"",22.1.16,"2026-08-14 03:37:15.335+00","Mining Ops Admin",
888,AMD61LC000L5SDC0A21SQ1001,latest_status,"",Mining,"2026-08-14 03:37:15.335+00","Mining Ops Admin",
889,AME31LC000P74TC0A26QG2503,location,"",WH1,"2026-08-14 03:37:15.335+00","Mining Ops Admin",
890,AME31LC000P74TC0A26QG2503,latest_status,"","Ava - For Repair","2026-08-14 03:37:15.335+00","Mining Ops Admin",
891,AMD61LC000N7DLC0A21QE0101,location,"",20.12.2,"2026-08-14 03:37:15.335+00","Mining Ops Admin",
892,AMD61LC000N7DLC0A21QE0101,latest_status,"",Mining,"2026-08-14 03:37:15.335+00","Mining Ops Admin",
893,AMD61LC000L5TEC0A21SQ1001,location,"",WH1,"2026-08-14 03:37:15.335+00","Mining Ops Admin",
894,AMD61LC000L5TEC0A21SQ1001,latest_status,"","Ava - For Repair","2026-08-14 03:37:15.335+00","Mining Ops Admin",
895,AMD61LC000N7CFC0A21QE0101,location,"",1.1.15,"2026-08-14 03:37:15.335+00","Mining Ops Admin",
896,AMD61LC000N7CFC0A21QE0101,latest_status,"",Mining,"2026-08-14 03:37:15.335+00","Mining Ops Admin",
897,JYZZEAABCJEBB0KX3,location,"",WH1,"2026-08-14 03:37:15.335+00","Mining Ops Admin",
898,JYZZEAABCJEBB0KX3,latest_status,"","Antminer For Repair + 3 Bad Boards","2026-08-14 03:37:15.335+00","Mining Ops Admin",
899,AMD61LC000N793C0A21QE0101,location,"",WH1,"2026-08-14 03:37:15.335+00","Mining Ops Admin",
900,AMD61LC000N793C0A21QE0101,latest_status,"","Repaired - Avalon","2026-08-14 03:37:15.335+00","Mining Ops Admin",
901,JYZZEAABCJEBB0G2W,location,"",WH1,"2026-08-14 03:37:15.335+00","Mining Ops Admin",
902,JYZZEAABCJEBB0G2W,latest_status,"","Antminer For Repair + 3 Bad Boards","2026-08-14 03:37:15.335+00","Mining Ops Admin",
903,JYZZEABBCJFBH0823,location,"",10.12.11,"2026-08-14 03:37:15.335+00","Mining Ops Admin",
904,JYZZEABBCJFBH0823,latest_status,"",Mining,"2026-08-14 03:37:15.335+00","Mining Ops Admin",
905,JYZZEABBCJEBB0G72,location,"",18.3.10,"2026-08-14 03:37:15.335+00","Mining Ops Admin",
906,JYZZEABBCJEBB0G72,latest_status,"",Mining,"2026-08-14 03:37:15.335+00","Mining Ops Admin",
907,AMD61LC000N73KC0A21QE0101,location,"",15.12.1,"2026-08-14 03:37:15.335+00","Mining Ops Admin",
908,AMD61LC000N73KC0A21QE0101,latest_status,"",Mining,"2026-08-14 03:37:15.335+00","Mining Ops Admin",
909,AME31LC000P23NC0A26QG1801,location,"",29.5.5,"2026-08-14 03:37:15.335+00","Mining Ops Admin",
910,AME31LC000P23NC0A26QG1801,latest_status,"",Mining,"2026-08-14 03:37:15.335+00","Mining Ops Admin",
911,AME31LC000P2Y1C0A26QG1901,location,"",20.12.8,"2026-08-14 03:37:15.335+00","Mining Ops Admin",
912,AME31LC000P2Y1C0A26QG1901,latest_status,"",Mining,"2026-08-14 03:37:15.335+00","Mining Ops Admin",
913,AME31LC000P4TDC0A26QG2101,location,"",24.12.8,"2026-08-14 03:37:15.335+00","Mining Ops Admin",
914,AME31LC000P4TDC0A26QG2101,latest_status,"",Mining,"2026-08-14 03:37:15.335+00","Mining Ops Admin",
915,AME31LC000P203C0A26QG1801,location,"",2.12.16,"2026-08-14 03:37:15.335+00","Mining Ops Admin",
916,AME31LC000P203C0A26QG1801,latest_status,"",Mining,"2026-08-14 03:37:15.335+00","Mining Ops Admin",
917,AME31LC000P6YYC0A26QG2503,location,"",WH1,"2026-08-14 03:37:15.335+00","Mining Ops Admin",
918,AME31LC000P6YYC0A26QG2503,latest_status,"","Ava - For Repair","2026-08-14 03:37:15.335+00","Mining Ops Admin",
919,AMD61LC000N7EZC0A21QE0101,location,"",WH1,"2026-08-14 03:37:15.335+00","Mining Ops Admin",
920,AMD61LC000N7EZC0A21QE0101,latest_status,"","Ava - For Repair","2026-08-14 03:37:15.335+00","Mining Ops Admin",
921,AME31LC000P34BC0A26QG1901,location,"",WH1,"2026-08-14 03:37:15.335+00","Mining Ops Admin",
922,AME31LC000P34BC0A26QG1901,latest_status,"","Ava - For Repair","2026-08-14 03:37:15.335+00","Mining Ops Admin",
923,AME31LC000P33PC0A26QG1901,location,"",WH1,"2026-08-14 03:37:15.335+00","Mining Ops Admin",
924,AME31LC000P33PC0A26QG1901,latest_status,"","Ava - For Repair","2026-08-14 03:37:15.335+00","Mining Ops Admin",
925,AME31LC000P80AC0A26QG2702,location,"",32.11.12,"2026-08-14 03:37:15.335+00","Mining Ops Admin",
926,AME31LC000P80AC0A26QG2702,latest_status,"",Mining,"2026-08-14 03:37:15.335+00","Mining Ops Admin",
927,AME31LC000P6WZC0A26QG2503,location,"",28.1.12,"2026-08-14 03:37:15.335+00","Mining Ops Admin",
928,AME31LC000P6WZC0A26QG2503,latest_status,"",Mining,"2026-08-14 03:37:15.335+00","Mining Ops Admin",
929,AMD61LC000N7EUC0A21QE0101,location,"",WH1,"2026-08-14 03:37:15.335+00","Mining Ops Admin",
930,AMD61LC000N7EUC0A21QE0101,latest_status,"","Ava - For Repair","2026-08-14 03:37:15.335+00","Mining Ops Admin",
931,AMD61L0000HQPSC2A21SE1702,location,"",27.12.12,"2026-08-14 03:37:15.335+00","Mining Ops Admin",
932,AMD61L0000HQPSC2A21SE1702,latest_status,"",Mining,"2026-08-14 03:37:15.335+00","Mining Ops Admin",
933,AME31LC000P6RSC0A26QG2503,location,"",32.5.16,"2026-08-14 03:37:15.335+00","Mining Ops Admin",
934,AME31LC000P6RSC0A26QG2503,latest_status,"",Mining,"2026-08-14 03:37:15.335+00","Mining Ops Admin",
935,JYZZEAABCJEBB0AYT,location,"",12.5.3,"2026-08-14 03:37:15.335+00","Mining Ops Admin",
936,JYZZEAABCJEBB0AYT,latest_status,"",Mining,"2026-08-14 03:37:15.335+00","Mining Ops Admin",
937,AME31LC000P804C0A26QG2702,location,"",1.11.12,"2026-08-14 03:37:15.335+00","Mining Ops Admin",
938,AME31LC000P804C0A26QG2702,latest_status,"",Mining,"2026-08-14 03:37:15.335+00","Mining Ops Admin",
939,AME31LC000P4MBC0A26QG2101,location,"",WH1,"2026-08-14 03:37:15.335+00","Mining Ops Admin",
940,AME31LC000P4MBC0A26QG2101,latest_status,"","Ava - For Repair","2026-08-14 03:37:15.335+00","Mining Ops Admin",
941,AMD61LC000L374C2A21SN2403,location,"",25.7.13,"2026-08-14 03:37:15.335+00","Mining Ops Admin",
942,AMD61LC000L374C2A21SN2403,latest_status,"",Mining,"2026-08-14 03:37:15.335+00","Mining Ops Admin",
943,AME31LC000P712C0A26QG2503,location,"",21.1.13,"2026-08-14 03:37:15.335+00","Mining Ops Admin",
944,AME31LC000P712C0A26QG2503,latest_status,"",Mining,"2026-08-14 03:37:15.335+00","Mining Ops Admin",
945,AME31LC000MQX9C0A26QA2904,location,"",WH1,"2026-08-14 03:37:15.335+00","Mining Ops Admin",
946,AME31LC000MQX9C0A26QA2904,latest_status,"","Ava - For Repair","2026-08-14 03:37:15.335+00","Mining Ops Admin",
947,AME31LC000P21PC0A26QG1801,location,"",WH1,"2026-08-14 03:37:15.335+00","Mining Ops Admin",
948,AME31LC000P21PC0A26QG1801,latest_status,"","Ava - For Repair","2026-08-14 03:37:15.335+00","Mining Ops Admin",
949,AME31LC000P4TCC0A26QG2101,location,"",2.12.15,"2026-08-14 03:37:15.335+00","Mining Ops Admin",
950,AME31LC000P4TCC0A26QG2101,latest_status,"",Mining,"2026-08-14 03:37:15.335+00","Mining Ops Admin",
951,AME31LC000P1P4C0A26QG1605,location,"",1.11.5,"2026-08-14 03:37:15.335+00","Mining Ops Admin",
952,AME31LC000P1P4C0A26QG1605,latest_status,"",Mining,"2026-08-14 03:37:15.335+00","Mining Ops Admin",
953,AME31LC000P24SC0A26QG1801,location,"",28.1.8,"2026-08-14 03:37:15.335+00","Mining Ops Admin",
954,AME31LC000P24SC0A26QG1801,latest_status,"",Mining,"2026-08-14 03:37:15.335+00","Mining Ops Admin",
955,AMD61LC000N7C8C0A21QE0101,location,"",1.1.13,"2026-08-14 03:37:15.335+00","Mining Ops Admin",
956,AMD61LC000N7C8C0A21QE0101,latest_status,"",Mining,"2026-08-14 03:37:15.335+00","Mining Ops Admin",
957,AMD61LC000N7FAC0A21QE0101,location,"",1.11.11,"2026-08-14 03:37:15.335+00","Mining Ops Admin",
958,AMD61LC000N7FAC0A21QE0101,latest_status,"",Mining,"2026-08-14 03:37:15.335+00","Mining Ops Admin",
959,AMD61LC000N77AC0A21QE0101,location,"",29.5.2,"2026-08-14 03:37:15.335+00","Mining Ops Admin",
960,AMD61LC000N77AC0A21QE0101,latest_status,"",Mining,"2026-08-14 03:37:15.335+00","Mining Ops Admin",
961,AME31LC000P308C0A26QG1901,location,"",WH1,"2026-08-14 03:37:15.335+00","Mining Ops Admin",
962,AME31LC000P308C0A26QG1901,latest_status,"","Ava - For Repair","2026-08-14 03:37:15.335+00","Mining Ops Admin",
963,AME31LC000MQWCC0A26QA2904,location,"",WH1,"2026-08-14 03:37:15.335+00","Mining Ops Admin",
964,AME31LC000MQWCC0A26QA2904,latest_status,"","Ava - For Repair","2026-08-14 03:37:15.335+00","Mining Ops Admin",
965,AMD61L0000HQN3C2A21SE1702,location,"",WH1,"2026-08-14 03:37:15.335+00","Mining Ops Admin",
966,AMD61L0000HQN3C2A21SE1702,latest_status,"","Ava - For Repair","2026-08-14 03:37:15.335+00","Mining Ops Admin",
967,AME31LC000P4LWC0A26QG2101,location,"",30.12.10,"2026-08-14 03:37:15.335+00","Mining Ops Admin",
968,AME31LC000P4LWC0A26QG2101,latest_status,"",Mining,"2026-08-14 03:37:15.335+00","Mining Ops Admin",
969,AME31LC000P38SC0A26QG2001,location,"",1.7.6,"2026-08-14 03:37:15.335+00","Mining Ops Admin",
970,AME31LC000P38SC0A26QG2001,latest_status,"",Mining,"2026-08-14 03:37:15.335+00","Mining Ops Admin",
971,AME31LC000P22PC0A26QG1801,location,"",19.12.16,"2026-08-14 03:37:15.335+00","Mining Ops Admin",
972,AME31LC000P22PC0A26QG1801,latest_status,"",Mining,"2026-08-14 03:37:15.335+00","Mining Ops Admin",
973,AMD61LC000N9RWC0A21QE0102,location,"",WH1,"2026-08-14 03:37:15.335+00","Mining Ops Admin",
974,AMD61LC000N9RWC0A21QE0102,latest_status,"","Ava - For Repair","2026-08-14 03:37:15.335+00","Mining Ops Admin",
975,AME31LC000P1PFC0A26QG1605,location,"",WH1,"2026-08-14 03:37:15.335+00","Mining Ops Admin",
976,AME31LC000P1PFC0A26QG1605,latest_status,"","Ava - For Repair","2026-08-14 03:37:15.335+00","Mining Ops Admin",
977,AME31LC000P3CNC0A26QG2001,location,"",WH1,"2026-08-14 03:37:15.335+00","Mining Ops Admin",
978,AME31LC000P3CNC0A26QG2001,latest_status,"","Ava - For Repair","2026-08-14 03:37:15.335+00","Mining Ops Admin",
979,AME31LC000P20DC0A26QG1801,location,"",WH1,"2026-08-14 03:37:15.335+00","Mining Ops Admin",
980,AME31LC000P20DC0A26QG1801,latest_status,"","Ava - For Repair","2026-08-14 03:37:15.335+00","Mining Ops Admin",
981,AME31LC000P3B6C0A26QG2001,location,"",WH1,"2026-08-14 03:37:15.335+00","Mining Ops Admin",
982,AME31LC000P3B6C0A26QG2001,latest_status,"","Ava - For Repair","2026-08-14 03:37:15.335+00","Mining Ops Admin",
983,AME31LC000P73GC0A26QG2503,location,"",WH1,"2026-08-14 03:37:15.335+00","Mining Ops Admin",
984,AME31LC000P73GC0A26QG2503,latest_status,"","Ava - For Repair","2026-08-14 03:37:15.335+00","Mining Ops Admin",
985,AME31LC000P743C0A26QG2503,location,"",WH1,"2026-08-14 03:37:15.335+00","Mining Ops Admin",
986,AME31LC000P743C0A26QG2503,latest_status,"","Ava - For Repair","2026-08-14 03:37:15.335+00","Mining Ops Admin",
987,AME31LC000P7Y4C0A26QG2702,location,"",16.12.3,"2026-08-14 03:37:15.335+00","Mining Ops Admin",
988,AME31LC000P7Y4C0A26QG2702,latest_status,"",Mining,"2026-08-14 03:37:15.335+00","Mining Ops Admin",
989,AME31LC000P4JCC0A26QG2101,location,"",WH1,"2026-08-14 03:37:15.335+00","Mining Ops Admin",
990,AME31LC000P4JCC0A26QG2101,latest_status,"","Ava - For Repair","2026-08-14 03:37:15.335+00","Mining Ops Admin",
991,AME31LC000P1PBC0A26QG1605,location,"",29.11.14,"2026-08-14 03:37:15.335+00","Mining Ops Admin",
992,AME31LC000P1PBC0A26QG1605,latest_status,"",Mining,"2026-08-14 03:37:15.335+00","Mining Ops Admin",
993,AME31LC000P3GPC0A26QG2001,location,"",15.11.14,"2026-08-14 03:37:15.335+00","Mining Ops Admin",
994,AME31LC000P3GPC0A26QG2001,latest_status,"",Mining,"2026-08-14 03:37:15.335+00","Mining Ops Admin",
995,AME31LC000P4KDC0A26QG2101,location,"",28.2.4,"2026-08-14 03:37:15.335+00","Mining Ops Admin",
996,AME31LC000P4KDC0A26QG2101,latest_status,"",Mining,"2026-08-14 03:37:15.335+00","Mining Ops Admin",
997,PIEMFECBDJDAE038P,location,"","BM Repair Hub","2026-08-14 03:37:15.335+00","Mining Ops Admin",
998,PIEMFECBDJDAE038P,latest_status,"","Faulty + Repair","2026-08-14 03:37:15.335+00","Mining Ops Admin",
999,DGAHGBBBEJDAG02LY,location,"",103.13.4,"2026-08-14 03:37:15.335+00","Mining Ops Admin",
1000,DGAHGBBBEJDAG02LY,latest_status,"",Mining,"2026-08-14 03:37:15.335+00","Mining Ops Admin",