id,asset_type,serial,model,location,latest_status,hashrate,container,tank,last_updated,updated_by,synced_at,row_hash,position,uploaded
00002d26-4679-4ca9-93c8-267bbff8c6c3,"Asic Miner",JYZZEABBCJFBH081N,"Antminer s19-XP",Warehouse,"Ready For Deployment - Repaired By Masdar Team",0.00,Unknown,Unknown,"2026-08-08 15:43:38.133+00","Mining Ops Admin","2026-08-05 18:51:33.532455+00",,Unknown,t
0003c472-309c-49bf-9882-1f4a0a692160,"Avalon PSU",PS1A0608000057241124000763,"PSU3301-01(I)-OL",10.25.9.3,Deployed,0.00,25,9,"2026-08-08 15:02:38.398+00","Mining Ops Admin","2026-08-08 14:54:29.11689+00",,3,f
0008da60-b5d7-4112-a6a9-7b662ecab91e,"Mirfa Miner",YNAHFEBBDAAAA041T,"Antminer S-21 Hydro 319T",113.14.8,Mining,0.00,113,14,"2026-08-14 03:36:59.029+00","Mining Ops Admin","2026-08-14 03:37:16.463682+00",,8,t
000bb04b-47a0-470f-80f6-901bb7dec51b,"Mirfa Miner",JYZZEAABCJFBH00NM,"Antminer S19 XP",9.2.2,Mining,0.00,9,2,"2026-08-14 03:36:59.029+00","Mining Ops Admin","2026-08-14 03:37:13.715676+00",,2,t
000dd39e-268a-473d-b23f-51af99e0e5ab,"Mirfa Miner",AME31LC000P6W7C0A26QG2503,"AvalonMiner 1366IU-150T",2.8.9,Mining,0.00,2,8,"2026-08-14 03:36:59.029+00","Mining Ops Admin","2026-08-14 03:37:13.715676+00",,9,t
00166402-3625-4a31-b12e-0ebcffb211a4,"Asic Miner",JYZZEABBCJFBH01HP,"Antminer s19-XP",10.3.11,Mining,0.00,10,3,"2026-08-08 15:43:38.133+00","Mining Ops Admin","2026-08-05 19:03:12.564195+00",,11,t
001ff6d0-e2d8-4cf6-a195-54bee4437ef5,"Asic Miner",JYZZEABBCJFBH0YHP,"Antminer s19-XP",6.12.11,Mining,0.00,6,12,"2026-08-08 15:43:38.133+00","Mining Ops Admin","2026-08-05 19:03:12.079285+00",,11,t
00226b5e-333b-40a4-b9f1-835460b99881,"Mirfa Miner",JYZZEAABCJEBB0AYX,"Antminer S19 XP",6.10.1,Mining,0.00,6,10,"2026-08-14 03:36:59.029+00","Mining Ops Admin","2026-08-14 03:37:13.715676+00",,1,t
0026b071-83a2-4476-9aee-a4d81b8bf545,"Asic Miner",JYZZEAABCJFBH0REP,"Antminer s19-XP",Masdar,"Unrepairable – Declared By Masdar Team",0.00,Unknown,Unknown,"2026-08-08 15:43:38.133+00","Mining Ops Admin","2026-08-05 18:48:09.003732+00",,Unknown,t
0027f9df-46b9-4d84-b854-d0ba1e8936a9,"Mirfa Miner",JYZZEABBCJFBH0K2M,"Antminer S19 XP",42.1.4,Mining,0.00,42,1,"2026-08-14 03:36:59.029+00","Mining Ops Admin","2026-08-14 03:37:08.669252+00",,4,t
002f3934-c32c-4d9f-b102-3cca59b1a661,"Mirfa Miner",YNAHFEBBEJABA00BT,"Antminer S-21 Hydro 319T",112.1.8,Mining,0.00,112,1,"2026-08-14 03:36:59.029+00","Mining Ops Admin","2026-08-14 03:37:16.463682+00",,8,t
00315ac8-f156-4d14-acf2-551e2793bf61,"Mirfa Miner",JYZZEAABCJEBB0KA4,"Antminer S19 XP",9.9.2,Mining,0.00,9,9,"2026-08-14 03:36:59.029+00","Mining Ops Admin","2026-08-14 03:37:13.257489+00",,2,t
00321b72-36fa-4d78-95ab-66cb3711e006,"Asic Miner",JYZZEAABCJFBH0R57,"Antminer s19-XP",Warehouse,"Ready For Deployment",0.00,Unknown,Unknown,"2026-08-08 15:43:38.133+00","Mining Ops Admin","2026-08-05 18:51:55.98586+00",,Unknown,t
0032a86a-d493-4f86-99bd-191db2fe2844,"Mirfa Miner",JYZZEABBCJEBB0EY6,"Antminer S19 XP",42.3.11,Mining,0.00,42,3,"2026-08-14 03:36:59.029+00","Mining Ops Admin","2026-08-14 03:37:08.669252+00",,11,t
003ba0ce-f541-4a34-98ef-03ba73db7ac6,"Mirfa Miner",JYZZEAABCJEBB0CAA,"Antminer S19 XP",38.7.12,Mining,0.00,38,7,"2026-08-14 03:36:59.029+00","Mining Ops Admin","2026-08-14 03:37:10.537579+00",,12,t
003c5309-29b7-4ea1-a0d6-3dfa2a4988b3,"Mirfa Miner",JYZZEABBCJEBB0SKE,"Antminer S19 XP",46.2.2,Mining,0.00,46,2,"2026-08-14 03:36:59.029+00","Mining Ops Admin","2026-08-14 03:37:08.20636+00",,2,t
003dcbd7-1802-4f22-9448-be362352a73c,"Mirfa Miner",JYZZEABBCJEBB0D18,"Antminer S19 XP",44.6.8,Mining,0.00,44,6,"2026-08-14 03:36:59.029+00","Mining Ops Admin","2026-08-14 03:37:11.908786+00",,8,t
0042976f-9e6b-4e73-a740-d58e40396ce8,"Mirfa Miner",JYZZEAABCJEBB0FJ6,"Antminer S19 XP",3.8.11,Mining,0.00,3,8,"2026-08-14 03:36:59.029+00","Mining Ops Admin","2026-08-14 03:37:14.64988+00",,11,t
00449ddb-c065-49c6-bfe9-67119204a10d,"Mirfa Miner",JYZZEABBCJFBH0K4V,"Antminer S19 XP",34.12.6,Mining,0.00,34,12,"2026-08-14 03:36:59.029+00","Mining Ops Admin","2026-08-14 03:37:09.600642+00",,6,t
0049107f-af26-423c-bb9c-58f54f53641e,"Mirfa Miner",DGAHGBBBEJDAD00H9,"Antminer S-21e Hydro 310T",102.8.8,Mining,0.00,102,8,"2026-08-14 03:36:59.029+00","Mining Ops Admin","2026-08-14 03:37:17.72977+00",,8,t
004afe9f-04db-413c-9b1f-bf317bf71d7c,"Asic Miner",JYZZEAABCJFBH0PV4,"Antminer s19-XP",8.3.14,Mining,0.00,8,3,"2026-08-08 15:43:38.133+00","Mining Ops Admin","2026-08-05 19:03:10.966506+00",,14,t
004c992f-bf57-4439-bc97-0bafeedf009a,PSU,PCGPW1212154E9014,GPW121215,10.10.6.16,Deployed,0.00,10,6,"2026-08-07 17:04:11.816+00","Mining Ops Admin","2026-08-07 17:04:12.34159+00",,16,f
004d3b41-7581-4a35-b00e-9f3fc9cdfd76,"Mirfa Miner",JYZZEAABCJEBB0FP2,"Antminer S19 XP",6.9.15,Mining,0.00,6,9,"2026-08-14 03:36:59.029+00","Mining Ops Admin","2026-08-14 03:37:13.715676+00",,15,t
004d47ae-2bf2-4263-bf00-d78f390af45e,"Mirfa Miner",JYZZEAABCJEBB0FZG,"Antminer S19 XP",50.7.2,Mining,0.00,50,7,"2026-08-14 03:36:59.029+00","Mining Ops Admin","2026-08-14 03:37:15.593756+00",,2,t
004d70cd-abb8-41a0-9c83-d5de04c0e9b8,"Mirfa Miner",JYZZEAABCJCBE018R,"Antminer S19 XP",13.6.11,Mining,0.00,13,6,"2026-08-14 03:36:59.029+00","Mining Ops Admin","2026-08-14 03:37:12.376269+00",,11,t
0050aceb-4726-4da2-aff3-646c5c78bb83,"Mirfa Miner",JYZZEABBCJFBH0YDX,"Antminer S19 XP",Warehouse,Consolidated,0.00,Unknown,Unknown,"2026-08-14 03:36:59.029+00","Mining Ops Admin","2026-08-14 03:37:15.593756+00",,Unknown,t
0056b4fb-510b-4014-ab1b-a81f5c270b81,"Mirfa Miner",DGAHGBBBEJDAD00X0,"Antminer S-21e Hydro 310T",112.10.10,Mining,0.00,112,10,"2026-08-14 03:36:59.029+00","Mining Ops Admin","2026-08-14 03:37:16.463682+00",,10,t
00574141-d2f6-4060-9533-a24ef66cf78b,"Mirfa Miner",JYZZEAABCJEBB0HZD,"Antminer S19 XP",12.6.4,Mining,0.00,12,6,"2026-08-14 03:36:59.029+00","Mining Ops Admin","2026-08-14 03:37:12.816944+00",,4,t
00578aab-1230-4760-8e5a-cecd112097a8,"Mirfa Miner",JYZZEAABCJEBB06LJ,"Antminer S19 XP",49.5.16,Mining,0.00,49,5,"2026-08-14 03:36:59.029+00","Mining Ops Admin","2026-08-14 03:37:12.376269+00",,16,t
0057b71b-54e8-43a0-9779-4eca21d603ba,"Mirfa Miner",DGAHGBBBEJDAG03C7,"Antminer S-21e Hydro 310T",104.14.15,Mining,0.00,104,14,"2026-08-14 03:36:59.029+00","Mining Ops Admin","2026-08-14 03:37:17.356072+00",,15,t
005a7b76-9d81-4f86-b277-afe0282c9e8f,"Asic Miner",JYZZEABBCJDBI02J8,"Antminer s19-XP",1.12.8,Mining,0.00,1,12,"2026-08-08 15:43:38.133+00","Mining Ops Admin","2026-08-05 19:03:12.079285+00",,8,t
005d9699-5d32-413e-a3af-65c3ce57190a,"Mirfa Miner",JYZZEABBCJFBH08TA,"Antminer S19 XP",Masdar,Unrepairable,0.00,Unknown,Unknown,"2026-08-14 03:36:59.029+00","Mining Ops Admin","2026-08-14 03:37:06.033538+00",,Unknown,t
005e10a7-fe09-4284-afe7-53901b930562,"Mirfa Miner",JYZZEAABCJEBB0GN7,"Antminer S19 XP",10.8.6,Mining,0.00,10,8,"2026-08-14 03:36:59.029+00","Mining Ops Admin","2026-08-14 03:37:13.257489+00",,6,t
005eab18-5a83-48e4-92de-ee6acfcd9c69,"Mirfa Miner",AME31LC000P6YSC0A26QG2503,"AvalonMiner 1366IU-150T",16.8.12,Mining,0.00,16,8,"2026-08-14 03:36:59.029+00","Mining Ops Admin","2026-08-14 03:37:15.145497+00",,12,t
005ff932-8ada-447b-b2f5-b970ff6891be,"Mirfa Miner",JYZZEAABCJCBE015S,"Antminer S19 XP",38.1.15,Mining,0.00,38,1,"2026-08-14 03:36:59.029+00","Mining Ops Admin","2026-08-14 03:37:09.12554+00",,15,t
006091bb-0e9a-4b3a-8116-0e9d9a08e44d,"Mirfa Miner",JYZZEAABCJFBH0EN4,"Antminer S19 XP",10.4.3,Mining,0.00,10,4,"2026-08-14 03:36:59.029+00","Mining Ops Admin","2026-08-14 03:37:13.257489+00",,3,t
00641248-bb18-4ec0-9951-2dd30ab57fb4,"Mirfa Miner",JYZZEAABCJEBB0FBT,"Antminer S19 XP",3.5.10,Mining,0.00,3,5,"2026-08-14 03:36:59.029+00","Mining Ops Admin","2026-08-14 03:37:14.64988+00",,10,t
0065f428-998f-48bb-a672-71387f7955ce,"Asic Miner",JYZZEABBCJEBB07X4,"Antminer s19-XP",3.1.7,Mining,0.00,3,1,"2026-08-08 15:43:38.133+00","Mining Ops Admin","2026-08-05 19:03:11.620425+00",,7,t
0066a525-930e-400c-9f6b-d8a79c650516,"Asic Miner",JYZZEABBCJDBI01SZ,"Antminer s19-XP",4.1.9,Mining,0.00,4,1,"2026-08-08 15:43:38.133+00","Mining Ops Admin","2026-08-05 19:03:11.299636+00",,9,t
006c4dbc-fddc-4e56-aad0-16994d8f7907,"Asic Miner",JYZZEAABCJFBH0ZT9,"Antminer s19-XP",6.1.4,Mining,0.00,6,1,"2026-08-08 15:43:38.133+00","Mining Ops Admin","2026-08-05 18:51:02.706036+00",,4,t
006d266e-ce5e-4961-9bbd-c1318c112581,"Mirfa Miner",YNAHFEABEJABA006V,"Antminer S-21 Hydro 335T","Bitmain Warehouse","With Bitmain",0.00,Unknown,Unknown,"2026-08-14 03:36:59.029+00","Mining Ops Admin","2026-08-14 03:37:06.536989+00",,Unknown,t
006fecef-a81a-483e-9395-dc97478f05e8,"Mirfa Miner",JYZZEAABCJEBB0N0W,"Antminer S19 XP",50.1.6,Mining,0.00,50,1,"2026-08-14 03:36:59.029+00","Mining Ops Admin","2026-08-14 03:37:07.172297+00",,6,t
00721c1d-5007-4df1-ab9a-6754ac2730f1,"Asic Miner",JYZZEAABCJFBH0ZT1,"Antminer s19-XP",8.6.16,Mining,0.00,8,6,"2026-08-08 15:43:38.133+00","Mining Ops Admin","2026-08-05 18:53:15.693839+00",,16,t
00736160-7e66-455e-9bbd-f1755554dea6,"Asic Miner",AME31LC000P250C0A26QG1801,"AvalonMiner 1366IU-150",24.6.11,Mining,0.00,24,6,"2026-08-08 15:43:38.133+00","Mining Ops Admin","2026-08-05 19:03:11.299636+00",,11,t
007578b6-c8ed-49ee-842a-137fa9119ead,"Mirfa Miner",JYZZEAABCJEBB0HGT,"Antminer S19 XP",43.1.8,Mining,0.00,43,1,"2026-08-14 03:36:59.029+00","Mining Ops Admin","2026-08-14 03:37:08.669252+00",,8,t
007a0441-a61e-4d94-851b-bbeabac7b128,"Asic Miner",JYZZEABBCJFBH06F9,"Antminer s19-XP",20.1.5,Mining,0.00,20,1,"2026-08-08 15:43:38.133+00","Mining Ops Admin","2026-08-05 19:03:12.079285+00",,5,t
007f0634-2742-4896-a302-b0ee0296e016,"Mirfa Miner",JYZZEABBCJFBH08ZR,"Antminer S19 XP",47.8.13,Mining,0.00,47,8,"2026-08-14 03:36:59.029+00","Mining Ops Admin","2026-08-14 03:37:07.646472+00",,13,t
0081ad97-3dff-4153-8264-0e6f909e512a,"Mirfa Miner",PIEMFECBDJEJB00KR,"Antminer S-21 Hydro 302T",107.3.5,Mining,0.00,107,3,"2026-08-14 03:36:59.029+00","Mining Ops Admin","2026-08-14 03:37:07.172297+00",,5,t
0084783e-d509-49a3-bbc0-c13d42ec9bd5,"Mirfa Miner",AMD61LC000L343C2A21SN2403,"AvalonMiner 1366I-122",19.12.6,Mining,0.00,19,12,"2026-08-14 03:36:59.029+00","Mining Ops Admin","2026-08-14 03:37:07.646472+00",,6,t
008577a6-26de-449b-9029-bb3d7806905b,"Mirfa Miner",JYZZEAABCJCBE00KD,"Antminer S19 XP",24.4.8,Mining,0.00,24,4,"2026-08-14 03:36:59.029+00","Mining Ops Admin","2026-08-14 03:37:11.490809+00",,8,t
008a45ea-5294-4f37-a236-25c9fbb8500b,"Mirfa Miner",JYZZEABBCJEBB0VBN,"Antminer S19 XP",12.11.14,Mining,0.00,12,11,"2026-08-14 03:36:59.029+00","Mining Ops Admin","2026-08-14 03:37:13.257489+00",,14,t
008e2ede-a87f-4dd3-872b-b9f2efca61c7,"Mirfa Miner",DGAHGBBBEJDAD0167,"Antminer S-21e Hydro 310T",111.10.1,Mining,0.00,111,10,"2026-08-14 03:36:59.029+00","Mining Ops Admin","2026-08-14 03:37:07.172297+00",,1,t
00911505-a974-47be-96b6-88615d609068,"Mirfa Miner",JYZZEABBCJFBH0SWP,"Antminer S19 XP",Warehouse,Consolidated,0.00,Unknown,Unknown,"2026-08-14 03:36:59.029+00","Mining Ops Admin","2026-08-14 03:37:15.145497+00",,Unknown,t
00916a3a-2156-4a1a-9bc2-b88f29a1dcb0,"Asic Miner",JYZZEAABCJFBH0ZL9,"Antminer s19-XP",4.10.6,Mining,0.00,4,10,"2026-08-08 15:43:38.133+00","Mining Ops Admin","2026-08-05 19:03:11.299636+00",,6,t
00926c91-abf9-497c-b84d-42c96a300c86,"Avalon PSU",PS1A0608000049240125000666,"PSU3300-01 PLUS 2(I)-OL",Warehouse,"For Repair",0.00,Unknown,Unknown,"2026-08-08 15:02:38.4+00","Mining Ops Admin","2026-08-08 15:02:39.166105+00",,Unknown,f
0097a08c-d4a6-406d-a23b-ba055bf95c11,"Mirfa Miner",AMD61LC000N7CNC0A21QE0101,"AvalonMiner 1366I-122",WH1,"Ava - For Repair",0.00,Unknown,Unknown,"2026-08-14 03:36:59.029+00","Mining Ops Admin","2026-08-14 03:37:06.033538+00",,Unknown,t
009deada-4607-4470-b48b-2cda1470d89d,"Mirfa Miner",JYZZEAABCJEBB0FZJ,"Antminer S19 XP",28.9.3,Mining,0.00,28,9,"2026-08-14 03:36:59.029+00","Mining Ops Admin","2026-08-14 03:37:10.988137+00",,3,t
00a15fc4-f5e7-48c9-a227-cc50e00eb27e,"Asic Miner",JYZZEAABCJFBH0DAP,"Antminer s19-XP",15.2.2,Mining,0.00,15,2,"2026-08-08 15:43:38.133+00","Mining Ops Admin","2026-08-05 19:03:13.070756+00",,2,t
00a46662-7952-4fa2-b526-07db48d07191,"Asic Miner",JYZZEABBCJFBH0XED,"Antminer s19-XP",1.12.16,Mining,0.00,1,12,"2026-08-08 15:43:38.133+00","Mining Ops Admin","2026-08-05 19:03:12.079285+00",,16,t
00ac0be0-4daf-4ca7-8ea7-d1804bb0ca68,"Asic Miner",AME31LC000N2MNC0A26QC2303,"AvalonMiner 1366IU-150",20.10.11,Mining,0.00,20,10,"2026-08-08 15:43:38.133+00","Mining Ops Admin","2026-08-05 19:03:09.722017+00",,11,t
00ac4c11-022b-4642-a18e-0ad49e21916f,"Mirfa Miner",JYZZEABBCJEBB0D19,"Antminer S19 XP",12.8.5,Mining,0.00,12,8,"2026-08-14 03:36:59.029+00","Mining Ops Admin","2026-08-14 03:37:13.257489+00",,5,t
00ad97aa-7ad5-4e36-99f6-274f0509ff60,"Asic Miner",PIEMFEBBDJEJB00YH,"Antminer S-21 Hydro 319T",102.5.10,Mining,0.00,102,5,"2026-08-08 15:43:38.133+00","Mining Ops Admin","2026-08-05 19:03:09.722017+00",,10,t
00b2559b-1690-4e7e-ad01-739109d4734a,"Mirfa Miner",JYZZEAABCJEBB0KVX,"Antminer S19 XP",34.3.3,Mining,0.00,34,3,"2026-08-14 03:36:59.029+00","Mining Ops Admin","2026-08-14 03:37:10.056773+00",,3,t
00b3f36a-ed54-422b-80ad-1664857ba8ce,"Asic Miner",AME31LC000P24LC0A26QG1801,"AvalonMiner 1366IU-150",21.6.11,Mining,0.00,21,6,"2026-08-08 15:43:38.133+00","Mining Ops Admin","2026-08-05 19:03:10.966506+00",,11,t
00b942ae-33ba-4eb8-88fb-f2fceab4bd6a,"Mirfa Miner",AME31LC000PVF2C0A27QL1305,"AvalonMiner 1466I-176T",25.6.8,Mining,0.00,25,6,"2026-08-14 03:36:59.029+00","Mining Ops Admin","2026-08-14 03:37:15.593756+00",,8,t
00ba6ba3-e0f6-45cc-88ab-9a76d8ef34a3,"Mirfa Miner",JYZZEAABCJCBE00D2,"Antminer S19 XP",Masdar,Unrepairable,0.00,Unknown,Unknown,"2026-08-14 03:36:59.029+00","Mining Ops Admin","2026-08-14 03:37:06.033538+00",,Unknown,t
00c05ac3-1698-4b5b-a65b-0d30f74bba40,"Mirfa Miner",AMD61LC000N79NC0A21QE0101,"AvalonMiner 1366I-122",22.11.15,Mining,0.00,22,11,"2026-08-14 03:36:59.029+00","Mining Ops Admin","2026-08-14 03:37:08.669252+00",,15,t
00c08a57-82f2-4cf3-8158-5a6df199b2be,"Asic Miner",AME31LC000P32ZC0A26QG1901,"AvalonMiner 1366IU-150",22.6.8,Mining,0.00,22,6,"2026-08-08 15:43:38.133+00","Mining Ops Admin","2026-08-05 18:46:56.178156+00",,8,t
00c501ae-cb42-4322-9dbd-97475b363e7a,"Mirfa Miner",JYZZEAABCJFBH0FCX,"Antminer S19 XP",24.4.12,Mining,0.00,24,4,"2026-08-14 03:36:59.029+00","Mining Ops Admin","2026-08-14 03:37:11.490809+00",,12,t
00c5fb0f-36f9-46a2-9099-42ec7f0e9561,"Mirfa Miner",JYZZEAABCJFBH01TM,"Antminer S19 XP",24.4.15,Mining,0.00,24,4,"2026-08-14 03:36:59.029+00","Mining Ops Admin","2026-08-14 03:37:11.490809+00",,15,t
00c889a3-3165-4f86-961a-bc19499f38c1,PSU,PCGPW1212154E9888,GPW121215,10.26.12.13,Deployed,0.00,26,12,"2026-08-07 17:04:11.819+00","Mining Ops Admin","2026-08-07 17:04:12.984542+00",,13,f
00c9d85f-b967-450a-a092-3c1cea1a8f8c,"Mirfa Miner",AME31LC000P33UC0A26QG1901,"AvalonMiner 1366IU-150T",15.11.6,Mining,0.00,15,11,"2026-08-14 03:36:59.029+00","Mining Ops Admin","2026-08-14 03:37:13.257489+00",,6,t
00cc746b-ea37-4aec-a4fe-f67b41ae0128,"Asic Miner",AME31LC000P2VQC0A26QG1901,"AvalonMiner 1366IU-150",23.10.13,Mining,0.00,23,10,"2026-08-08 15:43:38.133+00","Mining Ops Admin","2026-08-05 19:03:09.389032+00",,13,t
00ccb012-a1dd-44b1-a719-0edef8788f4e,"Mirfa Miner",JYZZEAABCJEBB0FPT,"Antminer S19 XP",31.4.15,Mining,0.00,31,4,"2026-08-14 03:36:59.029+00","Mining Ops Admin","2026-08-14 03:37:10.537579+00",,15,t
00ce5777-7f14-4997-b03f-1901a64aaf4c,"Mirfa Miner",JYZZEABBCJFBH0EGM,"Antminer S19 XP",34.6.1,Mining,0.00,34,6,"2026-08-14 03:36:59.029+00","Mining Ops Admin","2026-08-14 03:37:10.537579+00",,1,t
00d0c1c4-5479-4b79-8ae3-0cacebc141ef,"Mirfa Miner",YNAHFEBBEJABA012B,"Antminer S-21 Hydro 319T",112.13.15,Mining,0.00,112,13,"2026-08-14 03:36:59.029+00","Mining Ops Admin","2026-08-14 03:37:16.463682+00",,15,t
00d27d7f-f955-403a-a6b2-f94c8bf41275,"Asic Miner",AME31LC000MKSYC2A26QA2404,"AvalonMiner 1366IU-150",21.4.4,Mining,0.00,21,4,"2026-08-08 15:43:38.133+00","Mining Ops Admin","2026-08-05 19:03:09.389032+00",,4,t
00dd053e-3eb5-4e7b-96ba-3211e63094d7,PSU,KLKT329BCJFBE1636,"APW121215f - V4.0",Warehouse,"Ready for Deployment",0.00,Unknown,Unknown,"2026-08-07 17:04:11.818+00","Mining Ops Admin","2026-08-07 17:04:12.984542+00",,Unknown,f
00df08c6-2cad-46f8-987d-bc65108ea814,"Mirfa Miner",AME31LC000P81HC0A26QG2702,"AvalonMiner 1366IU-150T",30.11.16,Mining,0.00,30,11,"2026-08-14 03:36:59.029+00","Mining Ops Admin","2026-08-14 03:37:09.600642+00",,16,t
00e0f1ec-cf51-47a1-a7ac-71af9d828a07,"Avalon PSU",PS1A0608000049240125000225,"PSU3300-01 PLUS 2(I)-OL",Warehouse,"For Repair",0.00,Unknown,Unknown,"2026-08-08 15:02:38.4+00","Mining Ops Admin","2026-08-08 15:02:39.166105+00",,Unknown,f
00e125ae-8201-4c0a-8b1a-c6369b3dbea7,"Mirfa Miner",JYZZEAABCJEBB02C4,"Antminer S19 XP",21.3.12,Mining,0.00,21,3,"2026-08-14 03:36:59.029+00","Mining Ops Admin","2026-08-14 03:37:11.908786+00",,12,t
00e4d80d-d0a4-4e7e-b9e9-48f8e0578857,"Asic Miner",JYZZEAABCJFBH0XPX,"Antminer s19-XP",18.11.4,Mining,0.00,18,11,"2026-08-08 15:43:38.133+00","Mining Ops Admin","2026-08-05 19:03:09.722017+00",,4,t
00ec79ef-8fa1-4325-8cf7-240034c3f25b,"Mirfa Miner",JYZZEAABCJEBB0HR5,"Antminer S19 XP",3.3.4,Mining,0.00,3,3,"2026-08-14 03:36:59.029+00","Mining Ops Admin","2026-08-14 03:37:14.189196+00",,4,t
00eea4ac-10f3-46ee-b334-9d30516e2ca4,"Asic Miner",PIEMFEBBDJDAE02FX,"Antminer S-21 Hydro 319T",106.12.7,Mining,0.00,106,12,"2026-08-08 15:43:38.133+00","Mining Ops Admin","2026-08-05 19:03:10.086179+00",,7,t
00f12315-d243-4275-af81-534726216b46,"Asic Miner",JYZZEABBCJEBB0557,"Antminer s19-XP",1.4.4,Mining,0.00,1,4,"2026-08-08 15:43:38.133+00","Mining Ops Admin","2026-08-05 19:03:12.079285+00",,4,t
00f1e8ea-0a3b-4ed5-bf12-14cf5d4dffd6,"Mirfa Miner",AME31LC000P4PNC0A26QG2101,"AvalonMiner 1366IU-150T",27.12.16,Mining,0.00,27,12,"2026-08-14 03:36:59.029+00","Mining Ops Admin","2026-08-14 03:37:15.145497+00",,16,t
00f461a7-0911-4b96-9c81-6678087efe0e,"Asic Miner",DGAHAHABDJFAI00E3,"Antminer S-21 Hydro 335T",107.7.10,Mining,0.00,107,7,"2026-08-08 15:43:38.133+00","Mining Ops Admin","2026-08-05 18:50:31.071971+00",,10,t
00f81285-cb1b-486e-a6e3-03727d831df2,"Mirfa Miner",JYZZEABBCJFBH07T9,"Antminer S19 XP",40.8.11,Mining,0.00,40,8,"2026-08-14 03:36:59.029+00","Mining Ops Admin","2026-08-14 03:37:06.536989+00",,11,t
00f84d6e-346f-4065-af6e-eb899aa2f69e,"Mirfa Miner",JYZZEAABCJEBB0JD4,"Antminer S19 XP",1.10.11,Mining,0.00,1,10,"2026-08-14 03:36:59.029+00","Mining Ops Admin","2026-08-14 03:37:14.64988+00",,11,t
00f9b2ac-d05c-4f42-a30b-5d080cae3f68,"Mirfa Miner",AME31LC000P74VC0A26QG2503,"AvalonMiner 1366IU-150T",27.7.6,Mining,0.00,27,7,"2026-08-14 03:36:59.029+00","Mining Ops Admin","2026-08-14 03:37:06.536989+00",,6,t
00fbf657-84f9-43e7-96b2-8d5ccd41055e,"Mirfa Miner",JYZZEABBCJEBB0FG2,"Antminer S19 XP",49.5.8,Mining,0.00,49,5,"2026-08-14 03:36:59.029+00","Mining Ops Admin","2026-08-14 03:37:12.376269+00",,8,t
00fc5c0d-532f-4973-a9a8-f94c5e858922,"Asic Miner",JYZZEABBCJFBH06SD,"Antminer s19-XP",2.12.8,Mining,0.00,2,12,"2026-08-08 15:43:38.133+00","Mining Ops Admin","2026-08-05 19:03:09.722017+00",,8,t
01061084-23c5-45bb-bb27-c43c3f1e8d35,"Mirfa Miner",AME31LC000P3KDC0A26QG2001,"AvalonMiner 1366IU-150T",31.8.5,Mining,0.00,31,8,"2026-08-14 03:36:59.029+00","Mining Ops Admin","2026-08-14 03:37:09.600642+00",,5,t
01078304-27ae-452f-9eef-7a2dd94c2e91,"Mirfa Miner",JYZZEAABCJFBH0F11,"Antminer S19 XP",7.9.8,Mining,0.00,7,9,"2026-08-14 03:36:59.029+00","Mining Ops Admin","2026-08-14 03:37:13.715676+00",,8,t
010bd1c6-450e-42ad-a9d7-d3522b4ce849,"Mirfa Miner",JYZZEAABCJFBH0CAX,"Antminer S19 XP",14.11.15,Mining,0.00,14,11,"2026-08-14 03:36:59.029+00","Mining Ops Admin","2026-08-14 03:37:06.033538+00",,15,t
010bd481-1752-471d-91f1-1822b7a7cbc2,"Mirfa Miner",AME31LC000P4KUC0A26QG2101,"AvalonMiner 1366IU-150T",30.12.6,Mining,0.00,30,12,"2026-08-21 05:30:28.908+00","Mining Ops Admin","2026-08-14 03:37:06.536989+00",,6,t
010ccad1-f740-4f61-8d14-7235057e4304,"Mirfa Miner",AME31LC000P7YYC0A26QG2702,"AvalonMiner 1366IU-150T",16.8.10,Mining,0.00,16,8,"2026-08-14 03:36:59.029+00","Mining Ops Admin","2026-08-14 03:37:12.816944+00",,10,t
010f7c35-732e-4d40-83d8-71dbca8d3b46,"Asic Miner",JYZZEABBCJEBB00PK,"Antminer s19-XP",5.12.3,Mining,0.00,5,12,"2026-08-08 15:43:38.133+00","Mining Ops Admin","2026-08-05 19:03:11.299636+00",,3,t
010f9487-3088-409b-ae23-90cdfccf0066,"Avalon PSU",PS1A0608000049230816000611,"PSU3300-01 PLUS 2(I)-OL",Warehouse,"For Repair",0.00,Unknown,Unknown,"2026-08-11 05:17:43.792+00","Mining Ops Admin","2026-08-11 05:03:08.139646+00",,Unknown,f
0112aba7-ba78-4b0f-9266-88fa996eee74,"Asic Miner",JYZZEAABCJEBB0JS5,"Antminer s19-XP",7.12.5,Mining,0.00,7,12,"2026-08-08 15:43:38.133+00","Mining Ops Admin","2026-08-05 19:03:12.079285+00",,5,t
011db033-c215-4fef-a5bd-91e7ff054e16,"Mirfa Miner",JYZZEAABCJEBB0EJ8,"Antminer S19 XP",5.8.7,Mining,0.00,5,8,"2026-08-14 03:36:59.029+00","Mining Ops Admin","2026-08-14 03:37:14.189196+00",,7,t
011e2de4-4dad-47b6-b541-4af5fe2647a4,"Mirfa Miner",JYZZEAABCJEBB0CJV,"Antminer S19 XP",4.10.1,Mining,0.00,4,10,"2026-08-14 03:36:59.029+00","Mining Ops Admin","2026-08-14 03:37:14.189196+00",,1,t
012015ef-4a2e-4ecb-9305-871bea105b01,"Asic Miner",JYZZAHBBCAJJF00DP,"Antminer S-21 Hydro 319T",107.13.14,Mining,0.00,107,13,"2026-08-08 15:43:38.133+00","Mining Ops Admin","2026-08-05 18:50:28.430504+00",,14,t
012b4cb8-e828-45a8-a45e-ee42c42f1cea,"Mirfa Miner",JYZZEAABCJEBB0ML3,"Antminer S19 XP",50.6.8,Mining,0.00,50,6,"2026-08-14 03:36:59.029+00","Mining Ops Admin","2026-08-14 03:37:06.033538+00",,8,t
01321186-cf27-45f5-b8b6-86250d2e79ee,"Mirfa Miner",JYZZEABBCJEBB0F5J,"Antminer S19 XP",48.7.1,Mining,0.00,48,7,"2026-08-14 03:36:59.029+00","Mining Ops Admin","2026-08-14 03:37:12.376269+00",,1,t
0135318c-ba6e-4956-8d01-295dd6208cef,"Mirfa Miner",JYZZEABBCJEBB0JXR,"Antminer S19 XP",13.12.3,Mining,0.00,13,12,"2026-08-14 03:36:59.029+00","Mining Ops Admin","2026-08-14 03:37:12.816944+00",,3,t
0135423b-0f67-4b0d-939c-b5fd83a3eac5,"Mirfa Miner",JYZZEAABCJFBH0DFV,"Antminer S19 XP",37.11.1,Mining,0.00,37,11,"2026-08-14 03:36:59.029+00","Mining Ops Admin","2026-08-14 03:37:09.600642+00",,1,t
0138342a-afe7-4aeb-b0ed-22ead6be010e,"Asic Miner",JYZZEABBCJFBH08TH,"Antminer s19-XP",17.12.1,Mining,0.00,17,12,"2026-08-08 15:43:38.133+00","Mining Ops Admin","2026-08-05 19:03:13.070756+00",,1,t
0139189b-be17-45d0-9dd6-b7527468d944,"Mirfa Miner",AME31LC000P4FEC0A26QG2101,"AvalonMiner 1366IU-150T",15.8.10,Mining,0.00,15,8,"2026-08-14 03:36:59.029+00","Mining Ops Admin","2026-08-14 03:37:13.257489+00",,10,t
013d95d4-7b21-4d63-8c7a-5f7a43884268,PSU,OLTT329BCJFAG0388,"APW121215f - V4.0",Warehouse,Faulty,0.00,Unknown,Unknown,"2026-08-07 17:04:11.816+00","Mining Ops Admin","2026-08-07 17:04:12.34159+00",,Unknown,f
014585a2-2223-4ed7-b497-35b95a72d503,"Mirfa Miner",JYZZEAABCJEBB095X,"Antminer S19 XP",35.4.11,Mining,0.00,35,4,"2026-08-14 03:36:59.029+00","Mining Ops Admin","2026-08-14 03:37:10.056773+00",,11,t
0146d1dc-27c0-4075-a54d-c9adc0092d89,"Mirfa Miner",AME31LC000P4KWC0A26QG2101,"AvalonMiner 1366IU-150T",23.1.13,Mining,0.00,23,1,"2026-08-16 10:37:40.252+00","Mining Ops Admin","2026-08-14 03:37:06.033538+00",,13,t
0147711c-accd-4ed2-8093-95899161b44a,"Asic Miner",JYZZEAABCJFBH0YT5,"Antminer s19-XP",8.4.4,Mining,0.00,8,4,"2026-08-08 15:43:38.133+00","Mining Ops Admin","2026-08-05 18:46:25.249247+00",,4,t
0148a594-3420-4c18-9632-eed1a3f6afae,"Mirfa Miner",AME31LC000P6XTC0A26QG2503,"AvalonMiner 1366IU-150T",31.2.14,Mining,0.00,31,2,"2026-08-14 03:36:59.029+00","Mining Ops Admin","2026-08-14 03:37:15.145497+00",,14,t
0150cb06-3be8-47d1-a48d-815ea3fdad28,"Mirfa Miner",DGAHGBBBEJDAD00W7,"Antminer S-21e Hydro 310T",101.14.10,Mining,0.00,101,14,"2026-08-14 03:36:59.029+00","Mining Ops Admin","2026-08-14 03:37:17.72977+00",,10,t
0152e3bd-b06c-4109-8193-2a9c353f7abb,"Mirfa Miner",JYZZEABBCJCBE0023,"Antminer S19 XP",49.10.13,Mining,0.00,49,10,"2026-08-14 03:36:59.029+00","Mining Ops Admin","2026-08-14 03:37:07.646472+00",,13,t
01537788-b624-4ba9-908c-9ba236e4335f,PSU,PCGPW1212154E3258,GPW121215,Warehouse,"Brand New",0.00,Unknown,Unknown,"2026-08-07 17:04:11.819+00","Mining Ops Admin","2026-08-07 17:04:12.984542+00",,Unknown,f
015b0a3e-fefa-4871-ac77-36fa8523a62e,"Mirfa Miner",JYZZEAABCJFBH08E4,"Antminer S19 XP",11.1.12,Mining,0.00,11,1,"2026-08-14 03:36:59.029+00","Mining Ops Admin","2026-08-14 03:37:05.062031+00",,12,t
015c984b-7ed9-4daf-8445-1feea5c2d3b1,"Asic Miner",YDFTEABBBJFBJ0144,"Antminer s19-XP",10.2.14,Mining,0.00,10,2,"2026-08-08 15:43:38.133+00","Mining Ops Admin","2026-08-05 19:03:12.564195+00",,14,t
015cfea2-a86d-4153-bdb8-3995e6454287,"Mirfa Miner",JYZZEAABCJEBB0EW6,"Antminer S19 XP",Warehouse,Consolidated,0.00,Unknown,Unknown,"2026-08-14 03:36:59.029+00","Mining Ops Admin","2026-08-14 03:37:16.029188+00",,Unknown,t
016a968b-d533-4a74-bb46-386eca0c3434,"Mirfa Miner",JYZZEAABCJEBB0KKG,"Antminer S19 XP",8.1.15,Mining,0.00,8,1,"2026-08-14 03:36:59.029+00","Mining Ops Admin","2026-08-14 03:37:06.033538+00",,15,t
016aa665-795c-4416-97f9-e77ee1b075fe,"Mirfa Miner",AMD61LC000L34EC2A21SN2403,"AvalonMiner 1366I-122",20.12.15,Mining,0.00,20,12,"2026-08-14 03:36:59.029+00","Mining Ops Admin","2026-08-14 03:37:08.20636+00",,15,t
016d3d9c-5abc-4e32-9669-b5fae3eeaf65,"Mirfa Miner",AME31LC000P2U1C0A26QG1901,"AvalonMiner 1366IU-150T",16.1.10,Mining,0.00,16,1,"2026-08-14 03:36:59.029+00","Mining Ops Admin","2026-08-14 03:37:06.536989+00",,10,t
016dbd8e-dc4c-4082-ac4f-ae45ce320790,"Avalon PSU",PS1A0608000049230816000209,"PSU3300-01 PLUS 2(I)-OL",Warehouse,"For Repair",0.00,Unknown,Unknown,"2026-08-08 15:02:38.399+00","Mining Ops Admin","2026-08-08 14:54:29.11689+00",,Unknown,f
016f863e-d6cc-4fcf-966b-3090253dbc74,"Mirfa Miner",JYZZEABBCJFBH07X8,"Antminer S19 XP",12.12.10,Mining,0.00,12,12,"2026-08-14 03:36:59.029+00","Mining Ops Admin","2026-08-14 03:37:13.257489+00",,10,t
017173c1-ad7b-4174-a7a8-d1b6f778d78a,"Mirfa Miner",AME31LC000MRTWC0A26QC0103,"AvalonMiner 1366I-122",16.11.7,Mining,0.00,16,11,"2026-08-14 03:36:59.029+00","Mining Ops Admin","2026-08-14 03:37:12.816944+00",,7,t
0173b587-30be-463c-9a1d-efcaa0b897a1,"Mirfa Miner",JYZZEABBCJFBH09SW,"Antminer S19 XP",26.10.6,Mining,0.00,26,10,"2026-08-14 03:36:59.029+00","Mining Ops Admin","2026-08-14 03:37:10.988137+00",,6,t
01754b3c-18eb-4d11-b4a0-d3e7c01de0f4,"Mirfa Miner",JYZZEAABCJFBH00SF,"Antminer S19 XP",22.10.4,Mining,0.00,22,10,"2026-08-14 03:36:59.029+00","Mining Ops Admin","2026-08-14 03:37:11.908786+00",,4,t
017b59d6-4f69-4447-b936-fbd72b8dc752,"Mirfa Miner",YNAHFEABDAAAA027E,"Antminer S-21 Hydro 335T",110.8.5,Mining,0.00,110,8,"2026-08-14 03:36:59.029+00","Mining Ops Admin","2026-08-14 03:37:16.463682+00",,5,t
0181aa1b-4f3b-4779-b739-f129efad2a23,"Asic Miner",AME31LC000MKT3C2A26QA2404,"AvalonMiner 1366IU-150",22.8.16,Mining,0.00,22,8,"2026-08-08 15:43:38.133+00","Mining Ops Admin","2026-08-05 19:03:09.389032+00",,16,t
018e8edb-1c56-4b06-8c38-c0480497aba7,"Mirfa Miner",JYZZEAABCJFBH0DFC,"Antminer S19 XP",31.9.11,Mining,0.00,31,9,"2026-08-14 03:36:59.029+00","Mining Ops Admin","2026-08-14 03:37:06.033538+00",,11,t
018edba8-f620-4b34-b07a-bfa380873ec6,"Mirfa Miner",JYZZEAABCJCBE01ZW,"Antminer S19 XP",7.9.14,Mining,0.00,7,9,"2026-08-14 03:36:59.029+00","Mining Ops Admin","2026-08-14 03:37:13.715676+00",,14,t
0190a98b-3c6a-4273-a10d-d345e75feb37,"Mirfa Miner",AME31LC000P4SXC0A26QG2101,"AvalonMiner 1366IU-150T",26.5.5,Mining,0.00,26,5,"2026-08-14 03:36:59.029+00","Mining Ops Admin","2026-08-14 03:37:10.988137+00",,5,t
01912942-7e14-4401-9f0a-c3e1a951bfdc,"Mirfa Miner",JYZZEABBCJFBH03HW,"Antminer S19 XP",37.5.9,Mining,0.00,37,5,"2026-08-14 03:36:59.029+00","Mining Ops Admin","2026-08-14 03:37:10.537579+00",,9,t
01923f94-d893-46a8-9872-925742259f27,"Asic Miner",AME31LC000MTNKC0A26QC0204,"AvalonMiner 1366IU-150",21.3.1,Mining,0.00,21,3,"2026-08-08 15:43:38.133+00","Mining Ops Admin","2026-08-05 18:45:58.795583+00",,1,t
01962347-2b23-4ec7-b846-af88a954835f,"Mirfa Miner",DGAHGBBBEJDAD013T,"Antminer S-21e Hydro 310T",104.12.3,Mining,0.00,104,12,"2026-08-14 03:36:59.029+00","Mining Ops Admin","2026-08-14 03:37:17.356072+00",,3,t
0198c0ea-6f80-4372-aa9b-30ba2b0adb24,"Mirfa Miner",AME31LC000PVLXC0A27QL1305,"AvalonMiner 1466I-173T",23.6.7,Mining,0.00,23,6,"2026-08-14 03:36:59.029+00","Mining Ops Admin","2026-08-14 03:37:15.593756+00",,7,t
01a3ba40-d5f9-4246-b97f-18c851bbb525,"Mirfa Miner",ONETFECBDJFJE01LH,"Antminer S-21 Hydro 302T",106.8.13,Mining,0.00,106,8,"2026-08-14 03:36:59.029+00","Mining Ops Admin","2026-08-14 03:37:16.93405+00",,13,t
01a5aae9-2d46-4117-a854-5bad1f59d1d6,"Asic Miner",JYZZEAABCJEBB0LMM,"Antminer s19-XP",11.3.2,Mining,0.00,11,3,"2026-08-08 15:43:38.133+00","Mining Ops Admin","2026-08-05 19:03:13.477265+00",,2,t
01a60f67-fbbe-42ce-8ccc-b5fd11b3ca2c,"Asic Miner",JYZZEABBCJDBI00AA,"Antminer s19-XP",1.8.16,Mining,0.00,1,8,"2026-08-08 15:43:38.133+00","Mining Ops Admin","2026-08-05 19:03:12.079285+00",,16,t
01a8f4e8-4dbb-4996-9386-ef2f783d76c1,"Mirfa Miner",JYZZEAABCJEBB0HJG,"Antminer S19 XP",11.5.15,Mining,0.00,11,5,"2026-08-14 03:36:59.029+00","Mining Ops Admin","2026-08-14 03:37:14.64988+00",,15,t
01a95674-70ce-4d99-b643-0b770492dc36,"Mirfa Miner",JYZZEABBCJEBB0EDA,"Antminer S19 XP",48.12.13,Mining,0.00,48,12,"2026-08-14 03:36:59.029+00","Mining Ops Admin","2026-08-14 03:37:07.646472+00",,13,t
01ac287c-37fd-4419-a22c-33e1236fbb83,"Asic Miner",JYZZEABBCJDBI00L7,"Antminer s19-XP",21.11.10,Mining,0.00,21,11,"2026-08-08 15:43:38.133+00","Mining Ops Admin","2026-08-05 19:03:12.079285+00",,10,t
01af9f23-53f8-427f-9fdc-7eda7e924e0e,"Asic Miner",JYZZEAABCJFBH0HSV,"Antminer s19-XP",7.4.16,Mining,0.00,7,4,"2026-08-08 15:43:38.133+00","Mining Ops Admin","2026-08-05 19:03:10.966506+00",,16,t
01b27cf1-7c04-4e30-97e0-beed0d535820,"Asic Miner",JYZZEAABCJEBB07ZG,"Antminer s19-XP",7.10.3,Mining,0.00,7,10,"2026-08-08 15:43:38.133+00","Mining Ops Admin","2026-08-05 19:03:12.079285+00",,3,t
01b4812a-68ab-40ae-a4fe-b0ea6e5fcbab,"Asic Miner",JYZZEABBCJFBH10Z8,"Antminer s19-XP",13.1.6,Mining,0.00,13,1,"2026-08-08 15:43:38.133+00","Mining Ops Admin","2026-08-05 19:03:13.070756+00",,6,t
01b75fbb-559b-4fc5-a22f-eeccbe79a28a,"Mirfa Miner",JYZZEAABCJEBB02MV,"Antminer S19 XP",44.6.1,Mining,0.00,44,6,"2026-08-14 03:36:59.029+00","Mining Ops Admin","2026-08-14 03:37:11.908786+00",,1,t
01bb0b18-55ad-45f3-807c-4e9d1f4de8af,"Mirfa Miner",JYZZEAABCJEBB084P,"Antminer S19 XP",11.3.13,Mining,0.00,11,3,"2026-08-14 03:36:59.029+00","Mining Ops Admin","2026-08-14 03:37:13.257489+00",,13,t
01bb326c-350b-49c6-8004-7b7236ff94fd,"Mirfa Miner",JYZZEAABCJEBB0E28,"Antminer S19 XP",17.4.5,Mining,0.00,17,4,"2026-08-14 03:36:59.029+00","Mining Ops Admin","2026-08-14 03:37:12.376269+00",,5,t
01bc4975-47c1-4ddb-a969-cfac651248a3,"Mirfa Miner",DGAHGBBBEJDAD00TC,"Antminer S-21e Hydro 310T",101.14.12,Mining,0.00,101,14,"2026-08-14 03:36:59.029+00","Mining Ops Admin","2026-08-14 03:37:17.72977+00",,12,t
01c842e1-5d33-45fe-823a-62d9ee9cd97e,"Avalon PSU",PS1A0608000049230816000429,"PSU3300-01 PLUS 2(I)-OL",Warehouse,"For Repair",0.00,Unknown,Unknown,"2026-08-08 15:02:38.4+00","Mining Ops Admin","2026-08-08 15:02:39.166105+00",,Unknown,f
01cb837e-6b8a-4703-b8ad-aa6e6a35ea1c,"Mirfa Miner",JYZZEAABCJCBE00P5,"Antminer S19 XP",37.2.3,Mining,0.00,37,2,"2026-08-14 03:36:59.029+00","Mining Ops Admin","2026-08-14 03:37:09.600642+00",,3,t
01cd0a1e-b9f7-458a-812e-90b5c45e83a8,"Mirfa Miner",JYZZEAABCJEBB0FPH,"Antminer S19 XP",30.4.14,Mining,0.00,30,4,"2026-08-14 03:36:59.029+00","Mining Ops Admin","2026-08-14 03:37:10.537579+00",,14,t
01d1063a-1928-429e-ae6d-d469ad008572,"Asic Miner",JYZZEABBCJEBB0ABZ,"Antminer s19-XP",5.5.6,Mining,0.00,5,5,"2026-08-08 15:43:38.133+00","Mining Ops Admin","2026-08-05 19:03:09.722017+00",,6,t
01d20076-36db-49a2-9087-26fb11cb27ef,"Mirfa Miner",JYZZEAABCJFBH0D47,"Antminer S19 XP",49.11.13,Mining,0.00,49,11,"2026-08-14 03:36:59.029+00","Mining Ops Admin","2026-08-14 03:37:07.172297+00",,13,t
01d464db-f823-404e-b985-438ca513990c,"Mirfa Miner",JYZZEABBCJEBB0HC5,"Antminer S19 XP",50.8.12,Mining,0.00,50,8,"2026-08-14 03:36:59.029+00","Mining Ops Admin","2026-08-14 03:37:07.646472+00",,12,t
01d4bd7f-b729-4467-85ab-033d4036385e,"Mirfa Miner",JYZZEABBCJEBB0NBC,"Antminer S19 XP",25.8.13,Mining,0.00,25,8,"2026-08-14 03:36:59.029+00","Mining Ops Admin","2026-08-14 03:37:11.490809+00",,13,t
01d50f76-c9a2-4dce-b94c-536d7c18cb5d,"Mirfa Miner",JYZZEABBCJFBH08D5,"Antminer S19 XP",34.12.10,Mining,0.00,34,12,"2026-08-14 03:36:59.029+00","Mining Ops Admin","2026-08-14 03:37:09.600642+00",,10,t
01d8bb83-31e7-48d8-a5ac-72660c7f453f,"Mirfa Miner",AME31LC000P4EQC0A26QG2101,"AvalonMiner 1366IU-150T",1.5.13,Mining,0.00,1,5,"2026-08-14 03:36:59.029+00","Mining Ops Admin","2026-08-14 03:37:14.64988+00",,13,t
01d91558-6425-4b0c-9fe3-9ec627de5d1c,"Mirfa Miner",JYZZEABBCJFBH0JXY,"Antminer S19 XP",13.1.2,Mining,0.00,13,1,"2026-08-14 03:36:59.029+00","Mining Ops Admin","2026-08-14 03:37:13.257489+00",,2,t
01d98ee0-06d9-4511-9abf-b34c5c51f77e,"Mirfa Miner",JYZZEAABCJCBE00BZ,"Antminer S19 XP",50.7.13,Mining,0.00,50,7,"2026-08-14 03:36:59.029+00","Mining Ops Admin","2026-08-14 03:37:16.029188+00",,13,t
01dad09a-f141-4490-828b-e24665652596,"Mirfa Miner",JYZZEAABCJFBH09AP,"Antminer S19 XP",18.8.10,Mining,0.00,18,8,"2026-08-14 03:36:59.029+00","Mining Ops Admin","2026-08-14 03:37:12.376269+00",,10,t
01dbb19e-557c-4e61-8288-b75096fd68c3,"Asic Miner",AME31LC000MRVTC0A26QC0103,"AvalonMiner 1366IU-150",22.8.4,Mining,0.00,22,8,"2026-08-08 15:43:38.133+00","Mining Ops Admin","2026-08-05 19:03:09.389032+00",,4,t
01e15031-b760-4570-bad5-0a791fdacb8e,"Mirfa Miner",JYZZEABBCJFBH0984,"Antminer S19 XP",41.4.11,Mining,0.00,41,4,"2026-08-14 03:36:59.029+00","Mining Ops Admin","2026-08-14 03:37:08.669252+00",,11,t
01e152cd-a94f-48e8-b0ae-aa35741bd0f3,"Mirfa Miner",JYZZEABBCJFBH0AE1,"Antminer S19 XP",20.3.11,Mining,0.00,20,3,"2026-08-14 03:36:59.029+00","Mining Ops Admin","2026-08-14 03:37:11.908786+00",,11,t
01e2318e-dec4-43d3-accc-1448ac318c59,"Mirfa Miner",YNAHEAABCJFBJ0SGX,"Antminer S19 XP",47.11.15,Mining,0.00,47,11,"2026-08-14 03:36:59.029+00","Mining Ops Admin","2026-08-14 03:37:15.145497+00",,15,t
01e43f2e-4661-4319-8e63-f4e2285b45d5,"Asic Miner",JYZZEAABCJEBB0ZRH,"Antminer s19-XP",26.3.8,Mining,0.00,26,3,"2026-08-08 15:43:38.133+00","Mining Ops Admin","2026-08-05 19:03:10.966506+00",,8,t
01e4fda3-f754-4d63-b7a6-cbbf0f915249,"Mirfa Miner",JYZZEABBCJEBB0W99,"Antminer S19 XP",44.4.6,Mining,0.00,44,4,"2026-08-14 03:36:59.029+00","Mining Ops Admin","2026-08-14 03:37:08.20636+00",,6,t
01eb34d7-a247-4306-94db-3161fbd9dc0f,"Asic Miner",JYZZEAABCJFBH0PTF,"Antminer s19-XP",15.7.8,Mining,0.00,15,7,"2026-08-08 15:43:38.133+00","Mining Ops Admin","2026-08-05 19:03:09.389032+00",,8,t
01ec1e4a-0013-453e-9d40-d9b1a8cdd069,"Mirfa Miner",AMD61LC000N79CC0A21QE0101,"AvalonMiner 1366I-122",32.12.12,Mining,0.00,32,12,"2026-08-14 03:36:59.029+00","Mining Ops Admin","2026-08-14 03:37:07.172297+00",,12,t
01ee9163-ab09-4f7a-8664-1c721e22abb2,"Asic Miner",JYZZEAABCJFBH0ZTE,"Antminer s19-XP",Masdar,"Unrepairable – Declared By Masdar Team",0.00,Unknown,Unknown,"2026-08-08 15:43:38.133+00","Mining Ops Admin","2026-08-05 18:47:37.856654+00",,Unknown,t
01efe052-55f4-42cf-a277-1827daea4746,"Mirfa Miner",AME31LC000P707C0A26QG2503,"AvalonMiner 1366IU-150T",26.1.8,Mining,0.00,26,1,"2026-08-14 03:36:59.029+00","Mining Ops Admin","2026-08-14 03:37:14.64988+00",,8,t
01effbd9-be92-4294-be56-0a9d11f6bfba,"Mirfa Miner",JYZZEAABCJEBB049N,"Antminer S19 XP",2.9.12,Mining,0.00,2,9,"2026-08-14 03:36:59.029+00","Mining Ops Admin","2026-08-14 03:37:14.64988+00",,12,t
01f14af3-a868-40ab-91ba-ede6056131b7,"Mirfa Miner",JYZZEAABCJEBB0J2P,"Antminer S19 XP",1.10.16,Mining,0.00,1,10,"2026-08-14 03:36:59.029+00","Mining Ops Admin","2026-08-14 03:37:14.64988+00",,16,t
01f57ebc-0011-41c5-8734-5decf5c734b7,"Mirfa Miner",JYZZEABBCJFBH0EZE,"Antminer S19 XP",43.8.6,Mining,0.00,43,8,"2026-08-14 03:36:59.029+00","Mining Ops Admin","2026-08-14 03:37:08.669252+00",,6,t
01f5f8a3-bbcc-4117-aabb-e9d2f914600d,"Asic Miner",JYZZEABBCJDBI018A,"Antminer s19-XP",25.2.8,Mining,0.00,25,2,"2026-08-08 15:43:38.133+00","Mining Ops Admin","2026-08-05 19:03:11.620425+00",,8,t
01f891fa-bbf9-48e5-b983-bb311ed0128a,"Asic Miner",PIEMFEBBDAABA00F7,"Antminer S-21 Hydro 319T",107.9.5,Mining,0.00,107,9,"2026-08-08 15:43:38.133+00","Mining Ops Admin","2026-08-05 19:03:10.086179+00",,5,t
01f9710f-8072-498b-a84f-b4fef3b2fb86,"Mirfa Miner",YNAHFECBDAAAA04W3,"Antminer S-21 Hydro 302T",115.14.7,Mining,0.00,115,14,"2026-08-14 03:36:59.029+00","Mining Ops Admin","2026-08-14 03:37:16.029188+00",,7,t
01fbec23-8d7c-468f-a820-d7111f01a52b,"Asic Miner",JYZZEABBCJFBH04ZX,"Antminer s19-XP",1.9.7,Mining,0.00,1,9,"2026-08-08 15:43:38.133+00","Mining Ops Admin","2026-08-05 19:03:10.966506+00",,7,t
01fdd7d9-1cb6-49a4-9636-f67cba3a061e,"Mirfa Miner",AME31LC000P4KDC0A26QG2101,"AvalonMiner 1366IU-150T",28.2.4,Mining,0.00,28,2,"2026-08-14 03:36:59.029+00","Mining Ops Admin","2026-08-14 03:37:05.062031+00",,4,t
020001e3-3d07-42d0-bd04-fb585e3d47cb,"Mirfa Miner",JYZZEAABCJEBB0WP8,"Antminer S19 XP",9.3.14,Mining,0.00,9,3,"2026-08-14 03:36:59.029+00","Mining Ops Admin","2026-08-14 03:37:13.715676+00",,14,t
0200613d-3ac8-4a9f-8681-2a860d16df6d,"Mirfa Miner",AME31LC000P1KCC0A26QG1605,"AvalonMiner 1366IU-150T",2.1.8,Mining,0.00,2,1,"2026-08-14 03:36:59.029+00","Mining Ops Admin","2026-08-14 03:37:14.189196+00",,8,t
0200836b-0aae-402d-a3da-a0e1f5cc06a2,"Mirfa Miner",JYZZEAABCJEBB0RXT,"Antminer S19 XP",9.6.8,Mining,0.00,9,6,"2026-08-14 03:36:59.029+00","Mining Ops Admin","2026-08-14 03:37:11.490809+00",,8,t
020099e9-8a6d-4ecb-a133-332f433a68ee,"Asic Miner",AME31LC000P30FC0A26QG1901,"AvalonMiner 1366IU-150",22.8.14,Mining,0.00,22,8,"2026-08-08 15:43:38.133+00","Mining Ops Admin","2026-08-05 18:50:09.356281+00",,14,t
02035b8e-ac9c-472e-9538-ba7cc2d28bf3,"Mirfa Miner",JYZZEAABCJFBH0D13,"Antminer S19 XP",39.5.16,Mining,0.00,39,5,"2026-08-14 03:36:59.029+00","Mining Ops Admin","2026-08-14 03:37:05.062031+00",,16,t
0203bc20-1164-4f5a-bd5c-305938297291,"Mirfa Miner",JYZZEAABCJEBB02RT,"Antminer S19 XP",10.3.5,Mining,0.00,10,3,"2026-08-14 03:36:59.029+00","Mining Ops Admin","2026-08-14 03:37:13.715676+00",,5,t
0205368a-6778-4aa2-9825-401fb96e90b6,"Asic Miner",AME31LC000MRUFC0A26QC0103,"AvalonMiner 1366IU-150",21.6.10,Mining,0.00,21,6,"2026-08-08 15:43:38.133+00","Mining Ops Admin","2026-08-05 18:50:53.709838+00",,10,t
0206e20e-edfb-4c40-a709-181eec4a59a7,"Asic Miner",JYZZEAABCJHJH02CW,"Antminer s19-XP",9.10.2,Mining,0.00,9,10,"2026-08-08 15:43:38.133+00","Mining Ops Admin","2026-08-05 18:51:12.071419+00",,2,t
02105fdb-9cf2-441c-883c-a33f495712bd,"Mirfa Miner",JYZZEAABCJFBH00PH,"Antminer S19 XP",20.4.6,Mining,0.00,20,4,"2026-08-14 03:36:59.029+00","Mining Ops Admin","2026-08-14 03:37:11.908786+00",,6,t
021d3fbc-10f4-496c-abb6-6be78b9beda8,"Mirfa Miner",JYZZEABBCJEBB0987,"Antminer S19 XP",31.3.12,Mining,0.00,31,3,"2026-08-14 03:36:59.029+00","Mining Ops Admin","2026-08-14 03:37:10.537579+00",,12,t
0221ef29-a7fb-4f22-be0d-44268b78e284,"Asic Miner",JYZZEABBCJEBB081L,"Antminer s19-XP",22.11.8,Mining,0.00,22,11,"2026-08-08 15:43:38.133+00","Mining Ops Admin","2026-08-05 19:03:11.620425+00",,8,t
0222f204-9908-4d2a-ab59-96fd929bbf91,"Mirfa Miner",JYZZEAABCJCBE01T9,"Antminer S19 XP",WH1,"Antminer For Repair + 3 Bad Boards",0.00,Unknown,Unknown,"2026-08-14 03:36:59.029+00","Mining Ops Admin","2026-08-14 03:37:05.062031+00",,Unknown,t
022ad2ae-c6a1-4de2-9ab8-cf539ac6cf3f,"Mirfa Miner",JYZZEABBCJEBB0BH8,"Antminer S19 XP",33.1.7,Mining,0.00,33,1,"2026-08-14 03:36:59.029+00","Mining Ops Admin","2026-08-14 03:37:10.056773+00",,7,t
022b12d8-9f30-40de-8497-c6cf55757271,"Mirfa Miner",JYZZEAABCJFBH00R1,"Antminer S19 XP",41.2.6,Mining,0.00,41,2,"2026-08-14 03:36:59.029+00","Mining Ops Admin","2026-08-14 03:37:09.12554+00",,6,t
022ee462-3ba7-4765-a1bf-ba8969fc9f49,"Asic Miner",JYZZEAABCJFBH0VWF,"Antminer s19-XP",Warehouse,"Ready For Deployment",0.00,Unknown,Unknown,"2026-08-08 15:43:38.133+00","Mining Ops Admin","2026-08-05 18:54:49.045097+00",,Unknown,t
02315108-da55-4d86-984b-04bbb3a50e0f,"Asic Miner",JYZZEAABCJFBH08GX,"Antminer s19-XP",10.4.5,Mining,0.00,10,4,"2026-08-08 15:43:38.133+00","Mining Ops Admin","2026-08-05 19:03:12.564195+00",,5,t
02335930-8196-47fe-8e81-b4d1581f461c,"Mirfa Miner",DGAHGBBBEJDAD0103,"Antminer S-21e Hydro 310T",104.2.7,Mining,0.00,104,2,"2026-08-14 03:36:59.029+00","Mining Ops Admin","2026-08-14 03:37:17.356072+00",,7,t
023584e5-cea2-4415-b21a-1e0971bb11bb,"Mirfa Miner",JYZZEAABCJEBB0HV8,"Antminer S19 XP",27.10.3,Mining,0.00,27,10,"2026-08-14 03:36:59.029+00","Mining Ops Admin","2026-08-14 03:37:10.988137+00",,3,t
0235d6dd-5c47-4370-840d-8f609b6e9102,PSU,KLKT329BCJFBE2394,"APW121215f - V4.0",SS1,Faulty,0.00,Unknown,Unknown,"2026-08-07 17:04:11.815+00","Mining Ops Admin","2026-08-07 17:04:12.34159+00",,Unknown,f
02388e75-468b-4d80-bc9f-180b94b14308,"Asic Miner",PIEMFEBBDJHBB00Y0,"Antminer S-21 Hydro 319T",104.7.7,Mining,0.00,104,7,"2026-08-08 15:43:38.133+00","Mining Ops Admin","2026-08-05 19:03:10.424813+00",,7,t
0238b70f-e80c-4228-b565-5691e79ad696,"Mirfa Miner",AMD61LC000N799C0A21QE0101,"AvalonMiner 1366I-122",27.11.8,Mining,0.00,27,11,"2026-08-14 03:36:59.029+00","Mining Ops Admin","2026-08-14 03:37:07.172297+00",,8,t
023fa538-75bd-4135-90b4-e11e969863cf,"Mirfa Miner",JYZZEAABCJHJH008V,"Antminer S19 XP",Warehouse,Consolidated,0.00,Unknown,Unknown,"2026-08-14 03:36:59.029+00","Mining Ops Admin","2026-08-14 03:37:15.145497+00",,Unknown,t
0245e4b1-e64c-4a61-90b8-13f1e99ab259,"Mirfa Miner",JYZZEAABCJEBB0EWY,"Antminer S19 XP",41.7.3,Mining,0.00,41,7,"2026-08-14 03:36:59.029+00","Mining Ops Admin","2026-08-14 03:37:10.988137+00",,3,t
024ad035-2098-4f59-ac08-4b99de6fc306,"Avalon PSU",PS1A0608000049240125001038,"PSU3300-01 PLUS 2(I)-OL",AME31LC000MQVXC0A26QA2904,"Inside Miner",0.00,Unknown,Unknown,"2026-08-08 15:02:38.399+00","Mining Ops Admin","2026-08-08 15:02:39.166105+00",,Unknown,f
024af740-7ec5-45aa-859a-2d0b9d0b581d,"Mirfa Miner",JYZZEAABCJEBB0GB6,"Antminer S19 XP",41.1.7,Mining,0.00,41,1,"2026-08-14 03:36:59.029+00","Mining Ops Admin","2026-08-14 03:37:08.669252+00",,7,t
0258f437-cdfa-4c52-b6e2-d24ea5f03185,"Asic Miner",AME31LC000MQWEC0A26QA2904,"AvalonMiner 1366IU-150",23.3.16,Mining,0.00,23,3,"2026-08-08 15:43:38.133+00","Mining Ops Admin","2026-08-05 19:03:09.389032+00",,16,t
025a522c-98ea-49bc-bff3-06dbe6f66a99,"Mirfa Miner",DGAHGBBBEJDAG02PD,"Antminer S-21e Hydro 310T",102.8.12,Mining,0.00,102,8,"2026-08-14 03:36:59.029+00","Mining Ops Admin","2026-08-14 03:37:17.72977+00",,12,t
025c39a3-7361-459f-b10f-91cd69425129,"Asic Miner",JYZZEAABCJHJH04ZE,"Antminer s19-XP",18.2.2,Mining,0.00,18,2,"2026-08-08 15:43:38.133+00","Mining Ops Admin","2026-08-05 19:03:12.564195+00",,2,t
025c5aa1-24f6-4e82-b1f6-92b7db12cb2a,"Asic Miner",JYZZEABBCJEBB081T,"Antminer s19-XP",7.6.9,Mining,0.00,7,6,"2026-08-08 15:43:38.133+00","Mining Ops Admin","2026-08-05 19:03:09.722017+00",,9,t
025de0ef-a49a-4aaa-8a3f-ad881557002f,"Mirfa Miner",JYZZEAABCJEBB0HHG,"Antminer S19 XP",44.2.15,Mining,0.00,44,2,"2026-08-14 03:36:59.029+00","Mining Ops Admin","2026-08-14 03:37:08.20636+00",,15,t
0265019f-3459-4c2e-9d65-451ad62db8a4,"Mirfa Miner",DGAHGBBBEJDAD000L,"Antminer S-21e Hydro 310T",105.2.6,Mining,0.00,105,2,"2026-08-14 03:36:59.029+00","Mining Ops Admin","2026-08-14 03:37:17.356072+00",,6,t
0266cd52-93b6-4908-8a04-d8a49627ac02,"Mirfa Miner",DGAHGBBBEJDAD00MG,"Antminer S-21e Hydro 310T",102.12.14,Mining,0.00,102,12,"2026-08-14 03:36:59.029+00","Mining Ops Admin","2026-08-14 03:37:17.356072+00",,14,t
0267b2df-aa43-4a8c-9a90-0b5a376acf4f,"Asic Miner",JYZZEAABCJFBH0C16,"Antminer s19-XP",15.3.3,Mining,0.00,15,3,"2026-08-08 15:43:38.133+00","Mining Ops Admin","2026-08-05 19:03:13.070756+00",,3,t
0268700c-3e1d-4a6a-86b3-b4f98d10fb4a,"Mirfa Miner",DGAHGBBBEJDAD00YC,"Antminer S-21e Hydro 310T",111.12.6,Mining,0.00,111,12,"2026-08-14 03:36:59.029+00","Mining Ops Admin","2026-08-14 03:37:07.172297+00",,6,t
02698e5d-3aa3-4967-8952-3c8910e506e3,"Asic Miner",JYZZEAABCJFBH0DF2,"Antminer s19-XP",15.11.4,Mining,0.00,15,11,"2026-08-08 15:43:38.133+00","Mining Ops Admin","2026-08-05 19:03:13.070756+00",,4,t
0269d9da-577f-4c7a-ad46-b95586d721d2,"Asic Miner",JYZZEABBCJDBI00G6,"Antminer s19-XP",6.9.3,Mining,0.00,6,9,"2026-08-08 15:43:38.133+00","Mining Ops Admin","2026-08-05 19:03:12.079285+00",,3,t
026ca34e-9d5e-433d-9dce-1fa07137d08e,PSU,PCGPW1212154E3611,GPW121215,Warehouse,"Brand New",0.00,Unknown,Unknown,"2026-08-07 17:04:11.819+00","Mining Ops Admin","2026-08-07 17:04:12.984542+00",,Unknown,f
0271f4d3-8d67-4ab3-9bc5-8375d07cdb27,"Asic Miner",SMTTEABBCJEJI02T8,"Antminer s19-XP",21.10.15,Mining,0.00,21,10,"2026-08-20 14:02:25.302+00","Mining Ops Admin","2026-08-05 18:53:58.609103+00",,15,t
02722bb1-3ed0-447d-a94e-8acabc460b3f,"Asic Miner",JYZZEAABCJEBB0RWR,"Antminer s19-XP",8.3.5,Mining,0.00,8,3,"2026-08-08 15:43:38.133+00","Mining Ops Admin","2026-08-05 19:03:12.564195+00",,5,t
0273277a-2bf9-448c-826b-4e9f50756259,"Asic Miner",JYZZEAABCJFBH10JR,"Antminer s19-XP",16.10.12,Mining,0.00,16,10,"2026-08-08 15:43:38.133+00","Mining Ops Admin","2026-08-05 19:03:13.070756+00",,12,t
0274c522-9e42-4e08-997a-fbcd851f0a62,"Asic Miner",PIEMFEBBDJDAE04Y9,"Antminer S-21 Hydro 319T",101.5.4,Mining,0.00,101,5,"2026-08-08 15:43:38.133+00","Mining Ops Admin","2026-08-05 19:03:10.424813+00",,4,t
0275f95b-4592-4317-822a-f7c768b5b1f5,"Mirfa Miner",YNAHFEBBDJFJE01K6,"Antminer S-21 Hydro 319T",113.8.11,Mining,0.00,113,8,"2026-08-14 03:36:59.029+00","Mining Ops Admin","2026-08-14 03:37:16.463682+00",,11,t
027ab3ed-2205-46fa-8137-34e39cfc0b28,"Mirfa Miner",JYZZEAABCJFBH0CK0,"Antminer S19 XP",13.5.15,Mining,0.00,13,5,"2026-08-14 03:36:59.029+00","Mining Ops Admin","2026-08-14 03:37:07.172297+00",,15,t
028178ba-382a-4225-a5b4-98533613070a,"Mirfa Miner",JYZZEAABCJFBH0EXY,"Antminer S19 XP",14.7.2,Mining,0.00,14,7,"2026-08-14 03:36:59.029+00","Mining Ops Admin","2026-08-14 03:37:12.376269+00",,2,t
028408be-3495-46bd-b28d-1322503931e8,"Mirfa Miner",JYZZEAABCJCBE01D0,"Antminer S19 XP",21.3.15,Mining,0.00,21,3,"2026-08-14 03:36:59.029+00","Mining Ops Admin","2026-08-14 03:37:11.908786+00",,15,t
02850122-3203-483d-9a2f-76d6468751a9,"Asic Miner",PIEMFEBBDJEJB0098,"Antminer S-21 Hydro 319T",106.10.7,Mining,0.00,106,10,"2026-08-08 15:43:38.133+00","Mining Ops Admin","2026-08-05 19:03:10.086179+00",,7,t
02867450-7b77-4fdf-866b-9c3184c094c4,"Avalon PSU",PS1A0608000049230816001001,"PSU3300-01 PLUS 2(I)-OL",10.2.7.3,Deployed,0.00,2,7,"2026-08-08 15:02:38.397+00","Mining Ops Admin","2026-08-08 14:54:29.11689+00",,3,f
02882625-95e3-4f77-ae43-787ab751b765,"Asic Miner",AME31LC000P2WTC0A26QG1901,"AvalonMiner 1366IU-150",2.5.11,Mining,0.00,2,5,"2026-08-08 15:43:38.133+00","Mining Ops Admin","2026-08-05 19:03:11.299636+00",,11,t
028b6d0a-8c3b-4208-b9bc-eb82ac75dd36,"Mirfa Miner",DGAHGBBBEJDAD00NR,"Antminer S-21e Hydro 310T",102.12.5,Mining,0.00,102,12,"2026-08-14 03:36:59.029+00","Mining Ops Admin","2026-08-14 03:37:17.356072+00",,5,t
028d5f72-5253-4846-ac23-82b4deaae70f,"Asic Miner",JYZZEABBCJFBH0XJ5,"Antminer s19-XP",3.6.11,Mining,0.00,3,6,"2026-08-08 15:43:38.133+00","Mining Ops Admin","2026-08-05 18:46:08.642683+00",,11,t
028d86aa-7eee-438e-8ae3-4ad1add23e89,"Mirfa Miner",JYZZEAABCJFBH0K2C,"Antminer S19 XP",26.4.2,Mining,0.00,26,4,"2026-08-14 03:36:59.029+00","Mining Ops Admin","2026-08-14 03:37:11.490809+00",,2,t
029157e2-dfec-4799-8bd2-e72095cff90e,"Mirfa Miner",NGSBEAABCJBJB4702,"Antminer S19 XP",Warehouse,Consolidated,0.00,Unknown,Unknown,"2026-08-14 03:36:59.029+00","Mining Ops Admin","2026-08-14 03:37:15.593756+00",,Unknown,t
02917ea6-bc3a-46f1-b563-e10c5d93e209,"Asic Miner",JYZZEAABCJFBH0HYH,"Antminer s19-XP",17.10.1,Mining,0.00,17,10,"2026-08-08 15:43:38.133+00","Mining Ops Admin","2026-08-05 19:03:13.070756+00",,1,t
02928880-c65b-470f-8db3-a902c35f5fe7,"Asic Miner",JYZZEABBCJFBH06PT,"Antminer s19-XP",6.12.8,Mining,0.00,6,12,"2026-08-08 15:43:38.133+00","Mining Ops Admin","2026-08-05 19:03:10.966506+00",,8,t
0296cac4-7d71-4af3-9195-29ff3af536c0,"Asic Miner",PIEMFEBBDAAAD00R8,"Antminer S-21 Hydro 319T",106.14.2,Mining,0.00,106,14,"2026-08-08 15:43:38.133+00","Mining Ops Admin","2026-08-05 19:03:10.086179+00",,2,t
0297cf8f-b803-4db7-8ddb-36831e773fd3,"Mirfa Miner",JYZZEAABCJHJH00WJ,"Antminer S19 XP",Warehouse,Consolidated,0.00,Unknown,Unknown,"2026-08-14 03:36:59.029+00","Mining Ops Admin","2026-08-14 03:37:15.145497+00",,Unknown,t
029a62f7-5b8f-47a7-998f-634bc81cf4b6,"Mirfa Miner",DGAHGBBBEJDAD012A,"Antminer S-21e Hydro 310T",107.8.3,Mining,0.00,107,8,"2026-08-14 03:36:59.029+00","Mining Ops Admin","2026-08-14 03:37:16.93405+00",,3,t
02a1bf06-8021-4c08-ab26-cb09cbd2a040,PSU,KLKT323BCJFJB3004,"APW121215d - V1.3220",SS1,Faulty,0.00,Unknown,Unknown,"2026-08-07 17:04:11.82+00","Mining Ops Admin","2026-08-07 17:04:13.233689+00",,Unknown,f
02a1f67c-d4e0-495e-8c97-8beffc51f722,"Asic Miner",JYZZEABBCJDBI00GY,"Antminer s19-XP",6.1.10,Mining,0.00,6,1,"2026-08-08 15:43:38.133+00","Mining Ops Admin","2026-08-05 19:03:12.079285+00",,10,t
02a792de-7caa-4806-9c0e-ccd477c52946,"Mirfa Miner",JYZZEAABCJFBH01C0,"Antminer S19 XP",34.9.14,Mining,0.00,34,9,"2026-08-14 03:36:59.029+00","Mining Ops Admin","2026-08-14 03:37:09.600642+00",,14,t
02a9e293-e101-4519-93e7-89372a0895a0,"Mirfa Miner",AME31LC000P761C0A26QG2503,"AvalonMiner 1366IU-150T",31.5.13,Mining,0.00,31,5,"2026-08-14 03:36:59.029+00","Mining Ops Admin","2026-08-14 03:37:07.172297+00",,13,t
02aa40ce-89c7-42b2-9547-e7dfbd051342,"Mirfa Miner",YNAHFEABDJFJE01SX,"Antminer S-21 Hydro 335T",115.2.5,Mining,0.00,115,2,"2026-08-14 03:36:59.029+00","Mining Ops Admin","2026-08-14 03:37:16.029188+00",,5,t
02b212ee-065d-43df-9b17-d7ad80284f88,"Mirfa Miner",NGSBEABBCJCJA3015,"Antminer S19 XP",36.12.13,Mining,0.00,36,12,"2026-08-14 03:36:59.029+00","Mining Ops Admin","2026-08-14 03:37:05.062031+00",,13,t
02b31932-a8b6-453f-b86b-842e701bed07,"Mirfa Miner",JYZZEAABCJEBB0HRB,"Antminer S19 XP",3.9.16,Mining,0.00,3,9,"2026-08-14 03:36:59.029+00","Mining Ops Admin","2026-08-14 03:37:14.189196+00",,16,t
02b3470e-e72f-4299-99a4-f470768207ca,"Asic Miner",JYZZEAABCJFBH0JF0,"Antminer s19-XP",25.1.9,Mining,0.00,25,1,"2026-08-08 15:43:38.133+00","Mining Ops Admin","2026-08-05 19:03:11.299636+00",,9,t
02b95623-32f2-4689-9ac3-3cd16b114da4,"Mirfa Miner",JYZZEABBCJFBH0701,"Antminer S19 XP",11.12.6,Mining,0.00,11,12,"2026-08-14 03:36:59.029+00","Mining Ops Admin","2026-08-14 03:37:13.257489+00",,6,t
02c63653-af4f-43f0-8e62-993b0a2dbba5,PSU,DGAH329BCJGBJ2153,"APW121215f - V3.0110",10.9.2.13,Deployed,0.00,9,2,"2026-08-07 17:04:11.815+00","Mining Ops Admin","2026-08-07 17:04:12.34159+00",,13,f
02c641ac-de95-4e41-b0c6-ced11785730d,"Asic Miner",PIEMFEBBDJEJB00XH,"Antminer S-21 Hydro 319T",102.14.2,Mining,0.00,102,14,"2026-08-08 15:43:38.133+00","Mining Ops Admin","2026-08-05 19:03:10.424813+00",,2,t
02d0d0ac-8c74-464a-ab0e-4946cff66943,"Asic Miner",JYZZEAABCJHJH012F,"Antminer s19-XP",17.6.6,Mining,0.00,17,6,"2026-08-08 15:43:38.133+00","Mining Ops Admin","2026-08-05 19:03:09.389032+00",,6,t
02d2d87c-fe69-4715-a8ed-f04634c04086,"Mirfa Miner",JYZZEAABCJEBB0D8R,"Antminer S19 XP",47.4.8,Mining,0.00,47,4,"2026-08-14 03:36:59.029+00","Mining Ops Admin","2026-08-14 03:37:07.646472+00",,8,t
02d53492-7b9c-4edd-84e3-0d4f732e4098,"Asic Miner",JYZZEABBCJFBH0LMG,"Antminer s19-XP",2.8.5,Mining,0.00,2,8,"2026-08-08 15:43:38.133+00","Mining Ops Admin","2026-08-05 19:03:11.620425+00",,5,t
02d88c8d-e92e-4cb6-a1b1-247ddd959546,"Asic Miner",PIEMFEBBDJDAE058F,"Antminer S-21 Hydro 319T",106.12.5,Mining,0.00,106,12,"2026-08-08 15:43:38.133+00","Mining Ops Admin","2026-08-05 19:03:10.086179+00",,5,t
02d962cd-6193-4215-9468-b2bc3b11f0b9,PSU,DGAH323BCJGJH1150,"APW121215d - V1.3210",SS1,Faulty,0.00,Unknown,Unknown,"2026-08-07 17:04:11.815+00","Mining Ops Admin","2026-08-07 17:04:12.34159+00",,Unknown,f
02dfe733-25d9-4113-b4e2-d1442cfd4f1e,"Asic Miner",JYZZEAABCJFBH0CZH,"Antminer s19-XP",17.10.4,Mining,0.00,17,10,"2026-08-08 15:43:38.133+00","Mining Ops Admin","2026-08-05 19:03:13.070756+00",,4,t
02e19aa7-f67f-4ccc-a815-75832d29223c,"Mirfa Miner",JYZZEAABCJEBB0HGF,"Antminer S19 XP",36.1.9,Mining,0.00,36,1,"2026-08-14 03:36:59.029+00","Mining Ops Admin","2026-08-14 03:37:09.600642+00",,9,t
02e1a626-98dd-410c-9752-9c8a04b55401,"Mirfa Miner",DGAHGBBBEJDAD00SR,"Antminer S-21e Hydro 310T",102.6.13,Mining,0.00,102,6,"2026-08-14 03:36:59.029+00","Mining Ops Admin","2026-08-14 03:37:17.72977+00",,13,t
02e400a6-0a73-4c74-b68e-eb5488bd881b,"Mirfa Miner",JYZZEAABCJFBH07RZ,"Antminer S19 XP",48.1.1,Mining,0.00,48,1,"2026-08-14 03:36:59.029+00","Mining Ops Admin","2026-08-14 03:37:07.646472+00",,1,t
02e7b037-c6af-4081-a63e-8cfb2c1f15db,"Mirfa Miner",YNAHFEABDAAAA03KS,"Antminer S-21 Hydro 335T",111.10.5,Mining,0.00,111,10,"2026-08-14 03:36:59.029+00","Mining Ops Admin","2026-08-14 03:37:07.172297+00",,5,t
02e9760a-53a9-437d-8509-d1719b2694ef,PSU,KLKT329BCJFBE0514,"APW121215f - V4.0",Warehouse,Faulty,0.00,Unknown,Unknown,"2026-08-07 17:04:11.815+00","Mining Ops Admin","2026-08-07 17:04:12.34159+00",,Unknown,f
02fb9526-40c3-4da6-ac17-63d8a12b39f6,"Asic Miner",AME31LC000MTPLC0A26QC0204,"AvalonMiner 1366IU-150",25.7.12,Mining,0.00,25,7,"2026-08-08 15:43:38.133+00","Mining Ops Admin","2026-08-05 19:03:10.966506+00",,12,t
02fd18df-b8fe-4884-9525-1ab22831e593,"Mirfa Miner",JYZZEAABCJEBB03ZV,"Antminer S19 XP",5.8.14,Mining,0.00,5,8,"2026-08-14 03:36:59.029+00","Mining Ops Admin","2026-08-14 03:37:14.189196+00",,14,t
030df2b5-3fb0-4caa-ba13-52b38380ceba,"Asic Miner",JYZZEABBCJDBI01XA,"Antminer s19-XP",4.12.11,Mining,0.00,4,12,"2026-08-08 15:43:38.133+00","Mining Ops Admin","2026-08-05 19:03:11.299636+00",,11,t
03118852-30cc-4717-80d0-5508ccdbcefc,"Mirfa Miner",YNAHFEABDAAAA01B2,"Antminer S-21 Hydro 335T",110.12.7,Mining,0.00,110,12,"2026-08-14 03:36:59.029+00","Mining Ops Admin","2026-08-14 03:37:16.463682+00",,7,t
031427ba-a0c1-4b41-8c07-9f1092356c9e,"Mirfa Miner",JYZZEABBCJFBH05G4,"Antminer S19 XP",27.10.6,Mining,0.00,27,10,"2026-08-14 03:36:59.029+00","Mining Ops Admin","2026-08-14 03:37:10.988137+00",,6,t
03145f49-8999-42d4-b09a-ca65e3dca5cd,"Mirfa Miner",DGAHGBBBEJDAD0077,"Antminer S-21e Hydro 310T",106.13.8,Mining,0.00,106,13,"2026-08-14 03:36:59.029+00","Mining Ops Admin","2026-08-14 03:37:16.93405+00",,8,t
0317f3bd-629a-467f-aafc-913c77190e32,"Mirfa Miner",JYZZEABBCJFBH0F1C,"Antminer S19 XP",32.9.15,Mining,0.00,32,9,"2026-08-14 03:36:59.029+00","Mining Ops Admin","2026-08-14 03:37:10.056773+00",,15,t
031a4807-a154-425e-9820-cac332a6c6e3,"Mirfa Miner",JYZZEAABCJEBB0L0W,"Antminer S19 XP",Masdar,"Faulty Antminer + Repair",0.00,Unknown,Unknown,"2026-08-14 03:36:59.029+00","Mining Ops Admin","2026-08-14 03:37:06.536989+00",,Unknown,t
031d4d1b-c317-40ed-9548-ee51ddc8f253,"Asic Miner",JYZZEABBCJDBI00J6,"Antminer s19-XP",13.10.3,Mining,0.00,13,10,"2026-08-08 15:43:38.133+00","Mining Ops Admin","2026-08-05 19:03:13.070756+00",,3,t
03213023-6839-4961-b624-0435e360ccfa,"Asic Miner",AME31LC000P3G7C0A26QG2001,"AvalonMiner 1366IU-150",Warehouse,"For Repair - Out Of Warranty",0.00,Unknown,Unknown,"2026-08-09 18:03:06.308+00","Mining Ops Admin","2026-08-05 18:45:56.1455+00",,Unknown,t
03214bd2-e694-4c10-9f66-f425d50d764e,"Mirfa Miner",JYZZEABBCJEBB0J4M,"Antminer S19 XP",WH1,"Antminer For Repair + 3 Bad Boards",0.00,Unknown,Unknown,"2026-08-14 03:36:59.029+00","Mining Ops Admin","2026-08-14 03:37:06.536989+00",,Unknown,t
03253d2f-dea0-4c42-9e17-9a24f7635985,"Mirfa Miner",JYZZEABBCJFBH0FJ3,"Antminer S19 XP",39.5.7,Mining,0.00,39,5,"2026-08-14 03:36:59.029+00","Mining Ops Admin","2026-08-14 03:37:10.988137+00",,7,t
03278365-c717-4bd2-b48e-68f89638a400,"Mirfa Miner",JYZZEAABCJEBB0PE2,"Antminer S19 XP",Masdar,"Faulty Antminer + Repair",0.00,Unknown,Unknown,"2026-08-14 03:36:59.029+00","Mining Ops Admin","2026-08-14 03:37:06.536989+00",,Unknown,t
0327ae09-05cc-4241-ba45-60f1d3ca3696,"Mirfa Miner",YNAHFEABDAAAA03D5,"Antminer S-21 Hydro 335T",112.5.9,Mining,0.00,112,5,"2026-08-14 03:36:59.029+00","Mining Ops Admin","2026-08-14 03:37:16.463682+00",,9,t
0327f1c6-fcf1-4426-be27-9a9a8df194a3,"Asic Miner",PIEMFEBBDJEJB00JK,"Antminer S-21 Hydro 319T",104.5.2,Mining,0.00,104,5,"2026-08-08 15:43:38.133+00","Mining Ops Admin","2026-08-05 19:03:10.424813+00",,2,t
033197cb-916b-43c8-8f07-3bd8809c12e0,"Mirfa Miner",AME31LC000P3LKC0A26QG2001,"AvalonMiner 1366IU-150T",28.6.2,Mining,0.00,28,6,"2026-08-14 03:36:59.029+00","Mining Ops Admin","2026-08-14 03:37:10.988137+00",,2,t
0333b9e4-c473-4c38-bf18-248a682eb3ee,"Mirfa Miner",AME31LC000P4TFC0A26QG2101,"AvalonMiner 1366IU-150T",32.2.6,Mining,0.00,32,2,"2026-08-14 03:36:59.029+00","Mining Ops Admin","2026-08-14 03:37:06.033538+00",,6,t
033ad51f-e2d3-4e64-b532-c2e2c9c25e30,"Mirfa Miner",DGAHGBBBEJDAD00YF,"Antminer S-21e Hydro 310T",108.10.4,Mining,0.00,108,10,"2026-08-14 03:36:59.029+00","Mining Ops Admin","2026-08-14 03:37:16.93405+00",,4,t
033b162a-3f22-4d7a-bcdb-81d469fa17e3,"Mirfa Miner",AME31LC000P4KXC0A26QG2101,"AvalonMiner 1366IU-150T",WH1,"Ava - For Repair",0.00,Unknown,Unknown,"2026-08-14 03:36:59.029+00","Mining Ops Admin","2026-08-14 03:37:06.033538+00",,Unknown,t
033b8f03-5db6-4bd7-9745-b30023ff745d,"Mirfa Miner",DGAHGBBBEJEJF0055,"Antminer S-21e Hydro 310T",107.5.9,Mining,0.00,107,5,"2026-08-14 03:36:59.029+00","Mining Ops Admin","2026-08-14 03:37:07.172297+00",,9,t
033d3278-eb1c-4182-8aad-9e1afe00866d,"Mirfa Miner",AME31LC000P73GC0A26QG2503,"AvalonMiner 1366IU-150T",WH1,"Ava - For Repair",0.00,Unknown,Unknown,"2026-08-14 03:36:59.029+00","Mining Ops Admin","2026-08-14 03:37:05.062031+00",,Unknown,t
033d8ada-f199-4eba-a108-d6299f353567,"Asic Miner",PIEMFEBBDJDAE04RR,"Antminer S-21 Hydro 319T",103.2.2,Mining,0.00,103,2,"2026-08-08 15:43:38.133+00","Mining Ops Admin","2026-08-05 18:49:58.643508+00",,2,t
03472cd0-9091-45bc-98b5-b6d0dc447305,"Mirfa Miner",JYZZEAABCJEBB0FH2,"Antminer S19 XP",33.3.7,Mining,0.00,33,3,"2026-08-14 03:36:59.029+00","Mining Ops Admin","2026-08-14 03:37:10.056773+00",,7,t
034bdf47-de36-419a-b85e-d5047745f262,"Mirfa Miner",JYZZEAABCJFBH0K0V,"Antminer S19 XP",39.12.1,Mining,0.00,39,12,"2026-08-14 03:36:59.029+00","Mining Ops Admin","2026-08-14 03:37:09.12554+00",,1,t
034c9ed6-39c2-4341-bcfb-6a879e107206,"Mirfa Miner",JYZZEABBCJFBH03PH,"Antminer S19 XP",41.10.12,Mining,0.00,41,10,"2026-08-14 03:36:59.029+00","Mining Ops Admin","2026-08-14 03:37:08.669252+00",,12,t
034d351f-0ce9-491b-b7ae-fcb732cec552,"Mirfa Miner",AME31LC000P23GC0A26QG1801,"AvalonMiner 1366IU-150T",25.6.12,Mining,0.00,25,6,"2026-08-14 03:36:59.029+00","Mining Ops Admin","2026-08-14 03:37:11.490809+00",,12,t
034dc685-d7f3-479b-8412-ff7d337328ea,PSU,KLKT329BCJGJD3423,"APW121215f - V4.0",SS1,Faulty,0.00,Unknown,Unknown,"2026-08-07 17:04:11.82+00","Mining Ops Admin","2026-08-07 17:04:13.233689+00",,Unknown,f
034e918c-06e7-4c09-bf91-e0d2c924cd98,PSU,PCGPW1212154E4790,GPW121215,Warehouse,"Brand New",0.00,Unknown,Unknown,"2026-08-07 17:04:11.819+00","Mining Ops Admin","2026-08-07 17:04:12.984542+00",,Unknown,f
034ead99-c981-4ec4-904d-61d4f644eee9,"Asic Miner",AME31LC000MZ21C0A26QC1902,"AvalonMiner 1366IU-150",Warehouse,"For Repair - Out Of Warranty",0.00,Unknown,Unknown,"2026-08-09 18:03:06.308+00","Mining Ops Admin","2026-08-05 18:49:37.962326+00",,Unknown,t
0352fc01-9a4c-4f1b-b343-c6b3a1062ac6,"Asic Miner",JYZZEAABCJHJH008F,"Antminer s19-XP",Warehouse,"Ready For Deployment",0.00,Unknown,Unknown,"2026-08-08 15:43:38.133+00","Mining Ops Admin","2026-08-05 18:54:16.940779+00",,Unknown,t
035644a6-a04e-46a9-ba97-9406318e1382,"Mirfa Miner",JYZZEABBCJFBH00DH,"Antminer S19 XP",49.12.2,Mining,0.00,49,12,"2026-08-14 03:36:59.029+00","Mining Ops Admin","2026-08-14 03:37:07.172297+00",,2,t
03564b86-0c38-4596-b4e2-033fce52f6b2,"Mirfa Miner",AME31LC000P4MCC0A26QG2101,"AvalonMiner 1366IU-150T",32.6.5,Mining,0.00,32,6,"2026-08-14 03:36:59.029+00","Mining Ops Admin","2026-08-14 03:37:10.056773+00",,5,t
035b9761-4129-4cca-9d56-2fb99a58f2cb,"Mirfa Miner",JYZZEAABCJFBH08AN,"Antminer S19 XP",14.9.14,Mining,0.00,14,9,"2026-08-14 03:36:59.029+00","Mining Ops Admin","2026-08-14 03:37:12.816944+00",,14,t
035f846d-84ec-47bd-b0ea-9298b07e581b,"Mirfa Miner",AME31LC000P2XUC0A26QG1901,"AvalonMiner 1366IU-150T",31.2.16,Mining,0.00,31,2,"2026-08-14 03:36:59.029+00","Mining Ops Admin","2026-08-14 03:37:10.056773+00",,16,t
036091c6-1188-459c-af30-7b095791a497,"Mirfa Miner",DGAHGBBBEJDAD00ZA,"Antminer S-21e Hydro 310T",108.13.2,Mining,0.00,108,13,"2026-08-14 03:36:59.029+00","Mining Ops Admin","2026-08-14 03:37:16.93405+00",,2,t
036607c8-d766-4ae9-8dbf-4f0ba882948f,"Mirfa Miner",AMD61LC000N9S5C0A21QE0102,"AvalonMiner 1366I-122",30.8.2,Mining,0.00,30,8,"2026-08-14 03:36:59.029+00","Mining Ops Admin","2026-08-14 03:37:07.172297+00",,2,t
036663bf-fcc5-4aec-a645-b161f061eaea,"Mirfa Miner",JYZZEABBCJFBH0FJY,"Antminer S19 XP",45.11.11,Mining,0.00,45,11,"2026-08-14 03:36:59.029+00","Mining Ops Admin","2026-08-14 03:37:08.20636+00",,11,t
036b3703-5157-4811-97b0-a1140213f52b,"Asic Miner",JYZZEABBCJEBB0EGY,"Antminer s19-XP",22.1.11,Mining,0.00,22,1,"2026-08-08 15:43:38.133+00","Mining Ops Admin","2026-08-05 19:03:11.620425+00",,11,t
036bc650-cdc1-4757-852d-e9a9e6c78b7c,"Asic Miner",AME31LC000P3A8C0A26QG2001,"AvalonMiner 1366IU-150",21.5.4,Mining,0.00,21,5,"2026-08-08 15:43:38.133+00","Mining Ops Admin","2026-08-05 19:03:11.299636+00",,4,t
036bd482-d7ee-4ed8-8b1a-690245a703b0,PSU,PCGPW1212154E8738,GPW121215,10.8.6.2,Deployed,0.00,8,6,"2026-08-07 17:04:11.818+00","Mining Ops Admin","2026-08-07 17:04:12.984542+00",,2,f
03718794-39c5-4d57-ad5a-d14e84e333a1,"Asic Miner",JYZZEAABCJFBH0W6B,"Antminer s19-XP",18.1.8,Mining,0.00,18,1,"2026-08-08 15:43:38.133+00","Mining Ops Admin","2026-08-05 19:03:12.564195+00",,8,t
03737360-717f-4ced-bbb8-591258b08e69,"Mirfa Miner",AME31LC000P743C0A26QG2503,"AvalonMiner 1366IU-150T",WH1,"Ava - For Repair",0.00,Unknown,Unknown,"2026-08-14 03:36:59.029+00","Mining Ops Admin","2026-08-14 03:37:05.062031+00",,Unknown,t
0374d5fb-b64e-443c-bef0-ff0084ce6912,"Asic Miner",JYZZEAABCJFBH0CL1,"Antminer s19-XP",17.9.14,Mining,0.00,17,9,"2026-08-08 15:43:38.133+00","Mining Ops Admin","2026-08-05 19:03:13.070756+00",,14,t
03783e91-7be7-4119-aed7-a230b892e651,PSU,OLTT329BCJEAB4510,"APW121215f - V3.0110",Warehouse,Faulty,0.00,Unknown,Unknown,"2026-08-07 17:04:11.814+00","Mining Ops Admin","2026-08-07 17:04:12.34159+00",,Unknown,f
0379bc76-ad80-4862-a0e8-b28258337cd6,"Asic Miner",PIEMFECBDJHBB0022,"Antminer S-21 Hydro 302T",102.12.11,Mining,0.00,102,12,"2026-08-08 15:43:38.133+00","Mining Ops Admin","2026-08-05 19:03:10.424813+00",,11,t
0381aa0d-8b8e-49b7-8220-b72c4e506f7c,PSU,PCGPW1212154E8658,GPW121215,Warehouse,"Brand New",0.00,Unknown,Unknown,"2026-08-07 17:04:11.819+00","Mining Ops Admin","2026-08-07 17:04:12.984542+00",,Unknown,f
0381ae90-96cd-4544-aa1d-450f6850b274,"Mirfa Miner",JYZZEAABCJEBB0BP1,"Antminer S19 XP",42.6.2,Mining,0.00,42,6,"2026-08-14 03:36:59.029+00","Mining Ops Admin","2026-08-14 03:37:11.908786+00",,2,t
03849cf5-0804-428b-a535-a3083db75832,"Mirfa Miner",JYZZEABBCJEBB0B7L,"Antminer S19 XP",48.4.11,Mining,0.00,48,4,"2026-08-14 03:36:59.029+00","Mining Ops Admin","2026-08-14 03:37:07.646472+00",,11,t
038740ec-b4cd-458f-aa94-573b9428503a,"Mirfa Miner",JYZZEABBCJEBB0J4D,"Antminer S19 XP",19.10.5,Mining,0.00,19,10,"2026-08-14 03:36:59.029+00","Mining Ops Admin","2026-08-14 03:37:11.908786+00",,5,t
038d9dcb-33b6-431a-b378-e24d2e2c7338,"Asic Miner",JYZZEAABCJHJH03NW,"Antminer s19-XP",Masdar,"Shipped To Masdar For Advance Repair",0.00,Unknown,Unknown,"2026-08-08 15:43:38.133+00","Mining Ops Admin","2026-08-05 18:48:42.874713+00",,Unknown,t
038debc3-d03b-47bd-85df-a9f0477c1ec7,"Mirfa Miner",JYZZEAABCJEBB0H6F,"Antminer S19 XP",WH1,"Antminer For Repair + 3 Bad Boards",0.00,Unknown,Unknown,"2026-08-14 03:36:59.029+00","Mining Ops Admin","2026-08-14 03:37:06.033538+00",,Unknown,t
03918955-6b2c-4544-a3c2-a336f7d25c85,"Asic Miner",JYZZEAABCJDBI001F,"Antminer s19-XP",12.12.1,Mining,0.00,12,12,"2026-08-08 15:43:38.133+00","Mining Ops Admin","2026-08-05 18:49:50.781288+00",,1,t
0396517b-7b16-4057-8320-6df6f07fce94,"Avalon PSU",PS1A0608000049240420000468,"PSU3300-01 PLUS 2(I)-OL",Warehouse,"For Repair",0.00,Unknown,Unknown,"2026-08-08 15:02:38.399+00","Mining Ops Admin","2026-08-08 15:02:39.166105+00",,Unknown,f
03a51c9a-8362-4e1f-8b1b-ff018ca1f726,"Asic Miner",PIEMFEBBDJDAE00WP,"Antminer S-21 Hydro 319T",107.7.12,Mining,0.00,107,7,"2026-08-08 15:43:38.133+00","Mining Ops Admin","2026-08-05 19:03:10.086179+00",,12,t
03a7ea38-4a51-4c4d-8b80-156aa0f88450,"Asic Miner",JYZZEAABCJFBH0BZR,"Antminer s19-XP",19.3.10,Mining,0.00,19,3,"2026-08-08 15:43:38.133+00","Mining Ops Admin","2026-08-05 18:45:13.628143+00",,10,t
03aaee6b-ed86-4e94-9c86-3d3dd7205b8b,"Mirfa Miner",JYZZEAABCJEBB0BNN,"Antminer S19 XP",11.3.10,Mining,0.00,11,3,"2026-08-14 03:36:59.029+00","Mining Ops Admin","2026-08-14 03:37:05.062031+00",,10,t
03adf1b9-1d8b-4c4a-9cc1-0afe8603dbe0,"Asic Miner",JYZZEABBCJEBB06MW,"Antminer s19-XP",20.2.5,Mining,0.00,20,2,"2026-08-08 15:43:38.133+00","Mining Ops Admin","2026-08-05 19:03:12.079285+00",,5,t
03b0d7c9-c926-449f-b5e7-9a3271285aa7,"Asic Miner",JYZZEABBCJFBH06E4,"Antminer s19-XP",22.12.6,Mining,0.00,22,12,"2026-08-08 15:43:38.133+00","Mining Ops Admin","2026-08-05 19:03:11.620425+00",,6,t
03b20814-4cfb-4159-a815-bc59aebc613e,PSU,PCGPW1212154E3841,GPW121215,10.2.2.7,Deployed,0.00,2,2,"2026-08-07 17:04:11.816+00","Mining Ops Admin","2026-08-07 17:04:12.34159+00",,7,f
03b2650b-b105-4fea-90e2-9ad8e1397ef7,"Asic Miner",JYZZEAABCJFBH0E9X,"Antminer s19-XP",15.9.6,Mining,0.00,15,9,"2026-08-08 15:43:38.133+00","Mining Ops Admin","2026-08-05 19:03:13.070756+00",,6,t
03b580d7-c72c-42e3-8b8f-a8b527da7152,"Mirfa Miner",JYZZEAABCJFBH0DJY,"Antminer S19 XP",3.3.13,Mining,0.00,3,3,"2026-08-14 03:36:59.029+00","Mining Ops Admin","2026-08-14 03:37:14.189196+00",,13,t
03b88d4e-30bf-47d5-a102-37fb5c6de677,"Mirfa Miner",JYZZEAABCJEBB026F,"Antminer S19 XP",24.8.14,Mining,0.00,24,8,"2026-08-14 03:36:59.029+00","Mining Ops Admin","2026-08-14 03:37:11.490809+00",,14,t
03b9dbb4-4363-4adb-aa0c-5c3199091a92,"Mirfa Miner",DGAHGBBBEJDAD00KC,"Antminer S-21e Hydro 310T",106.13.7,Mining,0.00,106,13,"2026-08-14 03:36:59.029+00","Mining Ops Admin","2026-08-14 03:37:16.93405+00",,7,t
03ba480e-23e3-4192-b47b-4e1ebff4eca2,"Asic Miner",JYZZEAABCJFBH0RF8,"Antminer s19-XP",Warehouse,"Ready For Deployment - Repaired By Masdar Team",0.00,Unknown,Unknown,"2026-08-08 15:43:38.133+00","Mining Ops Admin","2026-08-05 18:51:28.598684+00",,Unknown,t
03bd6895-e4b5-4f5c-803f-deddb2d268e4,"Mirfa Miner",AME31LC000P4GSC0A26QG2101,"AvalonMiner 1366IU-150T",22.5.8,Mining,0.00,22,5,"2026-08-14 03:36:59.029+00","Mining Ops Admin","2026-08-14 03:37:11.490809+00",,8,t
03bf31a7-554c-484e-b29e-5a1b5d2b9ee0,"Asic Miner",AME31LC000MKVTC2A26QA2404,"AvalonMiner 1366IU-150",21.6.8,Mining,0.00,21,6,"2026-08-08 15:43:38.133+00","Mining Ops Admin","2026-08-05 18:50:47.692227+00",,8,t
03bf438e-aac5-4844-b404-9dea6842bfb1,"Mirfa Miner",JYZZEABBCJFBH01MN,"Antminer S19 XP",2.3.1,Mining,0.00,2,3,"2026-08-14 03:36:59.029+00","Mining Ops Admin","2026-08-14 03:37:14.64988+00",,1,t
03c0cb7c-3fd3-4941-9e4e-9e56c2090d15,"Mirfa Miner",JYZZEABBCJEBB0JYW,"Antminer S19 XP",44.6.16,Mining,0.00,44,6,"2026-08-14 03:36:59.029+00","Mining Ops Admin","2026-08-14 03:37:11.908786+00",,16,t
03c39c73-00a3-4c70-abad-df164e9a8437,"Asic Miner",JYZZEABBCJFBH0GCB,"Antminer s19-XP",5.2.15,Mining,0.00,5,2,"2026-08-08 15:43:38.133+00","Mining Ops Admin","2026-08-05 19:03:11.299636+00",,15,t
03cae478-9b01-4c1c-ae28-abc9f31c29b5,"Mirfa Miner",YNAHFEBBDJFJE01XJ,"Antminer S-21 Hydro 319T",113.14.11,Mining,0.00,113,14,"2026-08-14 03:36:59.029+00","Mining Ops Admin","2026-08-14 03:37:16.463682+00",,11,t
03cc4422-cb8a-4ab3-89ae-401aeb3e65d2,"Mirfa Miner",JYZZEABBCJFBH0JY0,"Antminer S19 XP",21.9.5,Mining,0.00,21,9,"2026-08-14 03:36:59.029+00","Mining Ops Admin","2026-08-14 03:37:11.908786+00",,5,t
03ce314e-6adc-48f5-99cb-a214ae532c99,"Mirfa Miner",JYZZEAABCJCBE01ZJ,"Antminer S19 XP",49.6.7,Mining,0.00,49,6,"2026-08-14 03:36:59.029+00","Mining Ops Admin","2026-08-14 03:37:06.536989+00",,7,t
03d18228-cc74-465d-95b3-c161585218ec,"Mirfa Miner",YNAHFEABDJFJE002L,"Antminer S-21 Hydro 335T",114.8.7,Mining,0.00,114,8,"2026-08-14 03:36:59.029+00","Mining Ops Admin","2026-08-14 03:37:16.029188+00",,7,t
03d7cdc5-84e4-4c5c-9f56-d7fe3629d787,"Asic Miner",JYZZEABBCJDBI01VH,"Antminer s19-XP",3.4.9,Mining,0.00,3,4,"2026-08-08 15:43:38.133+00","Mining Ops Admin","2026-08-05 19:03:11.620425+00",,9,t
03e1445f-2adf-42fa-aec1-42819a3a9a2c,"Mirfa Miner",JYZZEAABCJFBH08XC,"Antminer S19 XP",1.10.2,Mining,0.00,1,10,"2026-08-14 03:36:59.029+00","Mining Ops Admin","2026-08-14 03:37:14.64988+00",,2,t
03e405ac-ca53-4d7b-879a-46e9d9f7b957,"Mirfa Miner",JYZZEABBCJFBH0FHV,"Antminer S19 XP",38.4.14,Mining,0.00,38,4,"2026-08-14 03:36:59.029+00","Mining Ops Admin","2026-08-14 03:37:09.12554+00",,14,t
03e4ff50-39b2-43cb-832a-37e072736b30,"Mirfa Miner",JYZZEAABCJFBH0CLK,"Antminer S19 XP",35.10.5,Mining,0.00,35,10,"2026-08-14 03:36:59.029+00","Mining Ops Admin","2026-08-14 03:37:09.600642+00",,5,t
03e747bc-6e6c-4cc2-bbb3-629d0cce7790,"Mirfa Miner",JYZZEABBCJFBH0BM1,"Antminer S19 XP",23.9.4,Mining,0.00,23,9,"2026-08-14 03:36:59.029+00","Mining Ops Admin","2026-08-14 03:37:11.490809+00",,4,t
03e84d48-a883-4721-aa14-595f314c8873,"Mirfa Miner",AME31LC000P1MRC0A26QG1605,"AvalonMiner 1366IU-150T",WH1,"Ava - For Repair",0.00,Unknown,Unknown,"2026-08-14 03:36:59.029+00","Mining Ops Admin","2026-08-14 03:37:05.062031+00",,Unknown,t
03ed373f-9b6c-42d7-81f5-aaf1843e0573,"Mirfa Miner",AME31LC000P4USC0A26QG2101,"AvalonMiner 1366IU-150T",31.8.10,Mining,0.00,31,8,"2026-08-14 03:36:59.029+00","Mining Ops Admin","2026-08-14 03:37:09.600642+00",,10,t
03eed737-dde7-4a46-9abe-ace3b6ae555d,"Mirfa Miner",JYZZEAABCJEBB0K8D,"Antminer S19 XP",39.9.9,Mining,0.00,39,9,"2026-08-14 03:36:59.029+00","Mining Ops Admin","2026-08-14 03:37:09.12554+00",,9,t
03ef944d-f808-4eaf-8fbb-c36a9cff443e,"Asic Miner",JYZZEABBCJEBB01G0,"Antminer s19-XP",4.5.6,Mining,0.00,4,5,"2026-08-08 15:43:38.133+00","Mining Ops Admin","2026-08-05 19:03:10.424813+00",,6,t
03f78954-abb2-46c9-9f6e-013619c92d53,"Mirfa Miner",JYZZEABBCJFBH03VC,"Antminer S19 XP",15.4.1,Mining,0.00,15,4,"2026-08-14 03:36:59.029+00","Mining Ops Admin","2026-08-14 03:37:12.816944+00",,1,t
03f7bd0b-661e-49ae-93a4-c8fccfc78f3a,"Mirfa Miner",YNAHFEABDJFJE00NH,"Antminer S-21 Hydro 335T",111.13.2,Mining,0.00,111,13,"2026-08-14 03:36:59.029+00","Mining Ops Admin","2026-08-14 03:37:07.172297+00",,2,t
03f88844-2e7c-4ae0-82d7-d59804411b4b,"Asic Miner",JYZZEABBCJEBB05B7,"Antminer s19-XP",6.9.7,Mining,0.00,6,9,"2026-08-08 15:43:38.133+00","Mining Ops Admin","2026-08-05 19:03:12.079285+00",,7,t
03f9865e-b949-4e4d-aad9-f681c78fc4fd,"Asic Miner",AME31LC000P21UC0A26QG1801,"AvalonMiner 1366IU-150",19.4.12,Mining,0.00,19,4,"2026-08-08 15:43:38.133+00","Mining Ops Admin","2026-08-05 19:03:09.722017+00",,12,t
03fcee0c-870f-431a-88d4-ce885f523199,"Asic Miner",JYZZEABBCJFBH0PFA,"Antminer s19-XP",11.10.16,Mining,0.00,11,10,"2026-08-08 15:43:38.133+00","Mining Ops Admin","2026-08-05 19:03:13.477265+00",,16,t
03fd1abd-71e1-46eb-a33f-e200cd4d33fd,"Mirfa Miner",JYZZEAABCJEBB0FB4,"Antminer S19 XP",28.10.14,Mining,0.00,28,10,"2026-08-14 03:36:59.029+00","Mining Ops Admin","2026-08-14 03:37:10.988137+00",,14,t
03fe97a2-a30d-4f36-a828-b8cb47d1f313,"Mirfa Miner",JYZZEABBCJEBB0ME6,"Antminer S19 XP",12.3.15,Mining,0.00,12,3,"2026-08-14 03:36:59.029+00","Mining Ops Admin","2026-08-14 03:37:05.062031+00",,15,t
03ff4e8d-883f-45c4-93db-708655745416,"Asic Miner",JYZZEAABCJFBH09DJ,"Antminer s19-XP",15.12.12,Mining,0.00,15,12,"2026-08-08 15:43:38.133+00","Mining Ops Admin","2026-08-05 19:03:13.070756+00",,12,t
0403d449-3b73-4578-8a8b-7a38de54144c,"Mirfa Miner",JYZZEAABCJEBB0GKB,"Antminer S19 XP",47.12.3,Mining,0.00,47,12,"2026-08-14 03:36:59.029+00","Mining Ops Admin","2026-08-14 03:37:07.646472+00",,3,t
04060fe8-23a9-4819-8063-c2d86228b4e5,"Asic Miner",JYZZEAABCJFBH0REM,"Antminer s19-XP",Masdar,"Unrepairable – Declared By Masdar Team",0.00,Unknown,Unknown,"2026-08-08 15:43:38.133+00","Mining Ops Admin","2026-08-05 18:47:32.913994+00",,Unknown,t
040a8527-37fa-4bf4-9750-8814c2d5ce2b,"Mirfa Miner",JYZZEAABCJEBB0P87,"Antminer S19 XP",41.7.8,Mining,0.00,41,7,"2026-08-14 03:36:59.029+00","Mining Ops Admin","2026-08-14 03:37:10.988137+00",,8,t
0413a382-8093-4a3c-a87e-ed11a6917478,"Mirfa Miner",AME31LC000P6VYC0A26QG2503,"AvalonMiner 1366IU-150T",1.2.15,Mining,0.00,1,2,"2026-08-14 03:36:59.029+00","Mining Ops Admin","2026-08-14 03:37:14.189196+00",,15,t
0413cd90-f28e-4008-ac8b-0178aa905406,"Mirfa Miner",JYZZEABBCJFBH03M3,"Antminer S19 XP",5.6.2,Mining,0.00,5,6,"2026-08-14 03:36:59.029+00","Mining Ops Admin","2026-08-14 03:37:14.64988+00",,2,t
0414409e-fab8-456d-9fae-43dcadb07088,"Mirfa Miner",YNAHFEABDAAAA00V0,"Antminer S-21 Hydro 335T",110.9.8,Mining,0.00,110,9,"2026-08-14 03:36:59.029+00","Mining Ops Admin","2026-08-14 03:37:16.463682+00",,8,t
041a5662-3437-490d-a77b-4c3ccaaffd27,"Mirfa Miner",DGAHGBBBEJDAG02GN,"Antminer S-21e Hydro 310T",103.7.1,Mining,0.00,103,7,"2026-08-14 03:36:59.029+00","Mining Ops Admin","2026-08-14 03:37:17.356072+00",,1,t
04233105-cf38-41fb-a35d-853f3013848d,"Asic Miner",PIEMFEBBDJDAE01D9,"Antminer S-21 Hydro 319T",105.9.13,Mining,0.00,105,9,"2026-08-08 15:43:38.133+00","Mining Ops Admin","2026-08-05 19:03:09.722017+00",,13,t
042368cc-02ba-4c16-80ee-ab80fc6caf37,"Mirfa Miner",JYZZEABBCJFBH0BAN,"Antminer S19 XP",44.6.2,Mining,0.00,44,6,"2026-08-14 03:36:59.029+00","Mining Ops Admin","2026-08-14 03:37:11.908786+00",,2,t
04243191-d86e-4b11-b994-ba2b0744f763,"Mirfa Miner",JYZZEAABCJFBH0A7K,"Antminer S19 XP",39.10.13,Mining,0.00,39,10,"2026-08-14 03:36:59.029+00","Mining Ops Admin","2026-08-14 03:37:09.12554+00",,13,t
04252cee-37c2-49f1-b33a-b6cbe744bf01,"Mirfa Miner",JYZZEABBCJFBH03RZ,"Antminer S19 XP",40.8.3,Mining,0.00,40,8,"2026-08-14 03:36:59.029+00","Mining Ops Admin","2026-08-14 03:37:09.12554+00",,3,t
0426126a-cda7-4cb7-9ef9-5c135dc059b1,"Asic Miner",JYZZEABBCJEBB050W,"Antminer s19-XP",1.10.10,Mining,0.00,1,10,"2026-08-08 15:43:38.133+00","Mining Ops Admin","2026-08-05 19:03:12.079285+00",,10,t
0426347e-ee58-4d7a-badf-656f45e2ca68,"Asic Miner",JYZZEAABCJFBH0018,"Antminer s19-XP",7.3.14,Mining,0.00,7,3,"2026-08-08 15:43:38.133+00","Mining Ops Admin","2026-08-05 19:03:12.079285+00",,14,t
042639ae-e5df-42ee-ac42-9fc18cee0179,"Mirfa Miner",JYZZEAABCJFBH0F1S,"Antminer S19 XP",13.2.12,Mining,0.00,13,2,"2026-08-14 03:36:59.029+00","Mining Ops Admin","2026-08-14 03:37:12.816944+00",,12,t
042992b6-b7ce-4b9e-8037-a19d9cf5ff39,PSU,DGAH329BCJGBA0372,"APW121215f - V3.0110",SS1,Faulty,0.00,Unknown,Unknown,"2026-08-07 17:04:11.82+00","Mining Ops Admin","2026-08-07 17:04:12.984542+00",,Unknown,f
042e82dd-fd17-418b-a15a-1cd3dd06b0fd,"Mirfa Miner",JYZZEAABCJCBE02L3,"Antminer S19 XP",37.9.6,Mining,0.00,37,9,"2026-08-14 03:36:59.029+00","Mining Ops Admin","2026-08-14 03:37:09.600642+00",,6,t
04326c95-293d-4399-b203-0cc9faf16e2f,"Mirfa Miner",ONETFECBDAAJH00JS,"Antminer S-21 Hydro 302T",105.10.11,Mining,0.00,105,10,"2026-08-14 03:36:59.029+00","Mining Ops Admin","2026-08-14 03:37:06.033538+00",,11,t
0432d2c0-d0a3-41aa-87d3-76b9fd6384dc,"Mirfa Miner",AME31LC000P3BQC0A26QG2001,"AvalonMiner 1366IU-150T",32.7.6,Mining,0.00,32,7,"2026-08-14 03:36:59.029+00","Mining Ops Admin","2026-08-14 03:37:10.056773+00",,6,t
0435b3e5-b8e1-478f-aec5-eaaa839d8550,"Mirfa Miner",JYZZEABBCJEBB0VY9,"Antminer S19 XP",9.12.1,Mining,0.00,9,12,"2026-08-14 03:36:59.029+00","Mining Ops Admin","2026-08-14 03:37:13.257489+00",,1,t
043f05f7-4efa-489b-9dc3-542ca0aa2b50,"Mirfa Miner",YNAHFEABEJABA0178,"Antminer S-21 Hydro 335T",115.1.5,Mining,0.00,115,1,"2026-08-14 03:36:59.029+00","Mining Ops Admin","2026-08-14 03:37:16.029188+00",,5,t
043f437c-534a-4490-96a8-d18239fd751f,"Asic Miner",PIEMFECBDJEJB013E,"Antminer S-21 Hydro 302T",102.10.4,Mining,0.00,102,10,"2026-08-08 15:43:38.133+00","Mining Ops Admin","2026-08-05 19:03:10.424813+00",,4,t
044b339c-a214-4c70-aaa4-978030053a7a,"Mirfa Miner",SMTTEABBCJEJI03FK,"Antminer S19 XP",Warehouse,Consolidated,0.00,Unknown,Unknown,"2026-08-14 03:36:59.029+00","Mining Ops Admin","2026-08-14 03:37:15.593756+00",,Unknown,t
044c306b-f7f8-42da-9dc6-84593a512334,"Mirfa Miner",JYZZEAABCJFBH01YS,"Antminer S19 XP",33.7.5,Mining,0.00,33,7,"2026-08-14 03:36:59.029+00","Mining Ops Admin","2026-08-14 03:37:10.056773+00",,5,t
044d9c90-673f-46ff-a8db-c995880e2f92,"Asic Miner",AME31LC000MTNYC0A26QC0204,"AvalonMiner 1366IU-150",20.4.9,Mining,0.00,20,4,"2026-08-08 15:43:38.133+00","Mining Ops Admin","2026-08-05 19:03:09.722017+00",,9,t
0452b9de-891b-4115-91cb-d055f382b466,"Mirfa Miner",JYZZEAABCJEBB0283,"Antminer S19 XP",9.1.6,Mining,0.00,9,1,"2026-08-14 03:36:59.029+00","Mining Ops Admin","2026-08-14 03:37:13.715676+00",,6,t
0452d0e9-12b8-4e88-a099-599594eac80a,"Mirfa Miner",DGAHGBBBEJDAD00Y1,"Antminer S-21e Hydro 310T",108.3.9,Mining,0.00,108,3,"2026-08-14 03:36:59.029+00","Mining Ops Admin","2026-08-14 03:37:16.93405+00",,9,t
04539578-8256-4399-9928-856692cd6e07,"Asic Miner",JYZZEAABCJFBH0D8F,"Antminer s19-XP",Warehouse,"Ready For Deployment",0.00,Unknown,Unknown,"2026-08-08 15:43:38.133+00","Mining Ops Admin","2026-08-05 18:55:03.258874+00",,Unknown,t
0457d45f-dfa0-447a-8995-24812ce7a618,"Mirfa Miner",JYZZEAABCJFBH018P,"Antminer S19 XP",19.3.14,Mining,0.00,19,3,"2026-08-14 03:36:59.029+00","Mining Ops Admin","2026-08-14 03:37:12.376269+00",,14,t
045ac636-c26f-4723-bed3-c511a33f3540,"Asic Miner",JYZZEABBCJFBH1077,"Antminer s19-XP",15.7.10,Mining,0.00,15,7,"2026-08-08 15:43:38.133+00","Mining Ops Admin","2026-08-05 19:03:09.389032+00",,10,t
046e6181-48ff-43fa-9014-334ac6c4529d,"Asic Miner",JYZZEAABCJFBH0ZNC,"Antminer s19-XP",6.5.14,Mining,0.00,6,5,"2026-08-08 15:43:38.133+00","Mining Ops Admin","2026-08-05 18:53:08.58833+00",,14,t
04710b94-d6b6-4aad-ae80-12f535957808,"Asic Miner",AME31LC000MRVAC0A26QC0103,"AvalonMiner 1366IU-150",19.10.16,Mining,0.00,19,10,"2026-08-08 15:43:38.133+00","Mining Ops Admin","2026-08-05 19:03:09.722017+00",,16,t
04725631-1c4c-4f0a-be32-348fe847b54a,"Asic Miner",JYZZEABBCJFBH03N6,"Antminer s19-XP",26.1.6,Mining,0.00,26,1,"2026-08-08 15:43:38.133+00","Mining Ops Admin","2026-08-05 19:03:11.299636+00",,6,t
047bbee4-9871-4443-95c2-a5e7586cdf5e,"Mirfa Miner",AME31LC000P6TYC0A26QG2503,"AvalonMiner 1366IU-150T",24.2.11,Mining,0.00,24,2,"2026-08-14 03:36:59.029+00","Mining Ops Admin","2026-08-14 03:37:12.376269+00",,11,t
047bedae-e255-48d6-b2d6-306a68b031d6,"Mirfa Miner",JYZZEAABCJEBB0FH0,"Antminer S19 XP",13.7.13,Mining,0.00,13,7,"2026-08-14 03:36:59.029+00","Mining Ops Admin","2026-08-14 03:37:12.816944+00",,13,t
047c88d9-cc04-4599-bdb6-de8e4f9079a9,"Mirfa Miner",JYZZEAABCJEBB079D,"Antminer S19 XP",8.7.13,Mining,0.00,8,7,"2026-08-14 03:36:59.029+00","Mining Ops Admin","2026-08-14 03:37:10.988137+00",,13,t
0480ae4f-f9d0-44a1-b58d-d3331a121fa2,"Mirfa Miner",AMD61LC000N7EUC0A21QE0101,"AvalonMiner 1366I-122",WH1,"Ava - For Repair",0.00,Unknown,Unknown,"2026-08-14 03:36:59.029+00","Mining Ops Admin","2026-08-14 03:37:05.062031+00",,Unknown,t
04839ef5-148e-464e-90fa-679643e85d91,"Mirfa Miner",JYZZEAABCJFBH020Y,"Antminer S19 XP",41.8.9,Mining,0.00,41,8,"2026-08-14 03:36:59.029+00","Mining Ops Admin","2026-08-14 03:37:08.669252+00",,9,t
04862c08-7930-4a4d-9429-bfcd3c45352c,"Mirfa Miner",NGSBEAABCJEJD03X0,"Antminer S19 XP",16.9.16,Mining,0.00,16,9,"2026-08-14 03:36:59.029+00","Mining Ops Admin","2026-08-14 03:37:15.145497+00",,16,t
0488c6c6-52f2-4742-aa3e-f18b892cc4a9,"Mirfa Miner",JYZZEAABCJEBB0BRY,"Antminer S19 XP",8.1.13,Mining,0.00,8,1,"2026-08-14 03:36:59.029+00","Mining Ops Admin","2026-08-14 03:37:13.715676+00",,13,t
048906eb-aa82-41d2-8c85-2080fc58e659,"Mirfa Miner",JYZZEAABCJBBG00G6,"Antminer S19 XP",50.12.12,Mining,0.00,50,12,"2026-08-14 03:36:59.029+00","Mining Ops Admin","2026-08-14 03:37:07.172297+00",,12,t
048bc518-009f-4c33-9931-9272a7d4e179,"Asic Miner",JYZZEAABCJEBB0M5M,"Antminer s19-XP",7.12.16,Mining,0.00,7,12,"2026-08-08 15:43:38.133+00","Mining Ops Admin","2026-08-05 19:03:12.079285+00",,16,t
048c3be8-359b-40d7-9f03-3b24a1053e27,"Mirfa Miner",AME31LC000P6XMC0A26QG2503,"AvalonMiner 1366IU-150T",23.11.14,Mining,0.00,23,11,"2026-08-14 03:36:59.029+00","Mining Ops Admin","2026-08-14 03:37:13.257489+00",,14,t
048e28a7-c0dc-40a9-918d-826dcd7620af,"Mirfa Miner",JYZZEABBCJEBB0548,"Antminer S19 XP",Masdar,Unrepairable,0.00,Unknown,Unknown,"2026-08-14 03:36:59.029+00","Mining Ops Admin","2026-08-14 03:37:06.033538+00",,Unknown,t
048eea2d-5b8b-4fae-96bb-6e6cc009b014,"Mirfa Miner",AME31LC000P6W4C0A26QG2503,"AvalonMiner 1366IU-150T",2.2.1,Mining,0.00,2,2,"2026-08-14 03:36:59.029+00","Mining Ops Admin","2026-08-14 03:37:14.189196+00",,1,t
049003df-23b9-409a-a978-cee01d84a3f9,"Mirfa Miner",JYZZEAABCJEBB0HYZ,"Antminer S19 XP",33.10.14,Mining,0.00,33,10,"2026-08-14 03:36:59.029+00","Mining Ops Admin","2026-08-14 03:37:10.056773+00",,14,t
04919b98-da9d-488e-bbba-a41749c2a127,"Mirfa Miner",ONETFEABDAAJH01LY,"Antminer S-21 Hydro 335T",105.10.1,Mining,0.00,105,10,"2026-08-14 03:36:59.029+00","Mining Ops Admin","2026-08-14 03:37:06.033538+00",,1,t
0494cb7d-5880-4ded-b6c6-8207df8e77e2,"Asic Miner",AME31LC000N2QNC0A26QC2303,"AvalonMiner 1366IU-150",Warehouse,"For Diagnosis - Testing In Progress",0.00,Unknown,Unknown,"2026-08-09 18:03:06.308+00","Mining Ops Admin","2026-08-05 18:45:44.20635+00",,Unknown,t
049b781d-f26e-49cb-8857-b9f1ae09445a,"Asic Miner",PIEMFEBBDJDAE03B1,"Antminer S-21 Hydro 319T",101.14.5,Mining,0.00,101,14,"2026-08-26 03:14:06.303+00","Mining Ops Admin","2026-08-05 18:44:08.644646+00",,5,t
049c9a1d-4260-4fc7-af77-139f9a4aee18,"Mirfa Miner",AME31LC000P35KC0A26QG1901,"AvalonMiner 1366IU-150T",16.1.14,Mining,0.00,16,1,"2026-08-14 03:36:59.029+00","Mining Ops Admin","2026-08-14 03:37:12.816944+00",,14,t
04a124b2-917a-4c83-a4c8-f2ea7312111d,"Asic Miner",PIEMFEBBDJEJB00ZL,"Antminer S-21 Hydro 319T",106.9.4,Mining,0.00,106,9,"2026-08-08 15:43:38.133+00","Mining Ops Admin","2026-08-05 19:03:10.086179+00",,4,t
04a1c9d6-1235-4f63-9d60-eaf434f02d50,"Asic Miner",PIEMFEBBDJDAE05WT,"Antminer S-21 Hydro 319T",106.1.3,Mining,0.00,106,1,"2026-08-08 15:43:38.133+00","Mining Ops Admin","2026-08-05 19:03:10.086179+00",,3,t
04a39c19-fc01-4eb8-abcb-5af9d06b50de,"Mirfa Miner",DGAHGBBBEJDAD00SZ,"Antminer S-21e Hydro 310T",108.7.6,Mining,0.00,108,7,"2026-08-14 03:36:59.029+00","Mining Ops Admin","2026-08-14 03:37:16.93405+00",,6,t
04a58d93-9172-4154-8b0e-441c1c4c3829,"Asic Miner",JYZZEABBCJFBH0BHH,"Antminer s19-XP",13.11.9,Mining,0.00,13,11,"2026-08-08 15:43:38.133+00","Mining Ops Admin","2026-08-05 19:03:13.477265+00",,9,t
04a676d7-6054-4d49-8c5a-30103f5f9ba7,"Asic Miner",AME31LC000P2U0C0A26QG1901,"AvalonMiner 1366IU-150",Warehouse,"Ready For Deployment - Repaired By Psu Swap",0.00,Unknown,Unknown,"2026-08-08 15:43:38.133+00","Mining Ops Admin","2026-08-05 19:03:09.389032+00",,Unknown,t
04a72bac-ac85-40ad-8113-8f28cce36c39,"Mirfa Miner",JYZZEAABCJCBE0201,"Antminer S19 XP",38.8.8,Mining,0.00,38,8,"2026-08-14 03:36:59.029+00","Mining Ops Admin","2026-08-14 03:37:09.12554+00",,8,t
04a72d31-46af-4bd9-843f-5fbc44593541,"Mirfa Miner",JYZZEAABCJEBB095L,"Antminer S19 XP",12.7.7,Mining,0.00,12,7,"2026-08-14 03:36:59.029+00","Mining Ops Admin","2026-08-14 03:37:12.816944+00",,7,t
04acf692-abc8-4175-a332-1f8dc1526b60,"Mirfa Miner",JYZZEAABCJEBB0A1Y,"Antminer S19 XP",11.8.6,Mining,0.00,11,8,"2026-08-14 03:36:59.029+00","Mining Ops Admin","2026-08-14 03:37:13.257489+00",,6,t
04ae9c64-2930-4f66-8aa7-6088f571b132,"Asic Miner",JYZZEABBCJEBB06GJ,"Antminer s19-XP",22.2.4,Mining,0.00,22,2,"2026-08-08 15:43:38.133+00","Mining Ops Admin","2026-08-05 19:03:11.620425+00",,4,t
04b17e20-80d8-4ba0-9277-5f5ece31d108,"Mirfa Miner",JYZZEAABCJEBB06VN,"Antminer S19 XP",37.9.2,Mining,0.00,37,9,"2026-08-14 03:36:59.029+00","Mining Ops Admin","2026-08-14 03:37:09.600642+00",,2,t
04b387dd-4ce8-4ca3-b382-79b69faa04f9,"Mirfa Miner",AME31LC000PVHDC0A27QL1305,"AvalonMiner 1466I-173T",22.12.16,Mining,0.00,22,12,"2026-08-14 03:36:59.029+00","Mining Ops Admin","2026-08-14 03:37:15.593756+00",,16,t
04b4a021-c500-4850-9707-e8efb401e6fb,"Mirfa Miner",AME31LC000PTUZC0A27QL1303,"AvalonMiner 1466I-170T",1.12.13,Mining,0.00,1,12,"2026-08-14 03:36:59.029+00","Mining Ops Admin","2026-08-14 03:37:14.64988+00",,13,t
04b711c5-5077-4594-b058-906e209e140b,"Asic Miner",JYZZEAABCJEBB0FV7,"Antminer s19-XP",7.4.12,Mining,0.00,7,4,"2026-08-08 15:43:38.133+00","Mining Ops Admin","2026-08-05 19:03:12.079285+00",,12,t
04b89cf3-f6cc-46c5-bd7a-9deab360ba1e,"Asic Miner",JYZZEABBCJEBB08VL,"Antminer s19-XP",14.7.9,Mining,0.00,14,7,"2026-08-08 15:43:38.133+00","Mining Ops Admin","2026-08-05 19:03:09.389032+00",,9,t
04b9cb5a-6e32-4e4a-a5ca-9862250b68b6,"Mirfa Miner",AME31LC000PVHLC0A27QL1305,"AvalonMiner 1466I-170T",28.6.13,Mining,0.00,28,6,"2026-08-14 03:36:59.029+00","Mining Ops Admin","2026-08-14 03:37:10.988137+00",,13,t
04bc1920-8a28-4970-a96b-48cf52679ea4,"Asic Miner",YNAHEAABCJFBJ0SY5,"Antminer s19-XP",Warehouse,"Ready For Deployment",0.00,Unknown,Unknown,"2026-08-08 15:43:38.133+00","Mining Ops Admin","2026-08-05 18:54:13.796291+00",,Unknown,t
04bc57ab-527f-49ab-8f20-34243aa19094,"Mirfa Miner",JYZZEAABCJEBB0E8D,"Antminer S19 XP",35.11.1,Mining,0.00,35,11,"2026-08-14 03:36:59.029+00","Mining Ops Admin","2026-08-14 03:37:09.600642+00",,1,t
04beb03a-38f2-4602-89f5-eb0017d404a6,PSU,PCGPW1212154E8328,GPW121215,Warehouse,"Brand New",0.00,Unknown,Unknown,"2026-08-07 17:04:11.82+00","Mining Ops Admin","2026-08-07 17:04:12.984542+00",,Unknown,f
04c00f55-9f3b-459f-9ac1-4966368e0878,"Mirfa Miner",JYZZEABBCJFBH0AZW,"Antminer S19 XP",33.2.12,Mining,0.00,33,2,"2026-08-14 03:36:59.029+00","Mining Ops Admin","2026-08-14 03:37:10.056773+00",,12,t
04c2756e-9bcb-42c9-ba6f-e14294cdf92f,"Mirfa Miner",NGSBEAABCJEJD01Z6,"Antminer S19 XP",Warehouse,Consolidated,0.00,Unknown,Unknown,"2026-08-14 03:36:59.029+00","Mining Ops Admin","2026-08-14 03:37:15.593756+00",,Unknown,t
04c5dcc0-56dd-41d3-8167-b968a11fd2c3,"Mirfa Miner",AME31LC000MKTDC2A26QA2404,"AvalonMiner 1366I-122",32.1.16,Mining,0.00,32,1,"2026-08-14 03:36:59.029+00","Mining Ops Admin","2026-08-14 03:37:09.12554+00",,16,t
04c7bc10-d53d-4c50-88bf-fe7d02880818,"Mirfa Miner",JYZZEABBCJEBB0JZ1,"Antminer S19 XP",33.3.2,Mining,0.00,33,3,"2026-08-14 03:36:59.029+00","Mining Ops Admin","2026-08-14 03:37:10.056773+00",,2,t
04c92007-1d05-4e3f-b1f1-ac4f43094bee,"Asic Miner",JYZZEAABCJHJH00ZP,"Antminer s19-XP",10.9.6,Mining,0.00,10,9,"2026-08-08 15:43:38.133+00","Mining Ops Admin","2026-08-05 19:03:12.564195+00",,6,t
04cc7bf7-94f0-4962-9f0c-2c1f56758a06,"Mirfa Miner",JYZZEAABCJEBB0GMJ,"Antminer S19 XP",4.3.1,Mining,0.00,4,3,"2026-08-14 03:36:59.029+00","Mining Ops Admin","2026-08-14 03:37:14.189196+00",,1,t
04d0d64c-62b4-4a6f-8239-e1e8bd3c4864,"Asic Miner",PIEMFEBBDAAAD00G5,"Antminer S-21 Hydro 319T",103.6.7,Mining,0.00,103,6,"2026-08-08 15:43:38.133+00","Mining Ops Admin","2026-08-05 19:03:10.424813+00",,7,t
04d47f69-926d-4113-937c-8539a384ac70,"Mirfa Miner",JYZZEAABCJEBB0L3P,"Antminer S19 XP",14.4.2,Mining,0.00,14,4,"2026-08-14 03:36:59.029+00","Mining Ops Admin","2026-08-14 03:37:12.816944+00",,2,t
04d48e8c-9cef-4a3b-8657-96a5a218059f,"Mirfa Miner",AMD61LC000L361C2A21SN2403,"AvalonMiner 1366I-122",21.12.7,Mining,0.00,21,12,"2026-08-14 03:36:59.029+00","Mining Ops Admin","2026-08-14 03:37:08.20636+00",,7,t
04d79331-5101-439b-8528-a924359ed025,PSU,OLTT323BCJGJF5766,"APW121215d - V1.3210",Warehouse,Faulty,0.00,Unknown,Unknown,"2026-08-07 17:04:11.819+00","Mining Ops Admin","2026-08-07 17:04:12.984542+00",,Unknown,f
04dffb79-d0e5-46ad-81e3-a39129328d5a,"Asic Miner",AME31LC000MZ1QC0A26QC1902,"AvalonMiner 1366IU-150",22.3.7,Mining,0.00,22,3,"2026-08-08 15:43:38.133+00","Mining Ops Admin","2026-08-05 19:03:09.389032+00",,7,t
04e9b40a-d894-4bf7-9fb7-4cda0ed18653,"Mirfa Miner",AME31LC000P4KGC0A26QG2101,"AvalonMiner 1366IU-150T",1.12.12,Mining,0.00,1,12,"2026-08-14 03:36:59.029+00","Mining Ops Admin","2026-08-14 03:37:14.64988+00",,12,t
04ea5578-498f-4bc9-bf96-99ba3778b39d,"Mirfa Miner",AMD61LC000N7BMC0A21QE0101,"AvalonMiner 1366I-122",WH1,"Ava - For Repair",0.00,Unknown,Unknown,"2026-08-14 03:36:59.029+00","Mining Ops Admin","2026-08-14 03:37:05.062031+00",,Unknown,t
04ea7831-3f3c-431d-aff1-e0ab4d2819e3,"Asic Miner",AME31LC000P2Y6C0A26QG1901,"AvalonMiner 1366IU-150",23.5.14,Mining,0.00,23,5,"2026-08-08 15:43:38.133+00","Mining Ops Admin","2026-08-05 18:45:04.118673+00",,14,t
04ec3ffd-00b6-4dbd-b139-6451e756b3a7,"Mirfa Miner",JYZZEABBCJEBB0ZKJ,"Antminer S19 XP",49.3.5,Mining,0.00,49,3,"2026-08-14 03:36:59.029+00","Mining Ops Admin","2026-08-14 03:37:07.646472+00",,5,t
04edb0cf-ae94-415e-a23b-fc705895e57c,"Mirfa Miner",NGSBEABBCJEJD019S,"Antminer S19 XP",Warehouse,Consolidated,0.00,Unknown,Unknown,"2026-08-14 03:36:59.029+00","Mining Ops Admin","2026-08-14 03:37:15.593756+00",,Unknown,t
04f40485-36d4-4413-8fb4-99d97a6dee47,"Mirfa Miner",JYZZEABBCJEBB0JTD,"Antminer S19 XP",9.3.7,Mining,0.00,9,3,"2026-08-14 03:36:59.029+00","Mining Ops Admin","2026-08-14 03:37:13.715676+00",,7,t
04f494e9-94cd-417c-aaa4-d78cb3d571d9,"Mirfa Miner",JYZZEAABCJEBB0GRG,"Antminer S19 XP",11.10.7,Mining,0.00,11,10,"2026-08-14 03:36:59.029+00","Mining Ops Admin","2026-08-14 03:37:13.257489+00",,7,t
04f49d8e-96e0-49e6-9b5b-17e6cbe11a6a,PSU,KLKT329BCJGJD1531,"APW121215f - V4.0",SS1,Faulty,0.00,Unknown,Unknown,"2026-08-07 17:04:11.819+00","Mining Ops Admin","2026-08-07 17:04:12.984542+00",,Unknown,f
04f96be7-7716-4491-ac65-cfd15a34f0af,"Mirfa Miner",ONETFEABDJFJE00XY,"Antminer S-21 Hydro 335T",106.5.5,Mining,0.00,106,5,"2026-08-14 03:36:59.029+00","Mining Ops Admin","2026-08-14 03:37:16.93405+00",,5,t
04fa2add-f624-429f-96fb-3b2b64fe5caf,"Asic Miner",JYZZEAABCJFBH0ZL0,"Antminer s19-XP",4.2.13,Mining,0.00,4,2,"2026-08-08 15:43:38.133+00","Mining Ops Admin","2026-08-05 19:03:11.299636+00",,13,t
04fc1091-f370-410a-8572-4123bd38782f,"Mirfa Miner",JYZZEAABCJEBB0F6E,"Antminer S19 XP",33.5.15,Mining,0.00,33,5,"2026-08-14 03:36:59.029+00","Mining Ops Admin","2026-08-14 03:37:10.056773+00",,15,t
05024562-2426-4ace-ab40-ba657c72a54a,"Asic Miner",JYZZEABBCJDBI007G,"Antminer s19-XP",11.12.5,Mining,0.00,11,12,"2026-08-08 15:43:38.133+00","Mining Ops Admin","2026-08-05 19:03:13.477265+00",,5,t
05038754-89a3-4ec5-9250-ab2d46e206b9,"Asic Miner",JYZZEABBCJFBH104R,"Antminer s19-XP",21.2.10,Mining,0.00,21,2,"2026-08-08 15:43:38.133+00","Mining Ops Admin","2026-08-05 19:03:12.079285+00",,10,t
0508cc75-523b-4f8c-9774-17010514c911,"Mirfa Miner",JYZZEAABCJEBB0B4F,"Antminer S19 XP",9.10.9,Mining,0.00,9,10,"2026-08-14 03:36:59.029+00","Mining Ops Admin","2026-08-14 03:37:13.257489+00",,9,t
050ca226-7ae3-4f22-bb0b-a9ccfeda9f64,"Mirfa Miner",ONETFECBDAAJH00LW,"Antminer S-21 Hydro 302T",105.1.11,Mining,0.00,105,1,"2026-08-14 03:36:59.029+00","Mining Ops Admin","2026-08-14 03:37:17.356072+00",,11,t
050ca561-e090-4d4a-a5a8-4ffff19ebfa6,"Mirfa Miner",JYZZEAABCJEBB07AT,"Antminer S19 XP",8.9.4,Mining,0.00,8,9,"2026-08-14 03:36:59.029+00","Mining Ops Admin","2026-08-14 03:37:13.715676+00",,4,t
050d040f-9992-4f31-b684-34d439433e86,"Mirfa Miner",YNAHFEABDAAAA0029,"Antminer S-21 Hydro 335T",115.12.1,Mining,0.00,115,12,"2026-08-14 03:36:59.029+00","Mining Ops Admin","2026-08-14 03:37:16.029188+00",,1,t
05100d24-560b-40f9-a6bb-0b3d47068200,"Mirfa Miner",JYZZEAABCJEBB0FYZ,"Antminer S19 XP",3.11.11,Mining,0.00,3,11,"2026-08-14 03:36:59.029+00","Mining Ops Admin","2026-08-14 03:37:14.189196+00",,11,t
05105af3-8521-4420-a3c0-3dfb951c7a9d,"Asic Miner",PIEMFEBBDJDAE034H,"Antminer S-21 Hydro 319T",103.14.1,Mining,0.00,103,14,"2026-08-08 15:43:38.133+00","Mining Ops Admin","2026-08-05 19:03:10.424813+00",,1,t
0512c4bb-8d2e-45e4-af77-13cb4f614e4a,"Mirfa Miner",JYZZEAABCJEBB0FG6,"Antminer S19 XP",40.7.4,Mining,0.00,40,7,"2026-08-14 03:36:59.029+00","Mining Ops Admin","2026-08-14 03:37:10.988137+00",,4,t
05140743-4434-4cd7-b17c-fdc5b59c70a0,"Mirfa Miner",JYZZEAABCJFBH01MH,"Antminer S19 XP",9.12.9,Mining,0.00,9,12,"2026-08-14 03:36:59.029+00","Mining Ops Admin","2026-08-14 03:37:13.257489+00",,9,t
051472b2-241b-463d-afee-b25f0c57ed61,"Asic Miner",YDFTEABBBJFAC002B,"Antminer s19-XP",3.9.7,Mining,0.00,3,9,"2026-08-08 15:43:38.133+00","Mining Ops Admin","2026-08-05 19:03:11.620425+00",,7,t
05158c04-46e3-4736-a5bd-fd941c945106,"Asic Miner",JYZZEABBCJFBH0650,"Antminer s19-XP",19.1.15,Mining,0.00,19,1,"2026-08-08 15:43:38.133+00","Mining Ops Admin","2026-08-05 19:03:12.564195+00",,15,t
051a0006-d2b9-40b6-bd29-0579e41c2bbf,"Mirfa Miner",JYZZEAABCJFBH0EP3,"Antminer S19 XP",34.9.12,Mining,0.00,34,9,"2026-08-14 03:36:59.029+00","Mining Ops Admin","2026-08-14 03:37:09.600642+00",,12,t
051af061-9c5e-4376-92ae-924f0334be85,"Mirfa Miner",JYZZEAABCJEBB0G55,"Antminer S19 XP",44.4.10,Mining,0.00,44,4,"2026-08-14 03:36:59.029+00","Mining Ops Admin","2026-08-14 03:37:07.172297+00",,10,t
051b3aa0-d7e6-4ed1-8e80-a7d949415f1d,"Mirfa Miner",JYZZEAABCJEBB071Y,"Antminer S19 XP",WH1,"Antminer For Repair + 3 Bad Boards",0.00,Unknown,Unknown,"2026-08-14 03:36:59.029+00","Mining Ops Admin","2026-08-14 03:37:05.062031+00",,Unknown,t
051c98e9-366d-440c-b0fd-230bbae17b3f,"Asic Miner",PIEMFEBBDJDAE00NP,"Antminer S-21 Hydro 319T",107.5.9,Mining,0.00,107,5,"2026-08-08 15:43:38.133+00","Mining Ops Admin","2026-08-05 19:03:10.086179+00",,9,t
051ddb00-72d7-467a-bce6-3a414a58841a,"Mirfa Miner",JYZZEAABCJCBE00J2,"Antminer S19 XP",12.10.3,Mining,0.00,12,10,"2026-08-14 03:36:59.029+00","Mining Ops Admin","2026-08-14 03:37:12.816944+00",,3,t
051e8ed5-a087-4b93-b12d-f62e8fa33c08,"Asic Miner",PIEMFEBBDAAAD014G,"Antminer S-21 Hydro 319T",102.10.10,Mining,0.00,102,10,"2026-08-08 15:43:38.133+00","Mining Ops Admin","2026-08-05 19:03:10.424813+00",,10,t
05226e51-898f-4c3a-bcd6-a98f19a86007,"Asic Miner",JYZZEAABCJFBH0YHK,"Antminer s19-XP",19.3.13,Mining,0.00,19,3,"2026-08-08 15:43:38.133+00","Mining Ops Admin","2026-08-05 18:45:15.468015+00",,13,t
0522c4fc-1827-46cb-b9d8-d53d68fd6e46,"Mirfa Miner",JYZZEAABBJIBH02MB,"Antminer S19 XP",44.6.10,Mining,0.00,44,6,"2026-08-14 03:36:59.029+00","Mining Ops Admin","2026-08-14 03:37:06.536989+00",,10,t
05248964-b419-4f0b-a0c2-c549494b00c7,"Mirfa Miner",JYZZEAABCJEBB0ATX,"Antminer S19 XP",10.9.5,Mining,0.00,10,9,"2026-08-14 03:36:59.029+00","Mining Ops Admin","2026-08-14 03:37:13.257489+00",,5,t
0526c538-feaa-446b-bae6-18bf056cdd34,"Mirfa Miner",JYZZEAABCJCBE01ZE,"Antminer S19 XP",37.9.8,Mining,0.00,37,9,"2026-08-14 03:36:59.029+00","Mining Ops Admin","2026-08-14 03:37:09.600642+00",,8,t
05289c19-4083-4888-864d-6797eb119667,"Asic Miner",YDFTEABBBJGAE025D,"Antminer s19-XP",8.11.5,Mining,0.00,8,11,"2026-08-08 15:43:38.133+00","Mining Ops Admin","2026-08-05 19:03:12.564195+00",,5,t
0529c36f-82e9-4f53-8b42-9ab7024fbaff,"Asic Miner",JYZZEABBCJFBH0C8P,"Antminer s19-XP",8.12.16,Mining,0.00,8,12,"2026-08-08 15:43:38.133+00","Mining Ops Admin","2026-08-05 19:03:12.564195+00",,16,t
052a3e08-b614-4839-9a21-95ead070d794,"Mirfa Miner",JYZZEAABCJDBI094D,"Antminer S19 XP",39.8.11,Mining,0.00,39,8,"2026-08-14 03:36:59.029+00","Mining Ops Admin","2026-08-14 03:37:09.12554+00",,11,t
052b011c-6e4a-4837-899b-11f4072e6986,"Mirfa Miner",YNAHFEBBDJFJE00HS,"Antminer S-21 Hydro 319T",113.13.7,Mining,0.00,113,13,"2026-08-14 03:36:59.029+00","Mining Ops Admin","2026-08-14 03:37:16.463682+00",,7,t
052ef26b-ee17-4e06-925b-6a7fe0dac44d,"Mirfa Miner",JYZZEAABCJEBB01ZR,"Antminer S19 XP",1.10.13,Mining,0.00,1,10,"2026-08-14 03:36:59.029+00","Mining Ops Admin","2026-08-14 03:37:14.64988+00",,13,t
052efc6c-9a29-4025-85ad-3076ec922e9d,"Mirfa Miner",PIEMFECBDJDAE02MX,"Antminer S-21 Hydro 302T",110.10.11,Mining,0.00,110,10,"2026-08-14 03:36:59.029+00","Mining Ops Admin","2026-08-14 03:37:07.172297+00",,11,t
052fc5e2-86ac-4b4f-bc2f-6dad6da62379,"Mirfa Miner",AME31LC000P4LGC0A26QG2101,"AvalonMiner 1366IU-150T",27.6.13,Mining,0.00,27,6,"2026-08-14 03:36:59.029+00","Mining Ops Admin","2026-08-14 03:37:05.062031+00",,13,t
05324288-adf6-4891-b44e-7a9de23104e3,"Asic Miner",JYZZEABBCJEBB0D2Z,"Antminer s19-XP",25.1.11,Mining,0.00,25,1,"2026-08-08 15:43:38.133+00","Mining Ops Admin","2026-08-05 18:51:08.873909+00",,11,t
0539d63a-1c40-4f25-9bf0-cbdae9f1f816,"Asic Miner",JYZZEAABCJHJH00JR,"Antminer s19-XP",14.1.7,Mining,0.00,14,1,"2026-08-08 15:43:38.133+00","Mining Ops Admin","2026-08-05 19:03:13.070756+00",,7,t
053ae80d-68ae-4b39-a8d3-c5b4e81107cd,"Mirfa Miner",JYZZEABBCJFBH0AZM,"Antminer S19 XP",33.11.5,Mining,0.00,33,11,"2026-08-14 03:36:59.029+00","Mining Ops Admin","2026-08-14 03:37:10.056773+00",,5,t
053d25af-28b3-4e76-b55a-9c76131a2017,"Mirfa Miner",AME31LC000P6YNC0A26QG2503,"AvalonMiner 1366IU-150T",24.1.6,Mining,0.00,24,1,"2026-08-14 03:36:59.029+00","Mining Ops Admin","2026-08-14 03:37:13.715676+00",,6,t
0542fe15-d9f2-4350-83d3-84ef7925e469,PSU,PCGPW1212154E4739,GPW121215,10.13.9.1,Deployed,0.00,13,9,"2026-08-07 17:04:11.816+00","Mining Ops Admin","2026-08-07 17:04:12.34159+00",,1,f
054385e4-a52f-4bf6-b716-0b568fa5d673,"Mirfa Miner",JYZZEAABCJEBB0GW7,"Antminer S19 XP",46.9.1,Mining,0.00,46,9,"2026-08-14 03:36:59.029+00","Mining Ops Admin","2026-08-14 03:37:08.20636+00",,1,t
0548a48a-f7bc-472e-9389-8db96fd17e51,"Mirfa Miner",AME31LC000P767C0A26QG2503,"AvalonMiner 1366IU-150T",26.12.13,Mining,0.00,26,12,"2026-08-14 03:36:59.029+00","Mining Ops Admin","2026-08-14 03:37:05.062031+00",,13,t
054a6196-2b8b-4762-a2d3-ea2a19f0d3f8,"Asic Miner",JYZZEABBCJDBI00A8,"Antminer s19-XP",1.8.10,Mining,0.00,1,8,"2026-08-08 15:43:38.133+00","Mining Ops Admin","2026-08-05 19:03:12.079285+00",,10,t
0550a4f3-374c-4a26-b493-101adb26e364,"Asic Miner",JYZZEAABCJFBH0F52,"Antminer s19-XP",17.2.12,Mining,0.00,17,2,"2026-08-08 15:43:38.133+00","Mining Ops Admin","2026-08-05 19:03:13.070756+00",,12,t
0551218c-d31d-486a-86d3-fc1078e7bef7,"Asic Miner",PIEMFEBBDJDAE04FM,"Antminer S-21 Hydro 319T",103.12.6,Mining,0.00,103,12,"2026-08-08 15:43:38.133+00","Mining Ops Admin","2026-08-05 18:48:57.513014+00",,6,t
0555d263-d434-49e8-8153-7cc5a12ae0fd,"Asic Miner",AME31LC000MM6ZC0A26QA2604,"AvalonMiner 1366IU-150",1.7.7,Mining,0.00,1,7,"2026-08-08 15:43:38.133+00","Mining Ops Admin","2026-08-05 19:03:10.966506+00",,7,t
0558b302-9c55-460e-8932-0ae33d245da8,"Mirfa Miner",JYZZEAABCJEBB0GPL,"Antminer S19 XP",8.4.6,Mining,0.00,8,4,"2026-08-14 03:36:59.029+00","Mining Ops Admin","2026-08-14 03:37:13.715676+00",,6,t
055c369a-7b68-4a10-8a2f-d3b90e69a024,"Mirfa Miner",JYZZEAABCJEBB0F5Y,"Antminer S19 XP",7.12.6,Mining,0.00,7,12,"2026-08-14 03:36:59.029+00","Mining Ops Admin","2026-08-14 03:37:13.715676+00",,6,t
055efd74-1d6f-4949-949e-850f247012e8,"Mirfa Miner",AME31LC000P39KC0A26QG2001,"AvalonMiner 1366IU-150T",23.2.7,Mining,0.00,23,2,"2026-08-14 03:36:59.029+00","Mining Ops Admin","2026-08-14 03:37:13.257489+00",,7,t
05614582-7a55-4abc-992a-c1c6a3af29f6,"Mirfa Miner",AMD61LC000N7C9C0A21QE0101,"AvalonMiner 1366I-122",17.1.12,Mining,0.00,17,1,"2026-08-14 03:36:59.029+00","Mining Ops Admin","2026-08-14 03:37:07.646472+00",,12,t
0566231b-135d-48fd-a4b6-2d709d4a5b3a,"Asic Miner",JYZZEABBCJFBH06ED,"Antminer s19-XP",22.12.2,Mining,0.00,22,12,"2026-08-08 15:43:38.133+00","Mining Ops Admin","2026-08-05 19:03:11.620425+00",,2,t
056718f4-9af4-4b8b-a0a3-9f75e15311a9,"Avalon PSU",PS1A0608000057241124000418,"PSU3301-01(I)-OL",10.18.8.4,Deployed,0.00,18,8,"2026-08-08 15:02:38.397+00","Mining Ops Admin","2026-08-08 14:54:29.11689+00",,4,f
056b8451-1a58-415b-bac1-da2b29539d77,"Asic Miner",JYZZEAABCJFBH0CD5,"Antminer s19-XP",Warehouse,"For Repair - 3 Faulty Boards",0.00,Unknown,Unknown,"2026-08-08 15:43:38.133+00","Mining Ops Admin","2026-08-05 18:43:50.259377+00",,Unknown,t
056db830-3ce8-49d4-b5b2-b90f30784c24,"Asic Miner",AME31LC000N2Q5C0A26QC2303,"AvalonMiner 1366IU-150",24.6.9,Mining,0.00,24,6,"2026-08-08 15:43:38.133+00","Mining Ops Admin","2026-08-05 18:44:26.198671+00",,9,t
05758e2d-ff9a-4567-92a4-28e3c2d2a593,"Mirfa Miner",JYZZEABBCJEBB0GBW,"Antminer S19 XP",42.3.13,Mining,0.00,42,3,"2026-08-14 03:36:59.029+00","Mining Ops Admin","2026-08-14 03:37:08.669252+00",,13,t
05770f65-b986-448c-83d5-721b0a829f9a,"Mirfa Miner",PIEMFECBDAAAD01V5,"Antminer S-21 Hydro 302T",111.14.6,Mining,0.00,111,14,"2026-08-14 03:36:59.029+00","Mining Ops Admin","2026-08-14 03:37:16.463682+00",,6,t
057d05d5-a016-416d-a247-02f6c1a3c386,PSU,OLTT329BCJGBB1367,"APW121215f - V4.0",SS1,Faulty,0.00,Unknown,Unknown,"2026-08-07 17:04:11.819+00","Mining Ops Admin","2026-08-07 17:04:12.984542+00",,Unknown,f
057d4c49-77a5-4cc2-a833-76c6812b4206,"Asic Miner",AME31LC000P3D7C0A26QG2001,"AvalonMiner 1366IU-150",24.7.7,Mining,0.00,24,7,"2026-08-08 15:43:38.133+00","Mining Ops Admin","2026-08-05 18:46:50.679838+00",,7,t
05861518-e79b-405e-8420-2ede5a37ed7e,"Asic Miner",PIEMFEBBDAABA0063,"Antminer S-21 Hydro 319T","Bitmain Warehouse","For Repair - Taken Out By Repair Tech",0.00,Unknown,Unknown,"2026-08-08 15:43:38.133+00","Mining Ops Admin","2026-08-05 18:49:16.335584+00",,Unknown,t
058caa7b-27fe-4d99-8ad9-ba7d28192cea,"Asic Miner",JYZZEABBCJDBI00D0,"Antminer s19-XP",4.7.15,Mining,0.00,4,7,"2026-08-08 15:43:38.133+00","Mining Ops Admin","2026-08-05 19:03:10.424813+00",,15,t
059209ff-202d-438f-927d-f3cbcaf71f5a,"Mirfa Miner",AME31LC000P7ZDC0A26QG2702,"AvalonMiner 1366IU-150T",30.5.6,Mining,0.00,30,5,"2026-08-14 03:36:59.029+00","Mining Ops Admin","2026-08-14 03:37:10.537579+00",,6,t
05947b11-22ed-47a7-86ee-205a8e4cc9c5,"Mirfa Miner",JYZZEAABCJEBB029X,"Antminer S19 XP",49.5.7,Mining,0.00,49,5,"2026-08-14 03:36:59.029+00","Mining Ops Admin","2026-08-14 03:37:12.376269+00",,7,t
059bf3f4-3fc7-4519-9f47-27b5e3473600,"Mirfa Miner",SMTTEABBCJCJF07HR,"Antminer S19 XP",Warehouse,Consolidated,0.00,Unknown,Unknown,"2026-08-14 03:36:59.029+00","Mining Ops Admin","2026-08-14 03:37:15.593756+00",,Unknown,t
059c8cf9-ab43-4394-ae32-e32f10e84c01,"Asic Miner",JYZZEAABCJFBH0PR7,"Antminer s19-XP",26.9.4,Mining,0.00,26,9,"2026-08-08 15:43:38.133+00","Mining Ops Admin","2026-08-05 19:03:11.299636+00",,4,t
05a09af0-421d-465d-ab70-273a080fc0ed,"Asic Miner",AME31LC000N2MLC0A26QC2303,"AvalonMiner 1366IU-150",18.4.3,Mining,0.00,18,4,"2026-08-08 15:43:38.133+00","Mining Ops Admin","2026-08-05 19:03:10.424813+00",,3,t
05aa4dda-5371-40c7-bb41-e421a81f20d6,"Mirfa Miner",JYZZEABBCJFBH070R,"Antminer S19 XP",40.4.4,Mining,0.00,40,4,"2026-08-14 03:36:59.029+00","Mining Ops Admin","2026-08-14 03:37:09.12554+00",,4,t
05aa7367-d877-43ca-8f35-1858fe2c6638,"Asic Miner",JYZZEAABCJFBH0YX5,"Antminer s19-XP",19.11.6,Mining,0.00,19,11,"2026-08-08 15:43:38.133+00","Mining Ops Admin","2026-08-05 19:03:12.564195+00",,6,t
05abb842-c19f-420a-bad1-754813a5993e,"Mirfa Miner",JYZZEAABCJFBH0F02,"Antminer S19 XP",26.4.10,Mining,0.00,26,4,"2026-08-14 03:36:59.029+00","Mining Ops Admin","2026-08-14 03:37:16.029188+00",,10,t
05ae406e-ab65-4dc1-9f9b-92601f3678ad,"Mirfa Miner",JYZZEAABCJEBB0J89,"Antminer S19 XP",8.5.10,Mining,0.00,8,5,"2026-08-14 03:36:59.029+00","Mining Ops Admin","2026-08-14 03:37:10.988137+00",,10,t
05b0feb6-cd34-45d0-a81a-5d57a8e5cd49,"Mirfa Miner",JYZZEAABCJFBH0S8T,"Antminer S19 XP",Warehouse,Consolidated,0.00,Unknown,Unknown,"2026-08-14 03:36:59.029+00","Mining Ops Admin","2026-08-14 03:37:15.145497+00",,Unknown,t
05b103a4-9b5a-496a-827f-e9cc26fa715c,"Mirfa Miner",DGAHGBBBEJDAD00VM,"Antminer S-21e Hydro 310T",107.12.13,Mining,0.00,107,12,"2026-08-14 03:36:59.029+00","Mining Ops Admin","2026-08-14 03:37:16.93405+00",,13,t
05b36b6f-c1bf-4a89-80e3-884f36ab5c37,"Mirfa Miner",JYZZEAABCJFBH09GH,"Antminer S19 XP",42.8.11,Mining,0.00,42,8,"2026-08-14 03:36:59.029+00","Mining Ops Admin","2026-08-14 03:37:08.669252+00",,11,t
05b4e006-2e44-4a8b-bf47-bf041f65670b,"Mirfa Miner",AME31LC000P7XYC0A26QG2702,"AvalonMiner 1366IU-150T",21.5.12,Mining,0.00,21,5,"2026-08-14 03:36:59.029+00","Mining Ops Admin","2026-08-14 03:37:06.536989+00",,12,t
05b5c501-1805-4fef-943d-dd79eb89a94c,"Mirfa Miner",JYZZEABBCJEBB06DL,"Antminer S19 XP",50.10.8,Mining,0.00,50,10,"2026-08-14 03:36:59.029+00","Mining Ops Admin","2026-08-14 03:37:07.172297+00",,8,t
05c29419-6d56-4703-bef8-d639dc439aea,"Mirfa Miner",AME31LC000P4R6C0A26QG2101,"AvalonMiner 1366IU-150T",23.11.5,Mining,0.00,23,11,"2026-08-14 03:36:59.029+00","Mining Ops Admin","2026-08-14 03:37:06.033538+00",,5,t
05ca5854-78f3-4409-ac28-6de8c177824e,"Asic Miner",JYZZEAABCJFBH0EY3,"Antminer s19-XP",17.3.11,Mining,0.00,17,3,"2026-08-08 15:43:38.133+00","Mining Ops Admin","2026-08-05 19:03:13.070756+00",,11,t
05cca370-2732-42d6-92a5-be31209b1598,PSU,OLTT323BCJGAD3512,"APW121215d - V1.3240",Warehouse,Faulty,0.00,Unknown,Unknown,"2026-08-11 10:48:00.364+00","Mining Ops Admin","2026-08-07 17:04:12.984542+00",,Unknown,f
05ccf9c0-09dc-4d17-8f28-5b1f15bf9b6f,"Avalon PSU",PS1A0608000049240125000132,"PSU3300-01 PLUS 2(I)-OL",Warehouse,"For Repair",0.00,Unknown,Unknown,"2026-08-18 12:00:36.717+00","Mining Ops Admin","2026-08-18 12:00:47.602919+00",,Unknown,f
05cf91e4-667f-4518-996c-9d51af9de1c9,"Mirfa Miner",YNAHFECBDJFJE01RY,"Antminer S-21 Hydro 302T",115.6.7,Mining,0.00,115,6,"2026-08-14 03:36:59.029+00","Mining Ops Admin","2026-08-14 03:37:16.029188+00",,7,t
05cfb481-7c2e-424d-866d-2cfd589eafda,"Mirfa Miner",DGAHGBBBEJDAD012W,"Antminer S-21e Hydro 310T",103.10.11,Mining,0.00,103,10,"2026-08-14 03:36:59.029+00","Mining Ops Admin","2026-08-14 03:37:17.356072+00",,11,t
05d1c63c-acfa-4cc3-84dc-2f3b9afa8697,"Mirfa Miner",JYZZEAABCJEBB0ATT,"Antminer S19 XP",19.8.14,Mining,0.00,19,8,"2026-08-14 03:36:59.029+00","Mining Ops Admin","2026-08-14 03:37:11.908786+00",,14,t
05d506d9-671c-46d6-b91c-0bafe2088a71,"Mirfa Miner",JYZZEAABCJEBB0F56,"Antminer S19 XP",39.6.2,Mining,0.00,39,6,"2026-08-14 03:36:59.029+00","Mining Ops Admin","2026-08-14 03:37:10.988137+00",,2,t
05d8a7c5-e19d-4b9e-bc6f-91f6b05b287b,"Mirfa Miner",AMD61LC000N77GC0A21QE0101,"AvalonMiner 1366I-122",17.6.2,Mining,0.00,17,6,"2026-08-14 03:36:59.029+00","Mining Ops Admin","2026-08-14 03:37:07.172297+00",,2,t
05e38359-b61d-4958-9e60-324bed9f8b39,"Mirfa Miner",AMD61LC000N75KC0A21QE0101,"AvalonMiner 1366I-122",20.1.6,Mining,0.00,20,1,"2026-08-14 03:36:59.029+00","Mining Ops Admin","2026-08-14 03:37:08.20636+00",,6,t
05e5b9bc-7976-4332-be83-a5d57fdfa876,"Asic Miner",PIEMFEBBDJDAE04BY,"Antminer S-21 Hydro 319T",104.2.1,Mining,0.00,104,2,"2026-08-08 15:43:38.133+00","Mining Ops Admin","2026-08-05 19:03:10.424813+00",,1,t
05eba9f6-3929-48cb-af72-9d4f2fc7442a,"Mirfa Miner",AME31LC000P4HJC0A26QG2101,"AvalonMiner 1366IU-150T",15.8.9,Mining,0.00,15,8,"2026-08-14 03:36:59.029+00","Mining Ops Admin","2026-08-14 03:37:13.257489+00",,9,t
05edaf6b-c241-48a6-94fb-fa6f188bfbdd,"Asic Miner",JYZZEABBCJFBH083Z,"Antminer s19-XP",26.10.7,Mining,0.00,26,10,"2026-08-08 15:43:38.133+00","Mining Ops Admin","2026-08-05 19:03:10.966506+00",,7,t
05edee06-443b-4571-b7c0-79d7a089c416,"Mirfa Miner",JYZZEAABCJEBB0E1G,"Antminer S19 XP",47.4.5,Mining,0.00,47,4,"2026-08-14 03:36:59.029+00","Mining Ops Admin","2026-08-14 03:37:07.646472+00",,5,t
05ef2796-557b-4bcb-af67-ee3924381048,"Mirfa Miner",JYZZEABBCJFBH0AE5,"Antminer S19 XP",37.2.14,Mining,0.00,37,2,"2026-08-14 03:36:59.029+00","Mining Ops Admin","2026-08-14 03:37:09.600642+00",,14,t
05f14ac2-f856-423a-b334-14326593635f,"Mirfa Miner",YNAHFEABDAAAA01KB,"Antminer S-21 Hydro 335T",110.13.3,Mining,0.00,110,13,"2026-08-14 03:36:59.029+00","Mining Ops Admin","2026-08-14 03:37:16.463682+00",,3,t
05f73f62-2658-45ab-9627-5a2db1c6131c,"Asic Miner",AME31LC000MM6BC0A26QA2604,"AvalonMiner 1366IU-150",Warehouse,"Ready For Deployment - Repaired By Psu Swap",0.00,Unknown,Unknown,"2026-08-08 15:43:38.133+00","Mining Ops Admin","2026-08-05 18:52:32.285154+00",,Unknown,t
0600970b-6a19-46de-b711-b6da8b6001a8,PSU,KLKT329BCJFBE2510,"APW121215f - V4.0",SS1,Faulty,0.00,Unknown,Unknown,"2026-08-07 17:04:11.815+00","Mining Ops Admin","2026-08-07 17:04:12.34159+00",,Unknown,f
06009c64-dacd-4ef6-b72a-a3bbc4726913,"Asic Miner",JYZZEABBCJEBB01GW,"Antminer s19-XP",15.6.3,Mining,0.00,15,6,"2026-08-08 15:43:38.133+00","Mining Ops Admin","2026-08-05 19:03:09.389032+00",,3,t
0601a81f-e611-4f52-a95f-bd49311798f8,"Mirfa Miner",YNAHFEBBDJFJE015Z,"Antminer S-21 Hydro 319T",113.5.12,Mining,0.00,113,5,"2026-08-14 03:36:59.029+00","Mining Ops Admin","2026-08-14 03:37:16.463682+00",,12,t
060267b0-1865-410d-9d97-4e465bf84da9,"Mirfa Miner",JYZZEABBCJFBH06T5,"Antminer S19 XP",WH1,"Antminer For Repair + 3 Bad Boards",0.00,Unknown,Unknown,"2026-08-14 03:36:59.029+00","Mining Ops Admin","2026-08-14 03:37:05.062031+00",,Unknown,t
060b1230-2269-4100-8cb7-c98c7a5192ab,"Mirfa Miner",JYZZEAABCJFBH00M6,"Antminer S19 XP",7.11.14,Mining,0.00,7,11,"2026-08-14 03:36:59.029+00","Mining Ops Admin","2026-08-14 03:37:13.715676+00",,14,t
061560b1-90e5-42f4-994d-e1fc1ef7d894,"Asic Miner",SMTTEABBCJEJI04LK,"Antminer s19-XP",Warehouse,"Ready For Deployment",0.00,Unknown,Unknown,"2026-08-08 15:43:38.133+00","Mining Ops Admin","2026-08-05 18:54:06.638243+00",,Unknown,t
0616bbe4-9aa9-4d15-b201-243a597168a1,"Asic Miner",PIEMFEABDJEJB015T,"Antminer S-21 Hydro 335T",104.8.3,Mining,0.00,104,8,"2026-08-08 15:43:38.133+00","Mining Ops Admin","2026-08-05 19:03:10.086179+00",,3,t
0619c8bb-f344-4a73-b1b7-7d525043d138,"Mirfa Miner",ONETFEABDAAJH00BX,"Antminer S-21 Hydro 335T",105.14.1,Mining,0.00,105,14,"2026-08-14 03:36:59.029+00","Mining Ops Admin","2026-08-14 03:37:05.062031+00",,1,t
061a507e-0bd8-4428-ab22-2cf59dcef5fc,PSU,KLKT329BCJFBE2140,"APW121215f - V4.0",10.10.2.10,Deployed,0.00,10,2,"2026-08-07 17:04:11.816+00","Mining Ops Admin","2026-08-07 17:04:12.34159+00",,10,f
061b6385-db4e-46fd-bd26-46b3ee14a689,"Asic Miner",JYZZEAABCJFBH0RX5,"Antminer s19-XP",11.3.15,Mining,0.00,11,3,"2026-08-08 15:43:38.133+00","Mining Ops Admin","2026-08-05 19:03:13.477265+00",,15,t
061ea353-4eba-4ad9-86d3-0781a3b53289,"Mirfa Miner",JYZZEAABCJEBB0CP4,"Antminer S19 XP",50.10.9,Mining,0.00,50,10,"2026-08-14 03:36:59.029+00","Mining Ops Admin","2026-08-14 03:37:15.145497+00",,9,t
061f894c-fad7-4d51-ab08-893802d48450,"Mirfa Miner",JYZZEAABCJEBB0GNS,"Antminer S19 XP",5.2.10,Mining,0.00,5,2,"2026-08-14 03:36:59.029+00","Mining Ops Admin","2026-08-14 03:37:05.062031+00",,10,t
0622b6f6-a662-454c-80f7-3e128b9745af,"Mirfa Miner",JYZZEABBCJEBB0NB9,"Antminer S19 XP",45.1.15,Mining,0.00,45,1,"2026-08-14 03:36:59.029+00","Mining Ops Admin","2026-08-14 03:37:08.20636+00",,15,t
062338a7-edd8-402f-b346-b204cabf1207,"Mirfa Miner",JYZZEABBCJFBH06YR,"Antminer S19 XP",49.8.1,Mining,0.00,49,8,"2026-08-14 03:36:59.029+00","Mining Ops Admin","2026-08-14 03:37:07.646472+00",,1,t
062531dd-8fb3-438f-85be-14b05f7749cb,"Asic Miner",AME31LC000PVFRC0A27QL1305,"AvalonMiner 1466I-173T",18.8.15,Mining,0.00,18,8,"2026-08-08 15:43:38.133+00","Mining Ops Admin","2026-08-05 19:03:10.424813+00",,15,t
0625fec2-e591-4bc7-b99d-ec185d2ef060,"Mirfa Miner",JYZZEAABCJEBB0G93,"Antminer S19 XP",35.6.3,Mining,0.00,35,6,"2026-08-14 03:36:59.029+00","Mining Ops Admin","2026-08-14 03:37:10.537579+00",,3,t
0626ee88-b346-46e8-b584-403e959947b8,"Asic Miner",JYZZEABBCJFBH06SS,"Antminer s19-XP",16.5.9,Mining,0.00,16,5,"2026-08-08 15:43:38.133+00","Mining Ops Admin","2026-08-05 19:03:09.389032+00",,9,t
06279f8a-4df4-4413-bae4-e8fb702a7d3f,"Asic Miner",AME31LC000MRVQC0A26QC0103,"AvalonMiner 1366IU-150",22.7.2,Mining,0.00,22,7,"2026-08-08 15:43:38.133+00","Mining Ops Admin","2026-08-05 18:49:52.543188+00",,2,t
062c890f-672d-4dfc-b939-01ecca187f7c,"Mirfa Miner",JYZZEAABCJEBB02SG,"Antminer S19 XP",5.12.14,Mining,0.00,5,12,"2026-08-14 03:36:59.029+00","Mining Ops Admin","2026-08-14 03:37:14.189196+00",,14,t
06301138-6627-4880-8bf0-a69d6767d982,"Mirfa Miner",JYZZEAABCJFBH00N1,"Antminer S19 XP",9.3.4,Mining,0.00,9,3,"2026-08-14 03:36:59.029+00","Mining Ops Admin","2026-08-14 03:37:13.715676+00",,4,t
0631b4c6-9b52-454f-8c15-e4ed3511e4ef,"Mirfa Miner",DGAHGBBBEJDAD014Y,"Antminer S-21e Hydro 310T",107.1.11,Mining,0.00,107,1,"2026-08-14 03:36:59.029+00","Mining Ops Admin","2026-08-14 03:37:16.93405+00",,11,t
0633c6e9-195d-4cd9-9dab-761ce4b71d63,"Asic Miner",PIEMFEBBDJDAE01FJ,"Antminer S-21 Hydro 319T",104.2.11,Mining,0.00,104,2,"2026-08-08 15:43:38.133+00","Mining Ops Admin","2026-08-05 19:03:09.722017+00",,11,t
063c7c34-2b68-4a0b-9578-02b10c3af14b,"Mirfa Miner",AMD61LC000N74FC0A21QE0101,"AvalonMiner 1366I-122",19.1.15,Mining,0.00,19,1,"2026-08-14 03:36:59.029+00","Mining Ops Admin","2026-08-14 03:37:07.646472+00",,15,t
06404581-c320-464f-b472-d1888cd0d27b,"Mirfa Miner",AME31LC000P1M4C0A26QG1605,"AvalonMiner 1366IU-150T",22.7.15,Mining,0.00,22,7,"2026-08-14 03:36:59.029+00","Mining Ops Admin","2026-08-14 03:37:11.490809+00",,15,t
06564ca5-241c-422a-8908-9ccadd165aa3,"Mirfa Miner",JYZZEABBCJFBH00DK,"Antminer S19 XP",47.12.11,Mining,0.00,47,12,"2026-08-14 03:36:59.029+00","Mining Ops Admin","2026-08-14 03:37:07.646472+00",,11,t
0656b4d7-972f-4d70-8f9a-6263232f58d7,"Mirfa Miner",NGSBEAABCJEJD05A8,"Antminer S19 XP",Warehouse,Consolidated,0.00,Unknown,Unknown,"2026-08-14 03:36:59.029+00","Mining Ops Admin","2026-08-14 03:37:15.593756+00",,Unknown,t
065c8b4f-3462-4f58-80f8-ac90762f7a2e,"Mirfa Miner",DGAHGBBBEJDAD00LN,"Antminer S-21e Hydro 310T",105.5.13,Mining,0.00,105,5,"2026-08-14 03:36:59.029+00","Mining Ops Admin","2026-08-14 03:37:17.356072+00",,13,t
065ce701-b5ef-4386-b8c4-45c7c7769515,"Asic Miner",JYZZEABBCJDBI00GN,"Antminer s19-XP",6.4.6,Mining,0.00,6,4,"2026-08-08 15:43:38.133+00","Mining Ops Admin","2026-08-05 19:03:12.079285+00",,6,t
065d60cb-0324-41dc-8e9b-5d9908d854af,"Mirfa Miner",YNAHFEABEJABA0047,"Antminer S-21 Hydro 335T",111.10.2,Mining,0.00,111,10,"2026-08-14 03:36:59.029+00","Mining Ops Admin","2026-08-14 03:37:07.172297+00",,2,t
0663aad5-681b-4ff4-8245-aacd0bd621ab,"Mirfa Miner",JYZZEAABCJFBH0EJT,"Antminer S19 XP",33.8.9,Mining,0.00,33,8,"2026-08-14 03:36:59.029+00","Mining Ops Admin","2026-08-14 03:37:10.056773+00",,9,t
066675ef-c2a7-4c79-9825-d47525ccd8af,"Mirfa Miner",JYZZEABBCJFBH02SP,"Antminer S19 XP",20.3.14,Mining,0.00,20,3,"2026-08-14 03:36:59.029+00","Mining Ops Admin","2026-08-14 03:37:11.908786+00",,14,t
0668a71d-67af-45d0-a922-2d3043276d89,"Asic Miner",JYZZEABBCJFBH00FY,"Antminer s19-XP",19.1.13,Mining,0.00,19,1,"2026-08-08 15:43:38.133+00","Mining Ops Admin","2026-08-05 19:03:12.564195+00",,13,t
066bd1b9-bfd7-4a47-8309-ccf9ec726ac8,"Mirfa Miner",JYZZEAABCJHJH00MC,"Antminer S19 XP",Warehouse,Consolidated,0.00,Unknown,Unknown,"2026-08-14 03:36:59.029+00","Mining Ops Admin","2026-08-14 03:37:15.145497+00",,Unknown,t
0670831e-b7d7-4531-8da7-02efb2223e85,"Mirfa Miner",JYZZEAABCJEBB0J2L,"Antminer S19 XP",14.7.12,Mining,0.00,14,7,"2026-08-14 03:36:59.029+00","Mining Ops Admin","2026-08-14 03:37:12.376269+00",,12,t
0670f139-caeb-4dcf-96d7-38235d2798b2,"Asic Miner",JYZZEABBCJFBH0PRF,"Antminer s19-XP",10.2.2,Mining,0.00,10,2,"2026-08-08 15:43:38.133+00","Mining Ops Admin","2026-08-05 19:03:12.564195+00",,2,t
06767c70-85e4-4190-8846-390d02a70f78,"Mirfa Miner",JYZZEAABCJEBB02MF,"Antminer S19 XP",13.4.6,Mining,0.00,13,4,"2026-08-14 03:36:59.029+00","Mining Ops Admin","2026-08-14 03:37:12.816944+00",,6,t
067772b3-d379-4386-b230-cf2072861bf8,"Asic Miner",JYZZEABBCJFBH0ARX,"Antminer s19-XP",17.6.1,Mining,0.00,17,6,"2026-08-08 15:43:38.133+00","Mining Ops Admin","2026-08-05 19:03:09.389032+00",,1,t
06780bdc-6f22-4401-a44a-2adf145c6235,"Mirfa Miner",JYZZEABBCJFBH0A2B,"Antminer S19 XP",14.7.8,Mining,0.00,14,7,"2026-08-14 03:36:59.029+00","Mining Ops Admin","2026-08-14 03:37:12.376269+00",,8,t
06798eb5-e3e3-4025-b00b-d0264b774992,"Asic Miner",JYZZEABBCJEBB0568,"Antminer s19-XP",5.1.9,Mining,0.00,5,1,"2026-08-08 15:43:38.133+00","Mining Ops Admin","2026-08-05 19:03:11.620425+00",,9,t
0679a171-0faa-479c-860d-f694ac94536a,"Asic Miner",AME31LC000MM8LC0A26QA2604,"AvalonMiner 1366IU-150",23.3.10,Mining,0.00,23,3,"2026-08-08 15:43:38.133+00","Mining Ops Admin","2026-08-05 19:03:09.389032+00",,10,t
06842818-a850-4642-96d3-38f50a70e6a0,"Mirfa Miner",JYZZEAABCJEBB0GMH,"Antminer S19 XP",4.8.9,Mining,0.00,4,8,"2026-08-14 03:36:59.029+00","Mining Ops Admin","2026-08-14 03:37:14.189196+00",,9,t
068448cf-9b49-4913-9245-b3dcb134c60f,PSU,PCGPW1212154E5719,GPW121215,Warehouse,"Ready for Deployment",0.00,Unknown,Unknown,"2026-08-07 17:04:11.818+00","Mining Ops Admin","2026-08-07 17:04:12.984542+00",,Unknown,f
068532a7-adbe-4d09-8fd4-75cc514bdc17,"Avalon PSU",PS1A0608000049240125001342,"PSU3300-01 PLUS 2(I)-OL",10.24.8.9,Deployed,0.00,24,8,"2026-08-08 15:02:38.398+00","Mining Ops Admin","2026-08-08 14:54:29.11689+00",,9,f
068c91b6-617c-46ee-9f04-ca228fd14076,"Mirfa Miner",DGAHGBBBEJDAD00P2,"Antminer S-21e Hydro 310T",101.7.5,Mining,0.00,101,7,"2026-08-14 03:36:59.029+00","Mining Ops Admin","2026-08-14 03:37:17.72977+00",,5,t
068e5ac2-3f3a-47ec-9358-8e54874ec422,"Mirfa Miner",AMD61LC000N7CUC0A21QE0101,"AvalonMiner 1366I-122",28.12.4,Mining,0.00,28,12,"2026-08-14 03:36:59.029+00","Mining Ops Admin","2026-08-14 03:37:09.12554+00",,4,t
068ee086-9ec2-4ccc-b7a4-8d6821b0b92e,"Mirfa Miner",AMD61L0000HQPSC2A21SE1702,"AvalonMiner 1366I-122",27.12.12,Mining,0.00,27,12,"2026-08-14 03:36:59.029+00","Mining Ops Admin","2026-08-14 03:37:05.062031+00",,12,t
068f512c-beca-44ef-a1fc-e19809f7eb61,"Mirfa Miner",JYZZEAABCJEBB0WHS,"Antminer S19 XP",30.3.5,Mining,0.00,30,3,"2026-08-14 03:36:59.029+00","Mining Ops Admin","2026-08-14 03:37:10.537579+00",,5,t
06923e76-8784-4c46-b0e4-1366d676d6e5,"Asic Miner",JYZZEABBCJFBH05F6,"Antminer s19-XP",1.8.4,Mining,0.00,1,8,"2026-08-08 15:43:38.133+00","Mining Ops Admin","2026-08-05 19:03:10.966506+00",,4,t
06933bd2-a2c9-4eb1-be09-6d93610c5ac4,"Mirfa Miner",DGAHGBBBEJDAD015D,"Antminer S-21e Hydro 310T","Bitmain Warehouse","With Bitmain",0.00,Unknown,Unknown,"2026-08-14 03:36:59.029+00","Mining Ops Admin","2026-08-14 03:37:06.536989+00",,Unknown,t
0694e8d9-6b1c-44b3-ac16-95ae1628fd40,"Asic Miner",JYZZEABBCJDBI00F6,"Antminer s19-XP",1.2.15,Mining,0.00,1,2,"2026-08-08 15:43:38.133+00","Mining Ops Admin","2026-08-05 19:03:12.079285+00",,15,t
06963366-0120-4494-903f-f3e6502dfa39,"Mirfa Miner",JYZZEABBCJFBH01L9,"Antminer S19 XP",34.8.10,Mining,0.00,34,8,"2026-08-14 03:36:59.029+00","Mining Ops Admin","2026-08-14 03:37:10.056773+00",,10,t
06983c97-b54e-4e8f-8c53-b5122eb8118e,"Asic Miner",JYZZEAABCJEBB0K1S,"Antminer s19-XP",11.4.14,Mining,0.00,11,4,"2026-08-08 15:43:38.133+00","Mining Ops Admin","2026-08-05 19:03:13.477265+00",,14,t
0699467c-65a8-433f-b42d-4a2ff6e49c82,"Mirfa Miner",AME31LC000P72PC0A26QG2503,"AvalonMiner 1366IU-150T",24.11.2,Mining,0.00,24,11,"2026-08-14 03:36:59.029+00","Mining Ops Admin","2026-08-14 03:37:13.257489+00",,2,t
069b5f13-9d9c-443d-a3b5-e9ae94d81edc,"Asic Miner",JYZZEAABCJFBH0ZDL,"Antminer s19-XP",Masdar,"Unrepairable – Declared By Masdar Team",0.00,Unknown,Unknown,"2026-08-08 15:43:38.133+00","Mining Ops Admin","2026-08-05 18:47:31.149365+00",,Unknown,t
069c59aa-e9b3-4d7c-a7ff-c0918c254d21,"Asic Miner",PIEMFEBBDJDAE066L,"Antminer S-21 Hydro 319T",104.7.10,Mining,0.00,104,7,"2026-08-08 15:43:38.133+00","Mining Ops Admin","2026-08-05 19:03:10.424813+00",,10,t
069fa80e-d47e-41a9-a26f-698452155919,"Asic Miner",JYZZEABBCJFBH0VEV,"Antminer s19-XP",10.12.5,Mining,0.00,10,12,"2026-08-08 15:43:38.133+00","Mining Ops Admin","2026-08-05 19:03:12.564195+00",,5,t
069fe656-4f57-4a5c-a612-47d05b4d38fa,"Mirfa Miner",AME31LC000P1Q0C0A26QG1605,"AvalonMiner 1366IU-150T",25.7.10,Mining,0.00,25,7,"2026-08-14 03:36:59.029+00","Mining Ops Admin","2026-08-14 03:37:11.490809+00",,10,t
06a33393-3c5c-45cd-955a-b7a9461e39a5,"Mirfa Miner",JYZZEABBCJFBH03KB,"Antminer S19 XP",37.6.12,Mining,0.00,37,6,"2026-08-14 03:36:59.029+00","Mining Ops Admin","2026-08-14 03:37:10.537579+00",,12,t
06a7a0a9-9ecf-41d7-a790-62e7999cb8eb,PSU,OLTT323BCJGAD4554,"APW121215d - V1.3240",SS1,Faulty,0.00,Unknown,Unknown,"2026-08-07 17:04:11.82+00","Mining Ops Admin","2026-08-07 17:04:12.984542+00",,Unknown,f
06a7dde5-d404-479f-9721-d71c37368939,"Asic Miner",JYZZEABBCJEBB06LA,"Antminer s19-XP",20.2.13,Mining,0.00,20,2,"2026-08-08 15:43:38.133+00","Mining Ops Admin","2026-08-05 19:03:12.079285+00",,13,t
06a9542d-304b-451f-b46f-b8138847408c,"Asic Miner",PIEMFEBBDJEJB00W2,"Antminer S-21 Hydro 319T",102.7.5,Mining,0.00,102,7,"2026-08-08 15:43:38.133+00","Mining Ops Admin","2026-08-05 19:03:10.424813+00",,5,t
06ac6269-a5a6-4276-a4f8-0f87d3b9a385,"Asic Miner",AME31LC000MTPCC0A26QC0204,"AvalonMiner 1366IU-150",Warehouse,"For Repair - Out Of Warranty",0.00,Unknown,Unknown,"2026-08-09 18:03:06.308+00","Mining Ops Admin","2026-08-05 18:45:53.460047+00",,Unknown,t
06b49610-c345-48b9-9cac-2e10c3662647,"Asic Miner",JYZZEABBCJFBH0612,"Antminer s19-XP",6.8.15,Mining,0.00,6,8,"2026-08-08 15:43:38.133+00","Mining Ops Admin","2026-08-05 19:03:11.299636+00",,15,t
06b5381a-5244-45ef-af23-e3d1ab5a9dc8,"Avalon PSU",PS1A0608000049230816000966,"PSU3300-01 PLUS 2(I)-OL",10.1.5.7,Deployed,0.00,1,5,"2026-08-08 15:02:38.396+00","Mining Ops Admin","2026-08-08 14:54:29.11689+00",,7,f
06b5f18b-2aeb-4381-a9c5-8b1f30913196,"Mirfa Miner",JYZZEAABCJEBB0N8N,"Antminer S19 XP",4.11.11,Mining,0.00,4,11,"2026-08-14 03:36:59.029+00","Mining Ops Admin","2026-08-14 03:37:14.189196+00",,11,t
06b7fded-dad9-452d-9353-a89642358b0f,"Mirfa Miner",JYZZEAABCJCBE015T,"Antminer S19 XP",45.5.4,Mining,0.00,45,5,"2026-08-14 03:36:59.029+00","Mining Ops Admin","2026-08-14 03:37:11.908786+00",,4,t
06b831a5-74a0-4713-b195-37048f121d8b,"Mirfa Miner",JYZZEABBCJEBB0JZT,"Antminer S19 XP",49.6.3,Mining,0.00,49,6,"2026-08-14 03:36:59.029+00","Mining Ops Admin","2026-08-14 03:37:12.376269+00",,3,t
06b92bca-3cb7-4c2e-821a-e8316d194855,"Mirfa Miner",YNAHFECBEJABA005F,"Antminer S-21 Hydro 302T",115.3.9,Mining,0.00,115,3,"2026-08-14 03:36:59.029+00","Mining Ops Admin","2026-08-14 03:37:16.029188+00",,9,t
06bac799-7e0f-43f1-ba68-3ac84e0e0d08,"Mirfa Miner",JYZZEAABCJEBB09FZ,"Antminer S19 XP",13.9.16,Mining,0.00,13,9,"2026-08-14 03:36:59.029+00","Mining Ops Admin","2026-08-14 03:37:12.816944+00",,16,t
06c20aed-6d7b-4158-9a5c-a0c3ea82296d,"Asic Miner",PIEMFEBBDJEJB001P,"Antminer S-21 Hydro 319T",103.8.2,Mining,0.00,103,8,"2026-08-08 15:43:38.133+00","Mining Ops Admin","2026-08-05 19:03:10.424813+00",,2,t
06c5ac76-72f8-41ba-bc9b-46ec5f5c88c1,"Mirfa Miner",JYZZEAABCJEBB0GLA,"Antminer S19 XP",49.2.15,Mining,0.00,49,2,"2026-08-14 03:36:59.029+00","Mining Ops Admin","2026-08-14 03:37:07.646472+00",,15,t
06c7ed16-85e4-4baa-af6a-6ba58b871d48,"Mirfa Miner",JYZZEAABCJEBB0HZH,"Antminer S19 XP",33.5.14,Mining,0.00,33,5,"2026-08-14 03:36:59.029+00","Mining Ops Admin","2026-08-14 03:37:10.056773+00",,14,t
06c9bab4-d638-4295-a382-9b0540607947,"Mirfa Miner",DGAHGBBBEJDAD010C,"Antminer S-21e Hydro 310T",103.14.3,Mining,0.00,103,14,"2026-08-14 03:36:59.029+00","Mining Ops Admin","2026-08-14 03:37:17.356072+00",,3,t
06cde001-8f87-4dcd-a189-62cd460a2c81,"Mirfa Miner",JYZZEAABCJEBB0H56,"Antminer S19 XP",13.6.3,Mining,0.00,13,6,"2026-08-14 03:36:59.029+00","Mining Ops Admin","2026-08-14 03:37:12.376269+00",,3,t
06d59d59-3096-4095-8220-4de3fa671186,"Mirfa Miner",JYZZEABBCJFBH05G6,"Antminer S19 XP",7.6.6,Mining,0.00,7,6,"2026-08-14 03:36:59.029+00","Mining Ops Admin","2026-08-14 03:37:10.988137+00",,6,t
06d6ed7b-c584-4863-aaa1-ea3ca0c12b38,"Asic Miner",JYZZEAABCJEBB0ERJ,"Antminer s19-XP",7.10.5,Mining,0.00,7,10,"2026-08-08 15:43:38.133+00","Mining Ops Admin","2026-08-05 19:03:12.079285+00",,5,t
06d9bc4e-6ccf-486b-8425-336a4dd9fe43,"Asic Miner",JYZZEAABCJFBH0A2J,"Antminer s19-XP",Masdar,"Unrepairable – Declared By Masdar Team",0.00,Unknown,Unknown,"2026-08-08 15:43:38.133+00","Mining Ops Admin","2026-08-05 18:47:18.472844+00",,Unknown,t
06daa904-3cd0-4b90-9404-3387a4e45a5c,"Mirfa Miner",AME31LC000P310C0A26QG1901,"AvalonMiner 1366IU-150T",15.12.16,Mining,0.00,15,12,"2026-08-14 03:36:59.029+00","Mining Ops Admin","2026-08-14 03:37:13.257489+00",,16,t
06db1c25-75f8-4a89-9c89-bdb34551964e,"Asic Miner",JYZZEABBCJFBH04GW,"Antminer s19-XP",Warehouse,"Unrepairable - Declared By Masdar Team",0.00,Unknown,Unknown,"2026-08-08 15:43:38.133+00","Mining Ops Admin","2026-08-05 18:55:25.915259+00",,Unknown,t
06dd465b-4380-4cfe-82fa-874725432c6a,"Asic Miner",AME31LC000P35JC0A26QG1901,"AvalonMiner 1366IU-150",25.6.5,Mining,0.00,25,6,"2026-08-08 15:43:38.133+00","Mining Ops Admin","2026-08-05 18:50:41.340112+00",,5,t
06dfabc0-1be2-420a-82d4-85bbcbb14e2e,"Mirfa Miner",AME31LC000P807C0A26QG2702,"AvalonMiner 1366IU-150T",23.2.8,Mining,0.00,23,2,"2026-08-14 03:36:59.029+00","Mining Ops Admin","2026-08-14 03:37:14.64988+00",,8,t
06f8c38a-5a1f-4392-8b45-797779929742,"Asic Miner",PIEMFEBBDJDAE0661,"Antminer S-21 Hydro 319T",105.13.5,Mining,0.00,105,13,"2026-08-08 15:43:38.133+00","Mining Ops Admin","2026-08-05 19:03:10.086179+00",,5,t
06f94cf1-557a-44bf-bc2d-4c21d823818a,"Mirfa Miner",AMD61LC000L37SC2A21SN2403,"AvalonMiner 1366I-122",21.11.13,Mining,0.00,21,11,"2026-08-14 03:36:59.029+00","Mining Ops Admin","2026-08-14 03:37:08.20636+00",,13,t
06fab92d-e637-4196-8015-442da330c03c,PSU,OLTT323BCJGAD1502,"APW121215d - V1.3240",Warehouse,"Ready for Deployment",0.00,Unknown,Unknown,"2026-08-07 17:04:11.818+00","Mining Ops Admin","2026-08-07 17:04:12.984542+00",,Unknown,f
06fc595c-e794-4a21-afd7-40373dd5d577,"Asic Miner",YDFTEABBBJGBI04EK,"Antminer s19-XP",25.2.3,Mining,0.00,25,2,"2026-08-08 15:43:38.133+00","Mining Ops Admin","2026-08-05 19:03:11.620425+00",,3,t
06ffe8f6-bed8-4fae-8ed3-381f1059f736,"Asic Miner",JYZZEABBBJIBH0025,"Antminer s19-XP",23.12.9,Mining,0.00,23,12,"2026-08-08 15:43:38.133+00","Mining Ops Admin","2026-08-05 19:03:11.620425+00",,9,t
07015d7c-1351-4e39-bcfa-8b327b2393db,"Avalon PSU",PS1A0608000057241115000349,"PSU3301-01(I)-OL",10.23.5.4,Deployed,0.00,23,5,"2026-08-08 15:02:38.398+00","Mining Ops Admin","2026-08-08 14:54:29.11689+00",,4,f
07050bb5-c055-48c0-902d-633217d8ffc5,"Mirfa Miner",AME31LC000P7Y9C0A26QG2702,"AvalonMiner 1366IU-150T",27.5.15,Mining,0.00,27,5,"2026-08-14 03:36:59.029+00","Mining Ops Admin","2026-08-14 03:37:10.988137+00",,15,t
07065ef6-5c92-4d9b-96bb-182e548df7a2,"Mirfa Miner",JYZZEAABCJCBE01KM,"Antminer S19 XP",10.2.3,Mining,0.00,10,2,"2026-08-14 03:36:59.029+00","Mining Ops Admin","2026-08-14 03:37:13.715676+00",,3,t
070a7c36-18cc-44cc-a18e-20f299f8f695,"Mirfa Miner",DGAHGBBBEJDAD00PT,"Antminer S-21e Hydro 310T",108.1.11,Mining,0.00,108,1,"2026-08-14 03:36:59.029+00","Mining Ops Admin","2026-08-14 03:37:16.93405+00",,11,t
0711fc8c-0ebe-4cfc-a470-d7f2168e64ec,"Asic Miner",JYZZEAABCJHJH04RH,"Antminer s19-XP",7.2.5,Mining,0.00,7,2,"2026-08-08 15:43:38.133+00","Mining Ops Admin","2026-08-05 19:03:12.079285+00",,5,t
0712c221-817a-40fe-9dca-f007f95fc974,"Mirfa Miner",JYZZEAABCJEBB0CW1,"Antminer S19 XP",5.5.5,Mining,0.00,5,5,"2026-08-14 03:36:59.029+00","Mining Ops Admin","2026-08-14 03:37:14.64988+00",,5,t
0713729d-b0d3-41c3-81f6-03ad0d18ea9d,"Avalon PSU",PS1A0608000057241115001427,"PSU3301-01(I)-OL",10.22.10.3,Deployed,0.00,22,10,"2026-08-08 15:02:38.397+00","Mining Ops Admin","2026-08-08 14:54:29.11689+00",,3,f
07181fed-ded2-4e69-954c-328cce99bb7e,"Asic Miner",JYZZEAABCJFBH0PTL,"Antminer s19-XP",19.11.4,Mining,0.00,19,11,"2026-08-08 15:43:38.133+00","Mining Ops Admin","2026-08-05 19:03:12.564195+00",,4,t
07226431-079c-47d9-a9a2-888299af9bf0,"Asic Miner",PIEMFEBBDAABA0077,"Antminer S-21 Hydro 319T",104.13.8,Mining,0.00,104,13,"2026-08-08 15:43:38.133+00","Mining Ops Admin","2026-08-05 19:03:10.086179+00",,8,t
0722ed7a-575d-4636-b3b3-8d000b7d97ec,"Mirfa Miner",JYZZEABBCJEBB0EZY,"Antminer S19 XP",45.2.5,Mining,0.00,45,2,"2026-08-14 03:36:59.029+00","Mining Ops Admin","2026-08-14 03:37:08.20636+00",,5,t
07236192-2ff0-4415-b270-34f5fecb3eac,"Asic Miner",JYZZEAABCJFBH0G4Z,"Antminer s19-XP",13.12.7,Mining,0.00,13,12,"2026-08-08 15:43:38.133+00","Mining Ops Admin","2026-08-05 19:03:13.477265+00",,7,t
0724c2bf-d829-43a8-888c-0477307ab972,"Mirfa Miner",JYZZEAABCJFBH0DN1,"Antminer S19 XP",50.11.3,Mining,0.00,50,11,"2026-08-14 03:36:59.029+00","Mining Ops Admin","2026-08-14 03:37:07.172297+00",,3,t
0725181f-8bec-4e1e-a9cc-9a14ea2c302c,"Asic Miner",AME31LC000MZ23C0A26QC1902,"AvalonMiner 1366IU-150",Warehouse,"For Diagnosis",0.00,Unknown,Unknown,"2026-08-19 06:56:44.86+00","Mining Ops Admin","2026-08-05 19:03:09.722017+00",,Unknown,t
07266335-abfb-43ab-841f-2d7557d5b729,"Asic Miner",AME31LC000P3DAC0A26QG2001,"AvalonMiner 1366IU-150",20.6.6,Mining,0.00,20,6,"2026-08-08 15:43:38.133+00","Mining Ops Admin","2026-08-05 19:03:11.299636+00",,6,t
0726f9af-56a8-475a-87e8-b266de6d0bd3,"Mirfa Miner",JYZZEABBCJEBB0B5A,"Antminer S19 XP",48.4.3,Mining,0.00,48,4,"2026-08-14 03:36:59.029+00","Mining Ops Admin","2026-08-14 03:37:07.646472+00",,3,t
07274812-ad3b-482e-b5f6-8d6e00b78a84,"Asic Miner",JYZZEABBCJFBH051N,"Antminer s19-XP",Warehouse,"Ready For Deployment - Consolidated",0.00,Unknown,Unknown,"2026-08-08 15:43:38.133+00","Mining Ops Admin","2026-08-05 18:43:42.611068+00",,Unknown,t
0728911a-655d-4561-abe5-9a0e898c387d,"Asic Miner",JYZZEABBCJFBH0XP1,"Antminer s19-XP",5.8.11,Mining,0.00,5,8,"2026-08-08 15:43:38.133+00","Mining Ops Admin","2026-08-05 19:03:11.299636+00",,11,t
072ac8f3-aa20-4c55-81fd-dddbbfc08886,"Mirfa Miner",JYZZEABBCJFBH0A0X,"Antminer S19 XP",16.4.5,Mining,0.00,16,4,"2026-08-14 03:36:59.029+00","Mining Ops Admin","2026-08-14 03:37:12.376269+00",,5,t
072d9808-19be-477d-bfa2-d5ab627fa58f,"Mirfa Miner",JYZZEAABCJEBB0KVZ,"Antminer S19 XP",35.2.12,Mining,0.00,35,2,"2026-08-14 03:36:59.029+00","Mining Ops Admin","2026-08-14 03:37:10.056773+00",,12,t
0730dad4-a452-438e-9666-4d64554a2f44,"Mirfa Miner",JYZZEAABCJEBB0B4G,"Antminer S19 XP",11.7.3,Mining,0.00,11,7,"2026-08-14 03:36:59.029+00","Mining Ops Admin","2026-08-14 03:37:11.490809+00",,3,t
0733d8d7-4430-4e2e-9151-a33faa02d99d,PSU,KLKT323BCJFJB0302,"APW121215d - V1.3220",Warehouse,"Ready for Deployment",0.00,Unknown,Unknown,"2026-08-13 03:23:25.48+00","Mining Ops Admin","2026-08-07 17:04:12.984542+00",,Unknown,f
0736480a-e64e-4049-951c-0611abc5ad8d,"Asic Miner",JYZZEABBCJFBH10LD,"Antminer s19-XP",4.9.8,Mining,0.00,4,9,"2026-08-08 15:43:38.133+00","Mining Ops Admin","2026-08-05 19:03:11.299636+00",,8,t
073b6b00-329e-4096-a6c8-3ba6cf5cfcc8,"Asic Miner",PIEMFEBBDJEJB0069,"Antminer S-21 Hydro 319T",104.10.5,Mining,0.00,104,10,"2026-08-08 15:43:38.133+00","Mining Ops Admin","2026-08-05 19:03:10.086179+00",,5,t
073da0b4-65a6-4b48-bfb8-6fdeac4b383e,PSU,PCGPW1212154E3332,GPW121215,10.22.12.9,Deployed,0.00,22,12,"2026-08-07 17:04:11.816+00","Mining Ops Admin","2026-08-07 17:04:12.34159+00",,9,f
07457ea9-8e81-4eb9-b893-a378ad258144,"Mirfa Miner",DGAHGBBBEJDAG03JG,"Antminer S-21e Hydro 310T",102.14.9,Mining,0.00,102,14,"2026-08-14 03:36:59.029+00","Mining Ops Admin","2026-08-14 03:37:17.356072+00",,9,t
07473774-d0f3-4eee-9981-810e631a6b35,"Asic Miner",JYZZEAABCJFBH0SMN,"Antminer s19-XP",11.3.3,Mining,0.00,11,3,"2026-08-08 15:43:38.133+00","Mining Ops Admin","2026-08-05 19:03:13.477265+00",,3,t
074ab763-2135-477b-b851-3b89c9188785,"Asic Miner",JYZZEAABCJFBH0PR5,"Antminer s19-XP",7.9.11,Mining,0.00,7,9,"2026-08-08 15:43:38.133+00","Mining Ops Admin","2026-08-05 18:46:47.394081+00",,11,t
07504877-ed0a-40ab-bf18-943e543d41d8,"Mirfa Miner",AMD61LC000N735C0A21QE0101,"AvalonMiner 1366I-122",19.11.4,Mining,0.00,19,11,"2026-08-14 03:36:59.029+00","Mining Ops Admin","2026-08-14 03:37:06.033538+00",,4,t
07556e3d-881b-4314-81db-69099bbf2765,"Mirfa Miner",JYZZEAABCJCBE01ZM,"Antminer S19 XP",38.1.4,Mining,0.00,38,1,"2026-08-14 03:36:59.029+00","Mining Ops Admin","2026-08-14 03:37:09.600642+00",,4,t
075ea9db-d625-4dee-ad89-7b0cd9c27f0c,"Mirfa Miner",JYZZEABBCJFBH05MP,"Antminer S19 XP",Warehouse,Consolidated,0.00,Unknown,Unknown,"2026-08-14 03:36:59.029+00","Mining Ops Admin","2026-08-14 03:37:15.145497+00",,Unknown,t
075ffa6c-aab0-40a5-bbba-8207330af4a6,"Mirfa Miner",DGAHGBBBEJDAD00C3,"Antminer S-21e Hydro 310T",104.5.4,Mining,0.00,104,5,"2026-08-14 03:36:59.029+00","Mining Ops Admin","2026-08-14 03:37:17.356072+00",,4,t
076017b7-4a79-4170-a386-21fe1336ee62,"Avalon PSU",PS1A0608000057240510000191,"PSU3301-01(I)-OL",AME31LC000MKTFC2A26QA2404,"Inside Miner",0.00,Unknown,Unknown,"2026-08-08 15:02:38.399+00","Mining Ops Admin","2026-08-08 15:02:39.166105+00",,Unknown,f
07616f1c-f85f-4b18-b756-80b80975fd8e,"Mirfa Miner",JYZZEAABCJEBB0LXP,"Antminer S19 XP",24.9.15,Mining,0.00,24,9,"2026-08-14 03:36:59.029+00","Mining Ops Admin","2026-08-14 03:37:11.490809+00",,15,t
0762c31a-4f78-4467-b414-c9d6894a3c58,"Mirfa Miner",AME31LC000P4F6C0A26QG2101,"AvalonMiner 1366IU-150T",30.11.11,Mining,0.00,30,11,"2026-08-14 03:36:59.029+00","Mining Ops Admin","2026-08-14 03:37:09.600642+00",,11,t
0763d651-c81e-4723-a9ca-c18a9e03bddd,"Mirfa Miner",JYZZEAABCJEBB0G13,"Antminer S19 XP",8.3.15,Mining,0.00,8,3,"2026-08-14 03:36:59.029+00","Mining Ops Admin","2026-08-14 03:37:13.715676+00",,15,t
076788f5-7c97-41c5-b928-c1a270fa1340,"Mirfa Miner",JYZZEABBCJEBB0C11,"Antminer S19 XP",34.10.6,Mining,0.00,34,10,"2026-08-14 03:36:59.029+00","Mining Ops Admin","2026-08-14 03:37:10.056773+00",,6,t
0769df5c-127d-4202-9b7e-837c76dddd83,"Mirfa Miner",AME31LC000P4NYC0A26QG2101,"AvalonMiner 1366IU-150T",23.2.5,Mining,0.00,23,2,"2026-08-14 03:36:59.029+00","Mining Ops Admin","2026-08-14 03:37:13.257489+00",,5,t
076e9b6b-494a-4b75-95f1-2ba648943666,"Asic Miner",AME31LC000MKUSC2A26QA2404,"AvalonMiner 1366IU-150",22.10.12,Mining,0.00,22,10,"2026-08-08 15:43:38.133+00","Mining Ops Admin","2026-08-05 18:52:25.78332+00",,12,t
077512b5-e4fd-4e9f-8ab9-297c13aad660,"Mirfa Miner",JYZZEABBCJFBH084B,"Antminer S19 XP",45.4.11,Mining,0.00,45,4,"2026-08-14 03:36:59.029+00","Mining Ops Admin","2026-08-14 03:37:08.20636+00",,11,t
0776dcc1-c00f-43b2-ab1d-bb3bab2d702d,"Mirfa Miner",JYZZEAABCJEBB0D8P,"Antminer S19 XP",25.9.12,Mining,0.00,25,9,"2026-08-14 03:36:59.029+00","Mining Ops Admin","2026-08-14 03:37:10.988137+00",,12,t
077e9e65-0423-4121-bed2-7546934a13d1,"Mirfa Miner",JYZZEAABCJEBB0EX7,"Antminer S19 XP",40.6.8,Mining,0.00,40,6,"2026-08-14 03:36:59.029+00","Mining Ops Admin","2026-08-14 03:37:10.988137+00",,8,t
07853d98-5da8-4e13-b587-ef5a43ea06ac,"Mirfa Miner",AME31LC000PVLEC0A27QL1305,"AvalonMiner 1466I-173T",2.12.2,Mining,0.00,2,12,"2026-08-14 03:36:59.029+00","Mining Ops Admin","2026-08-14 03:37:15.593756+00",,2,t
07890913-6d0b-460c-afe9-c65289d255a6,"Asic Miner",JYZZEABBCJEBB03DS,"Antminer s19-XP",5.9.2,Mining,0.00,5,9,"2026-08-08 15:43:38.133+00","Mining Ops Admin","2026-08-05 19:03:11.299636+00",,2,t
0790affa-84a9-46b3-a070-af83aa5ee1d0,"Mirfa Miner",JYZZEAABCJEBB0DST,"Antminer S19 XP",35.10.11,Mining,0.00,35,10,"2026-08-14 03:36:59.029+00","Mining Ops Admin","2026-08-14 03:37:09.600642+00",,11,t
0792aaa2-3816-4161-9ad8-b8da6dbf8211,"Asic Miner",JYZZEABBCJFBH0MAK,"Antminer s19-XP",21.1.1,Mining,0.00,21,1,"2026-08-08 15:43:38.133+00","Mining Ops Admin","2026-08-05 19:03:12.079285+00",,1,t
07943e8f-ddc8-4e36-b998-95ca8dba61c0,"Mirfa Miner",AME31LC000P4RVC0A26QG2101,"AvalonMiner 1366IU-150T",22.6.9,Mining,0.00,22,6,"2026-08-14 03:36:59.029+00","Mining Ops Admin","2026-08-14 03:37:11.490809+00",,9,t
079a1ae7-3a93-4059-8e82-5df07cc84f62,"Asic Miner",JYZZEABBCJDBI01GD,"Antminer s19-XP",2.4.10,Mining,0.00,2,4,"2026-08-08 15:43:38.133+00","Mining Ops Admin","2026-08-05 19:03:11.299636+00",,10,t
07a03416-6ce4-449e-9fe1-abfa1c8223cd,"Mirfa Miner",JYZZEAABCJCBE018E,"Antminer S19 XP",24.10.13,Mining,0.00,24,10,"2026-08-14 03:36:59.029+00","Mining Ops Admin","2026-08-14 03:37:11.490809+00",,13,t
07b0a8db-41da-4f0b-86f1-f04320c9ea6f,"Asic Miner",JYZZEAABCJFBH0PNS,"Antminer s19-XP",Masdar,"Unrepairable – Declared By Masdar Team",0.00,Unknown,Unknown,"2026-08-08 15:43:38.133+00","Mining Ops Admin","2026-08-05 18:47:19.798717+00",,Unknown,t
07b45948-18d0-4b7f-8efa-23bc487a606d,"Asic Miner",JYZZEABBCJFBH0K9T,"Antminer s19-XP",16.8.8,Mining,0.00,16,8,"2026-08-08 15:43:38.133+00","Mining Ops Admin","2026-08-05 19:03:13.070756+00",,8,t
07b9ae34-0828-4eda-a9a9-d4cc3d69b222,"Mirfa Miner",AME31LC000P81AC0A26QG2702,"AvalonMiner 1366IU-150T",22.2.8,Mining,0.00,22,2,"2026-08-14 03:36:59.029+00","Mining Ops Admin","2026-08-14 03:37:14.189196+00",,8,t
07bb9da8-c787-4ddb-b35f-09cdec9d151e,"Asic Miner",PIEMFEBBDJDAE00J7,"Antminer S-21 Hydro 319T",105.13.12,Mining,0.00,105,13,"2026-08-08 15:43:38.133+00","Mining Ops Admin","2026-08-05 19:03:10.086179+00",,12,t
07c0c456-119c-4cdf-b357-6e17f67489b3,"Mirfa Miner",NGSBEAABCJEJD05AE,"Antminer S19 XP",Warehouse,Consolidated,0.00,Unknown,Unknown,"2026-08-14 03:36:59.029+00","Mining Ops Admin","2026-08-14 03:37:15.593756+00",,Unknown,t
07c4dfa6-cb56-4fec-b4f9-99059e4da33f,"Mirfa Miner",JYZZEABBCJFBH09CP,"Antminer S19 XP",49.8.12,Mining,0.00,49,8,"2026-08-14 03:36:59.029+00","Mining Ops Admin","2026-08-14 03:37:07.646472+00",,12,t
07c6595f-827f-4616-87b5-8dff4e816294,"Asic Miner",AME31LC000MKTFC2A26QA2404,"AvalonMiner 1366IU-150",24.7.11,Mining,0.00,24,7,"2026-08-08 15:43:38.133+00","Mining Ops Admin","2026-08-05 18:45:57.051536+00",,11,t
07caa442-cc63-47e7-b856-088edcfcd905,"Mirfa Miner",JYZZEABBCJEBB0F3T,"Antminer S19 XP",12.1.7,Mining,0.00,12,1,"2026-08-14 03:36:59.029+00","Mining Ops Admin","2026-08-14 03:37:13.257489+00",,7,t
07caaa0d-27eb-4cdd-9673-1d9d7d019cc4,"Asic Miner",JYZZEAABCJFBH0TH0,"Antminer s19-XP",19.2.9,Mining,0.00,19,2,"2026-08-08 15:43:38.133+00","Mining Ops Admin","2026-08-05 19:03:10.966506+00",,9,t
07ccb52b-6808-4dbf-af5d-3508ce193193,PSU,DGAH323BCJGJH1333,"APW121215d - V1.3210",SS1,Faulty,0.00,Unknown,Unknown,"2026-08-07 17:04:11.82+00","Mining Ops Admin","2026-08-07 17:04:12.984542+00",,Unknown,f
07d15ced-1987-4453-8271-5e7ccb91499c,"Mirfa Miner",JYZZEABBCJFBH0E2Z,"Antminer S19 XP",49.11.14,Mining,0.00,49,11,"2026-08-14 03:36:59.029+00","Mining Ops Admin","2026-08-14 03:37:07.172297+00",,14,t
07d6ab7b-4339-48f3-85ce-7a18b5473e54,"Mirfa Miner",AME31LC000P1P5C0A26QG1605,"AvalonMiner 1366IU-150T",24.6.6,Mining,0.00,24,6,"2026-08-14 03:36:59.029+00","Mining Ops Admin","2026-08-14 03:37:11.490809+00",,6,t
07d79200-0f1e-424b-af11-e8fb66984d2d,"Mirfa Miner",DGAHGBBBEJDAD003H,"Antminer S-21e Hydro 310T",103.14.6,Mining,0.00,103,14,"2026-08-14 03:36:59.029+00","Mining Ops Admin","2026-08-14 03:37:17.356072+00",,6,t
07ddaf2c-f7ad-438f-98d1-78ffece75d97,"Mirfa Miner",JYZZEAABCJFBH0E22,"Antminer S19 XP",Warehouse,Consolidated,0.00,Unknown,Unknown,"2026-08-14 03:36:59.029+00","Mining Ops Admin","2026-08-14 03:37:15.593756+00",,Unknown,t
07de96f3-ef76-450e-9c40-ac97df220a14,"Mirfa Miner",JYZZEAABCJFBH02D1,"Antminer S19 XP",22.9.3,Mining,0.00,22,9,"2026-08-14 03:36:59.029+00","Mining Ops Admin","2026-08-14 03:37:11.908786+00",,3,t
07df1179-9cd0-4209-be18-a324bd82df93,"Mirfa Miner",JYZZEABBCJFBH0K5N,"Antminer S19 XP",44.5.5,Mining,0.00,44,5,"2026-08-14 03:36:59.029+00","Mining Ops Admin","2026-08-14 03:37:11.908786+00",,5,t
07e0f5bd-5881-4420-bfb7-e017cf17e120,"Mirfa Miner",DGAHGBBBEJDAD00ZK,"Antminer S-21e Hydro 310T",107.7.8,Mining,0.00,107,7,"2026-08-14 03:36:59.029+00","Mining Ops Admin","2026-08-14 03:37:16.93405+00",,8,t
07e54891-4cfc-41d4-a39e-29b274a7db7c,"Mirfa Miner",JYZZEAABCJFBH01JX,"Antminer S19 XP",7.4.8,Mining,0.00,7,4,"2026-08-14 03:36:59.029+00","Mining Ops Admin","2026-08-14 03:37:13.715676+00",,8,t
07e66817-ac26-4782-9bce-06a1d44c565f,"Mirfa Miner",JYZZEAABCJEBB0LYD,"Antminer S19 XP",33.8.8,Mining,0.00,33,8,"2026-08-14 03:36:59.029+00","Mining Ops Admin","2026-08-14 03:37:10.056773+00",,8,t
07ecc83c-c30c-48b8-9e81-317b6412bc88,"Mirfa Miner",JYZZEAABCJEBB0HGH,"Antminer S19 XP",36.6.5,Mining,0.00,36,6,"2026-08-14 03:36:59.029+00","Mining Ops Admin","2026-08-14 03:37:10.537579+00",,5,t
07f48ab8-35f9-40d9-bc4a-f635d8f28817,"Asic Miner",JYZZEABBCJFBH0XJB,"Antminer s19-XP",1.2.4,Mining,0.00,1,2,"2026-08-08 15:43:38.133+00","Mining Ops Admin","2026-08-05 19:03:12.079285+00",,4,t
07f64e51-5473-44c3-b1a9-fe3c3d5b13b7,"Avalon PSU",PS1A0608000049240125000623,"PSU3300-01 PLUS 2(I)-OL",Warehouse,"For Repair",0.00,Unknown,Unknown,"2026-08-08 15:02:38.4+00","Mining Ops Admin","2026-08-08 15:02:39.166105+00",,Unknown,f
07f8578c-8649-4a30-915f-89820a945951,"Asic Miner",JYZZEABBCJFBH0RYE,"Antminer s19-XP",16.8.14,Mining,0.00,16,8,"2026-08-08 15:43:38.133+00","Mining Ops Admin","2026-08-05 19:03:13.070756+00",,14,t
07fbe688-d381-4492-824e-1e6366295f55,"Avalon PSU",PS1A0608000049230816000634,"PSU3300-01 PLUS 2(I)-OL",Warehouse,"For Repair",0.00,Unknown,Unknown,"2026-08-08 15:02:38.399+00","Mining Ops Admin","2026-08-08 15:02:39.166105+00",,Unknown,f
07fc31b2-dce4-4a0e-b6f5-84604cbab4c9,"Mirfa Miner",JYZZEABBCJFBH066V,"Antminer S19 XP",41.4.8,Mining,0.00,41,4,"2026-08-14 03:36:59.029+00","Mining Ops Admin","2026-08-14 03:37:08.669252+00",,8,t
07fdac32-a82d-432c-af60-f353b5039208,"Mirfa Miner",NGSBEAABCJDAA0ASG,"Antminer S19 XP",Masdar,Unrepairable,0.00,Unknown,Unknown,"2026-08-14 03:36:59.029+00","Mining Ops Admin","2026-08-14 03:37:06.033538+00",,Unknown,t
07ff3571-70ed-4441-88f5-fedfa5b5b6d6,"Asic Miner",JYZZEAABCJFBH0DBB,"Antminer s19-XP",Warehouse,"Ready For Deployment",0.00,Unknown,Unknown,"2026-08-08 15:43:38.133+00","Mining Ops Admin","2026-08-05 18:55:01.456658+00",,Unknown,t
0801e34b-0ae7-401e-bff4-80cc94f55707,"Mirfa Miner",ONETFEABDAAJH01RN,"Antminer S-21 Hydro 335T",106.5.10,Mining,0.00,106,5,"2026-08-14 03:36:59.029+00","Mining Ops Admin","2026-08-14 03:37:16.93405+00",,10,t
0802a1ab-c956-4aa0-a0be-b3b1fa9eb20a,"Asic Miner",JYZZEABBCJFBH0XJE,"Antminer s19-XP",15.5.9,Mining,0.00,15,5,"2026-08-08 15:43:38.133+00","Mining Ops Admin","2026-08-05 19:03:09.389032+00",,9,t
0805a2ea-fa0f-45ff-b2a2-9305f428545f,"Asic Miner",JYZZEABBCJEBB02W8,"Antminer s19-XP",16.11.12,Mining,0.00,16,11,"2026-08-08 15:43:38.133+00","Mining Ops Admin","2026-08-05 19:03:13.070756+00",,12,t
08063523-88e8-458a-9b1d-14153ee18a3c,"Asic Miner",AME31LC000P36WC0A26QG1901,"AvalonMiner 1366IU-150",24.5.4,Mining,0.00,24,5,"2026-08-08 15:43:38.133+00","Mining Ops Admin","2026-08-05 19:03:11.299636+00",,4,t
080adb41-0e2e-4ed8-a749-a02d1f97b605,"Mirfa Miner",AME31LC000P35BC0A26QG1901,"AvalonMiner 1366IU-150T",15.2.14,Mining,0.00,15,2,"2026-08-14 03:36:59.029+00","Mining Ops Admin","2026-08-14 03:37:13.257489+00",,14,t
080b159a-ad0d-4f7e-bae1-57bc7bc6cfce,"Asic Miner",PIEMFEBBDJDAE0664,"Antminer S-21 Hydro 319T",102.13.9,Mining,0.00,102,13,"2026-08-08 15:43:38.133+00","Mining Ops Admin","2026-08-05 18:50:11.149179+00",,9,t
080dd9a0-4767-4e0b-95c2-54e63ad5f5bc,"Asic Miner",PIEMFECBDJHBB00AD,"Antminer S-21 Hydro 302T",101.6.5,Mining,0.00,101,6,"2026-08-08 15:43:38.133+00","Mining Ops Admin","2026-08-05 19:03:10.424813+00",,5,t
080e5c45-fdd1-4be0-93e0-24f38da7b23f,PSU,DGAH329BCJGBJ0247,"APW121215f - V3.0110",10.12.3.2,Deployed,0.00,12,3,"2026-08-07 17:04:11.815+00","Mining Ops Admin","2026-08-07 17:04:12.34159+00",,2,f
081408f5-d43e-42e3-b881-ec0901488ee0,"Mirfa Miner",JYZZEAABCJEBB0H0E,"Antminer S19 XP",46.6.13,Mining,0.00,46,6,"2026-08-14 03:36:59.029+00","Mining Ops Admin","2026-08-14 03:37:11.908786+00",,13,t
0816a843-759c-4497-914b-19feb0a900cd,"Mirfa Miner",JYZZEAABCJCBE00FD,"Antminer S19 XP",50.1.8,Mining,0.00,50,1,"2026-08-14 03:36:59.029+00","Mining Ops Admin","2026-08-14 03:37:07.172297+00",,8,t
082b5562-dd9c-4e4d-9360-8df0a3828da8,"Mirfa Miner",AMD61LC000N7CVC0A21QE0101,"AvalonMiner 1366I-122",19.12.1,Mining,0.00,19,12,"2026-08-14 03:36:59.029+00","Mining Ops Admin","2026-08-14 03:37:07.646472+00",,1,t
08301b59-964c-4b9d-8de9-2686330000e8,"Asic Miner",JYZZEAABCJFBH0ZD8,"Antminer s19-XP",15.10.16,Mining,0.00,15,10,"2026-08-08 15:43:38.133+00","Mining Ops Admin","2026-08-05 18:50:39.993479+00",,16,t
0833eb35-b8f8-4fba-9d12-37d915fff73f,"Mirfa Miner",JYZZEABBCJFBH01LC,"Antminer S19 XP",45.7.2,Mining,0.00,45,7,"2026-08-14 03:36:59.029+00","Mining Ops Admin","2026-08-14 03:37:11.908786+00",,2,t
08363c1f-947c-4b72-bbad-6256e7478bca,"Asic Miner",JYZZEABBCJFBH0DDN,"Antminer s19-XP",Warehouse,"Ready For Deployment - Repaired By Masdar Team",0.00,Unknown,Unknown,"2026-08-08 15:43:38.133+00","Mining Ops Admin","2026-08-05 18:48:54.014233+00",,Unknown,t
0838f456-f5b3-4ac7-9514-c5187916b1de,"Asic Miner",JYZZEABBCJFBH04T6,"Antminer s19-XP",17.4.16,Mining,0.00,17,4,"2026-08-08 15:43:38.133+00","Mining Ops Admin","2026-08-05 19:03:13.070756+00",,16,t
08395082-6857-4b5e-948e-5af8ea7ebc93,"Mirfa Miner",JYZZEAABCJFBH01HL,"Antminer S19 XP",7.1.15,Mining,0.00,7,1,"2026-08-14 03:36:59.029+00","Mining Ops Admin","2026-08-14 03:37:13.715676+00",,15,t
083d0b4b-bc3e-4de9-b243-f2d3b9d7d535,"Mirfa Miner",JYZZEAABCJEBB0E5C,"Antminer S19 XP",19.4.12,Mining,0.00,19,4,"2026-08-14 03:36:59.029+00","Mining Ops Admin","2026-08-14 03:37:12.376269+00",,12,t
083d3f53-78cf-472f-a931-7b838a692963,"Mirfa Miner",JYZZEABBCJFBH01R0,"Antminer S19 XP",44.8.7,Mining,0.00,44,8,"2026-08-14 03:36:59.029+00","Mining Ops Admin","2026-08-14 03:37:08.20636+00",,7,t
083e0322-4b84-43de-8e82-b8df0b57091e,"Asic Miner",JYZZEAABCJHJH04W6,"Antminer s19-XP",16.5.3,Mining,0.00,16,5,"2026-08-08 15:43:38.133+00","Mining Ops Admin","2026-08-05 19:03:09.389032+00",,3,t
083e847a-78f4-47ef-948f-7c8aa0077205,"Asic Miner",JYZZEAABCJFBH0R18,"Antminer s19-XP",11.6.12,Mining,0.00,11,6,"2026-08-08 15:43:38.133+00","Mining Ops Admin","2026-08-05 19:03:09.722017+00",,12,t
083f9716-6d22-4bec-a0b7-baa982f56cb9,"Asic Miner",PIEMFEBBDJEJB00N7,"Antminer S-21 Hydro 319T",104.10.6,Mining,0.00,104,10,"2026-08-08 15:43:38.133+00","Mining Ops Admin","2026-08-05 19:03:10.086179+00",,6,t
0841ba96-41e5-4fef-a18a-adabbada795a,"Mirfa Miner",DGAHGBBBEJDAD0161,"Antminer S-21e Hydro 310T",108.14.15,Mining,0.00,108,14,"2026-08-14 03:36:59.029+00","Mining Ops Admin","2026-08-14 03:37:16.93405+00",,15,t
084471ee-a5e2-4f9e-8d4f-bdcfac1819ae,"Mirfa Miner",JYZZEAABCJEBB0GGP,"Antminer S19 XP",11.1.6,Mining,0.00,11,1,"2026-08-14 03:36:59.029+00","Mining Ops Admin","2026-08-14 03:37:13.257489+00",,6,t
0847525e-534d-4031-b27e-2c04a0084416,"Mirfa Miner",AMD61LC000N77BC0A21QE0101,"AvalonMiner 1366I-122",25.12.15,Mining,0.00,25,12,"2026-08-14 03:36:59.029+00","Mining Ops Admin","2026-08-14 03:37:08.669252+00",,15,t
084fe96f-d479-4a92-b5c6-26602369c13e,"Mirfa Miner",JYZZEAABCJEBB08KT,"Antminer S19 XP",15.4.4,Mining,0.00,15,4,"2026-08-14 03:36:59.029+00","Mining Ops Admin","2026-08-14 03:37:12.816944+00",,4,t
0854ec24-abc4-48c7-a73a-478e559572ab,"Asic Miner",JYZZEABBCJEBB07YD,"Antminer s19-XP",5.3.15,Mining,0.00,5,3,"2026-08-08 15:43:38.133+00","Mining Ops Admin","2026-08-05 19:03:11.299636+00",,15,t
08572a51-14e7-40bc-b9b9-627e478169c8,"Asic Miner",PIEMFEBBDJDAE0165,"Antminer S-21 Hydro 319T",101.3.10,Mining,0.00,101,3,"2026-08-08 15:43:38.133+00","Mining Ops Admin","2026-08-05 18:52:43.281325+00",,10,t
08573ab4-8074-4706-a119-2c986405cb55,"Asic Miner",PIEMFEBBDJDAE055M,"Antminer S-21 Hydro 319T",106.6.5,Mining,0.00,106,6,"2026-08-08 15:43:38.133+00","Mining Ops Admin","2026-08-05 19:03:10.086179+00",,5,t
0858bc25-f058-40ab-8a08-1d9ec516ca04,"Mirfa Miner",JYZZEAABCJFBH0K2T,"Antminer S19 XP",8.2.8,Mining,0.00,8,2,"2026-08-14 03:36:59.029+00","Mining Ops Admin","2026-08-14 03:37:13.715676+00",,8,t
085da41f-de06-45fc-8242-f3a7318ab55a,"Mirfa Miner",JYZZEAABCJCBE018J,"Antminer S19 XP",39.11.15,Mining,0.00,39,11,"2026-08-14 03:36:59.029+00","Mining Ops Admin","2026-08-14 03:37:09.12554+00",,15,t
086d2cf4-76bb-4b64-bb67-ab7fd900a3a1,"Mirfa Miner",AME31LC000P7YNC0A26QG2702,"AvalonMiner 1366IU-150T",15.5.15,Mining,0.00,15,5,"2026-08-14 03:36:59.029+00","Mining Ops Admin","2026-08-14 03:37:15.145497+00",,15,t
08724b45-7e0f-4ded-a485-6608ff68f5fe,"Mirfa Miner",JYZZEAABCJEBB0A8B,"Antminer S19 XP",Masdar,"Faulty Antminer + Repair",0.00,Unknown,Unknown,"2026-08-14 03:36:59.029+00","Mining Ops Admin","2026-08-14 03:37:06.536989+00",,Unknown,t
088142cb-03e2-48db-921d-e8ba9548b0cf,"Mirfa Miner",DGAHGBBBEJDAD00VB,"Antminer S-21e Hydro 310T",108.5.3,Mining,0.00,108,5,"2026-08-14 03:36:59.029+00","Mining Ops Admin","2026-08-14 03:37:16.93405+00",,3,t
088b13d4-3d99-41c9-bb72-ae89d1d24d09,"Mirfa Miner",AME31LC000P30EC0A26QG1901,"AvalonMiner 1366IU-150T",29.12.15,Mining,0.00,29,12,"2026-08-14 03:36:59.029+00","Mining Ops Admin","2026-08-14 03:37:06.536989+00",,15,t
088b4807-a5cf-4751-aef1-1a8302577b89,"Asic Miner",SMTTEACBCJCJF09LT,"Antminer s19-XP",7.11.11,Mining,0.00,7,11,"2026-08-08 15:43:38.133+00","Mining Ops Admin","2026-08-05 19:03:10.966506+00",,11,t
088dc451-3ede-4b64-91be-d973a8adb405,"Mirfa Miner",JYZZEAABCJEBB0JBV,"Antminer S19 XP",14.2.1,Mining,0.00,14,2,"2026-08-14 03:36:59.029+00","Mining Ops Admin","2026-08-14 03:37:12.816944+00",,1,t
088e5439-9e8c-485d-ab46-d3608ee0b928,"Mirfa Miner",JYZZEAABCJBBG00V1,"Antminer S19 XP",40.3.16,Mining,0.00,40,3,"2026-08-14 03:36:59.029+00","Mining Ops Admin","2026-08-14 03:37:08.669252+00",,16,t
0897a460-20b0-40e5-9f51-9f7f9b3be7bd,"Mirfa Miner",JYZZEAABCJFBH09EP,"Antminer S19 XP",32.10.15,Mining,0.00,32,10,"2026-08-14 03:36:59.029+00","Mining Ops Admin","2026-08-14 03:37:10.056773+00",,15,t
08985cb6-4912-4aef-9e57-4a7f402f9760,"Mirfa Miner",JYZZEAABCJEBB0GH5,"Antminer S19 XP",9.10.12,Mining,0.00,9,10,"2026-08-14 03:36:59.029+00","Mining Ops Admin","2026-08-14 03:37:13.257489+00",,12,t
089ee757-3f1c-4513-a9ca-dc0ee20a935f,"Asic Miner",AME31LC000MM8EC0A26QA2604,"AvalonMiner 1366IU-150",20.10.15,Mining,0.00,20,10,"2026-08-08 15:43:38.133+00","Mining Ops Admin","2026-08-05 19:03:09.722017+00",,15,t
089fa120-1746-41b1-afd4-3486118373fc,"Mirfa Miner",AME31LC000P384C0A26QG2001,"AvalonMiner 1366IU-150T",15.6.11,Mining,0.00,15,6,"2026-08-14 03:36:59.029+00","Mining Ops Admin","2026-08-14 03:37:15.145497+00",,11,t
08a1eb22-3d5f-4e88-889c-c13b304a076c,"Asic Miner",PIEMFEBBDJDAE05RX,"Antminer S-21 Hydro 319T",106.3.2,Mining,0.00,106,3,"2026-08-08 15:43:38.133+00","Mining Ops Admin","2026-08-05 19:03:10.086179+00",,2,t
08a2ea30-cb50-4f9c-81c0-4eeaa0a388c7,"Asic Miner",PIEMFEBBDJDAE03H9,"Antminer S-21 Hydro 319T",102.13.2,Mining,0.00,102,13,"2026-08-08 15:43:38.133+00","Mining Ops Admin","2026-08-05 19:03:10.424813+00",,2,t
08a6821f-9fcd-40db-a388-7d8adce1f439,"Asic Miner",JYZZEABBCJDBI009A,"Antminer s19-XP",1.9.2,Mining,0.00,1,9,"2026-08-08 15:43:38.133+00","Mining Ops Admin","2026-08-05 19:03:12.079285+00",,2,t
08aa6bbe-a9d3-47f9-a292-3c248fed9734,"Asic Miner",JYZZEAABCJEBB0CBP,"Antminer s19-XP",14.12.8,Mining,0.00,14,12,"2026-08-08 15:43:38.133+00","Mining Ops Admin","2026-08-05 19:03:13.070756+00",,8,t
08ad8634-3c0a-4119-8c59-8b7779045e9b,"Asic Miner",PIEMFEBBDJDAE034B,"Antminer S-21 Hydro 319T",105.12.7,Mining,0.00,105,12,"2026-08-08 15:43:38.133+00","Mining Ops Admin","2026-08-05 19:03:10.086179+00",,7,t
08b58f5d-966d-48cc-85cd-947a1ee7db7e,"Asic Miner",JYZZEABBCJEBB0DBD,"Antminer s19-XP",14.5.16,Mining,0.00,14,5,"2026-08-08 15:43:38.133+00","Mining Ops Admin","2026-08-05 18:53:00.587678+00",,16,t
08b5ca4a-af90-45e6-ab44-24b12cce39ed,"Mirfa Miner",DGAHGBBBEJDAG00N8,"Antminer S-21e Hydro 310T",108.10.13,Mining,0.00,108,10,"2026-08-14 03:36:59.029+00","Mining Ops Admin","2026-08-14 03:37:16.93405+00",,13,t
08bb0c93-55df-4231-909b-ce24308421c2,"Mirfa Miner",AME31LC000P4JEC0A26QG2101,"AvalonMiner 1366IU-150T",17.1.6,Mining,0.00,17,1,"2026-08-14 03:36:59.029+00","Mining Ops Admin","2026-08-14 03:37:05.062031+00",,6,t
08bdc208-94cc-49c2-bba4-f7553ba8ae9e,"Mirfa Miner",JYZZEAABCJEBB02R5,"Antminer S19 XP",5.4.12,Mining,0.00,5,4,"2026-08-14 03:36:59.029+00","Mining Ops Admin","2026-08-14 03:37:14.189196+00",,12,t
08be87db-cad3-41b2-910e-94e753ae8e69,"Mirfa Miner",JYZZEABBCJFBH0DS4,"Antminer S19 XP",17.8.1,Mining,0.00,17,8,"2026-08-14 03:36:59.029+00","Mining Ops Admin","2026-08-14 03:37:12.376269+00",,1,t
08bf8a77-f822-4581-91a9-dc58e7bf4278,"Mirfa Miner",JYZZEAABCJBBG00VR,"Antminer S19 XP",41.3.13,Mining,0.00,41,3,"2026-08-14 03:36:59.029+00","Mining Ops Admin","2026-08-14 03:37:08.669252+00",,13,t
08bfbe14-c373-43ca-aaba-f1b203912c1b,"Mirfa Miner",DGAHGBBBEJDAG03BW,"Antminer S-21e Hydro 310T",104.2.5,Mining,0.00,104,2,"2026-08-14 03:36:59.029+00","Mining Ops Admin","2026-08-14 03:37:17.356072+00",,5,t
08c12608-2f08-4389-ba3b-b7d1b0f4e790,"Asic Miner",JYZZEABBCJFBH0BL1,"Antminer s19-XP",6.11.1,Mining,0.00,6,11,"2026-08-08 15:43:38.133+00","Mining Ops Admin","2026-08-05 19:03:12.079285+00",,1,t
08c4f88c-25b5-4d4d-bef2-ae666364a131,"Mirfa Miner",JYZZEAABCJFBH01XF,"Antminer S19 XP",3.6.16,Mining,0.00,3,6,"2026-08-14 03:36:59.029+00","Mining Ops Admin","2026-08-14 03:37:14.64988+00",,16,t
08cbeef0-8672-4d16-9b9a-d767215e8efd,"Mirfa Miner",JYZZEAABCJEBB0FBY,"Antminer S19 XP",36.5.3,Mining,0.00,36,5,"2026-08-14 03:36:59.029+00","Mining Ops Admin","2026-08-14 03:37:10.537579+00",,3,t
08cc12f0-b372-4153-b372-8cbc1e273999,"Avalon PSU",PS1A0608000049240125000503,"PSU3300-01 PLUS 2(I)-OL",AME31LC000MRW2C0A26QC0103,"Inside Miner",0.00,Unknown,Unknown,"2026-08-08 15:02:38.4+00","Mining Ops Admin","2026-08-08 15:02:39.166105+00",,Unknown,f
08ce961c-bb80-4b38-b7a5-05022ce6eb0c,"Mirfa Miner",AME31LC000P75NC0A26QG2503,"AvalonMiner 1366IU-150T",WH1,"Ava - For Repair",0.00,Unknown,Unknown,"2026-08-14 03:36:59.029+00","Mining Ops Admin","2026-08-14 03:37:05.062031+00",,Unknown,t
08d2b951-2488-4850-b4f1-8607bfc44505,"Mirfa Miner",JYZZEAABCJFBH0DEX,"Antminer S19 XP",37.3.15,Mining,0.00,37,3,"2026-08-14 03:36:59.029+00","Mining Ops Admin","2026-08-14 03:37:09.600642+00",,15,t
08d88567-616a-44b2-96a0-413fc56b4cf0,"Asic Miner",JYZZEABBCJFBH09KS,"Antminer s19-XP",8.7.2,Mining,0.00,8,7,"2026-08-08 15:43:38.133+00","Mining Ops Admin","2026-08-05 18:53:20.944855+00",,2,t
08db2507-9586-416c-9641-bd0bc679d1ed,"Asic Miner",PIEMFECBDJHBB0040,"Antminer S-21 Hydro 302T",102.12.3,Mining,0.00,102,12,"2026-08-08 15:43:38.133+00","Mining Ops Admin","2026-08-05 19:03:10.424813+00",,3,t
08e08b04-03cb-4c27-981b-a030a529144a,"Mirfa Miner",JYZZEAABCJCBE02P9,"Antminer S19 XP",20.9.2,Mining,0.00,20,9,"2026-08-14 03:36:59.029+00","Mining Ops Admin","2026-08-14 03:37:11.908786+00",,2,t
08e42d84-3c7f-4e25-aeb3-10b854589aa4,"Mirfa Miner",JYZZEABBCJEBB0C8B,"Antminer S19 XP",43.12.9,Mining,0.00,43,12,"2026-08-14 03:36:59.029+00","Mining Ops Admin","2026-08-14 03:37:08.669252+00",,9,t
08e66962-2292-4411-98f9-be2863347892,"Mirfa Miner",YNAHFEABDAAAA04MY,"Antminer S-21 Hydro 335T",111.6.7,Mining,0.00,111,6,"2026-08-14 03:36:59.029+00","Mining Ops Admin","2026-08-14 03:37:07.172297+00",,7,t
08ed1a31-6708-471d-8efd-ed304fc851bb,"Mirfa Miner",JYZZEAABCJCBE032K,"Antminer S19 XP",28.9.11,Mining,0.00,28,9,"2026-08-14 03:36:59.029+00","Mining Ops Admin","2026-08-14 03:37:10.988137+00",,11,t
08f3614b-6f2e-4a1e-8b48-1fbd20990d32,"Mirfa Miner",JYZZEAABCJEBB0HJX,"Antminer S19 XP",14.2.11,Mining,0.00,14,2,"2026-08-14 03:36:59.029+00","Mining Ops Admin","2026-08-14 03:37:12.816944+00",,11,t
08f49e2e-5987-43dc-90c4-ef7f0b6925e3,"Asic Miner",AME31LC000MKTNC2A26QA2404,"AvalonMiner 1366IU-150",23.10.2,Mining,0.00,23,10,"2026-08-08 15:43:38.133+00","Mining Ops Admin","2026-08-05 19:03:09.389032+00",,2,t
08f60aab-1caf-4c6e-8bc9-3d96c2145f87,"Mirfa Miner",AME31LC000P4QGC0A26QG2101,"AvalonMiner 1366IU-150T",22.6.8,Mining,0.00,22,6,"2026-08-14 03:36:59.029+00","Mining Ops Admin","2026-08-14 03:37:11.490809+00",,8,t
08f81b46-acfc-430f-9eea-bb8cfed0ba5e,"Mirfa Miner",JYZZEAABCJEBB073B,"Antminer S19 XP",Warehouse,Consolidated,0.00,Unknown,Unknown,"2026-08-14 03:36:59.029+00","Mining Ops Admin","2026-08-14 03:37:16.029188+00",,Unknown,t
08f97e85-7fcb-4af1-9b17-a9a2f8784d0f,"Mirfa Miner",DGAHGBBBEJDAA003K,"Antminer S-21e Hydro 310T",106.12.6,Mining,0.00,106,12,"2026-08-14 03:36:59.029+00","Mining Ops Admin","2026-08-14 03:37:16.93405+00",,6,t
08f98dc7-2a98-4e51-8361-4c87ddda4af2,"Mirfa Miner",JYZZEAABCJEBB0HJH,"Antminer S19 XP",12.3.8,Mining,0.00,12,3,"2026-08-14 03:36:59.029+00","Mining Ops Admin","2026-08-14 03:37:05.062031+00",,8,t
08fadd1b-652b-4ef2-b485-4389ddab9b5f,"Mirfa Miner",JYZZEAABCJEBB0BCH,"Antminer S19 XP",28.10.2,Mining,0.00,28,10,"2026-08-14 03:36:59.029+00","Mining Ops Admin","2026-08-14 03:37:10.988137+00",,2,t
08fde7e1-640e-4017-917a-b8aaf68f1a7c,"Asic Miner",JYZZEABBCJFBH10W1,"Antminer s19-XP",Warehouse,"Ready For Deployment - Repaired By Masdar Team",0.00,Unknown,Unknown,"2026-08-08 15:43:38.133+00","Mining Ops Admin","2026-08-05 18:48:50.514834+00",,Unknown,t
09000800-0803-4113-855b-a6f9594309f6,"Asic Miner",AME31LC000MKUPC2A26QA2404,"AvalonMiner 1366IU-150",Warehouse,"Ready For Deployment",0.00,Unknown,Unknown,"2026-08-08 15:43:38.133+00","Mining Ops Admin","2026-08-05 18:52:13.255553+00",,Unknown,t
0909fb10-f591-4a5f-a4f1-0eb4c532d35a,"Asic Miner",PIEMFEBBDJHBB00YB,"Antminer S-21 Hydro 319T",105.10.2,Mining,0.00,105,10,"2026-08-08 15:43:38.133+00","Mining Ops Admin","2026-08-05 19:03:10.086179+00",,2,t
090b71ab-a726-4754-bc57-bfaeaac45ead,"Mirfa Miner",JYZZEAABCJEBB094A,"Antminer S19 XP",34.11.6,Mining,0.00,34,11,"2026-08-14 03:36:59.029+00","Mining Ops Admin","2026-08-14 03:37:10.056773+00",,6,t
0910b0aa-f369-47aa-8b27-5323a24b1331,"Mirfa Miner",JYZZEABBCJFBH08EM,"Antminer S19 XP",40.8.15,Mining,0.00,40,8,"2026-08-14 03:36:59.029+00","Mining Ops Admin","2026-08-14 03:37:09.12554+00",,15,t
09147a58-078e-4a07-958b-a40105f586af,"Asic Miner",JYZZEABBCJEBB06KK,"Antminer s19-XP",9.2.7,Mining,0.00,9,2,"2026-08-08 15:43:38.133+00","Mining Ops Admin","2026-08-05 19:03:12.564195+00",,7,t
0916915c-cacc-40a9-99fd-8fb7311ba920,"Mirfa Miner",JYZZEABBCJFBH0FJH,"Antminer S19 XP",6.12.11,Mining,0.00,6,12,"2026-08-14 03:36:59.029+00","Mining Ops Admin","2026-08-14 03:37:13.715676+00",,11,t
09180c7a-15e3-457a-8206-b2d45337df92,"Mirfa Miner",AME31LC000P4LFC0A26QG2101,"AvalonMiner 1366IU-150T",27.12.11,Mining,0.00,27,12,"2026-08-14 03:36:59.029+00","Mining Ops Admin","2026-08-14 03:37:06.033538+00",,11,t
091f406f-1dbb-4c12-b007-43643fd672b0,"Mirfa Miner",JYZZEAABCJEBB0J4P,"Antminer S19 XP",48.8.12,Mining,0.00,48,8,"2026-08-14 03:36:59.029+00","Mining Ops Admin","2026-08-14 03:37:07.646472+00",,12,t
09217b34-5b5d-4bfc-8c99-f8901e2531e5,"Mirfa Miner",DGAHGBBBEJDAD013B,"Antminer S-21e Hydro 310T",103.1.7,Mining,0.00,103,1,"2026-08-14 03:36:59.029+00","Mining Ops Admin","2026-08-14 03:37:17.356072+00",,7,t
0921ecac-1272-4187-a471-9b00e353ef2a,"Mirfa Miner",JYZZEABBCJEBB0WCG,"Antminer S19 XP",45.12.4,Mining,0.00,45,12,"2026-08-14 03:36:59.029+00","Mining Ops Admin","2026-08-14 03:37:08.20636+00",,4,t
0927beb9-c9cd-4ea1-bbf0-525d0507063b,"Mirfa Miner",JYZZEABBCJFBH04JB,"Antminer S19 XP",Warehouse,Consolidated,0.00,Unknown,Unknown,"2026-08-14 03:36:59.029+00","Mining Ops Admin","2026-08-14 03:37:15.145497+00",,Unknown,t
0927e644-f286-4b37-9e87-4a4e5708847e,"Mirfa Miner",YNAHFEABDJFJE01D0,"Antminer S-21 Hydro 335T",106.7.12,Mining,0.00,106,7,"2026-08-14 03:36:59.029+00","Mining Ops Admin","2026-08-14 03:37:16.029188+00",,12,t
092fa26b-d185-4d4b-844d-3c4ff27303d1,"Asic Miner",JYZZEAABCJFBH0DBH,"Antminer s19-XP",Masdar,"Unrepairable – Declared By Masdar Team",0.00,Unknown,Unknown,"2026-08-08 15:43:38.133+00","Mining Ops Admin","2026-08-05 18:47:54.510013+00",,Unknown,t
0935f75f-a73b-45b5-976e-2a3053c9f59b,"Avalon PSU",PS1A0608000049230816000154,"PSU3300-01 PLUS 2(I)-OL",10.25.7.11,Deployed,0.00,25,7,"2026-08-08 15:02:38.398+00","Mining Ops Admin","2026-08-08 14:54:29.11689+00",,11,f
09362438-9da7-4435-8604-59959b315437,"Mirfa Miner",JYZZEABBCJFBH01PR,"Antminer S19 XP",Masdar,"Faulty Antminer + Repair",0.00,Unknown,Unknown,"2026-08-14 03:36:59.029+00","Mining Ops Admin","2026-08-14 03:37:06.536989+00",,Unknown,t
093755f5-1104-4611-b59f-e5d3726e10f0,"Asic Miner",JYZZEABBCJFBH0C2E,"Antminer s19-XP",5.3.4,Mining,0.00,5,3,"2026-08-08 15:43:38.133+00","Mining Ops Admin","2026-08-05 19:03:11.299636+00",,4,t
09398f35-3125-4350-8746-5115cf07963c,"Mirfa Miner",JYZZEAABCJFBH0DZ9,"Antminer S19 XP",12.1.13,Mining,0.00,12,1,"2026-08-14 03:36:59.029+00","Mining Ops Admin","2026-08-14 03:37:06.536989+00",,13,t
093a3ae5-8ef9-4e33-869d-9c5244e7f5cc,"Mirfa Miner",JYZZEAABCJEBB0FL8,"Antminer S19 XP",13.7.15,Mining,0.00,13,7,"2026-08-14 03:36:59.029+00","Mining Ops Admin","2026-08-14 03:37:12.816944+00",,15,t
093da40d-e4b4-4668-9576-29df47a9b2a8,"Mirfa Miner",AME31LC000P23QC0A26QG1801,"AvalonMiner 1366IU-150T",24.5.14,Mining,0.00,24,5,"2026-08-14 03:36:59.029+00","Mining Ops Admin","2026-08-14 03:37:11.490809+00",,14,t
0941988c-0c4a-41b6-84e0-d423196da902,"Mirfa Miner",JYZZEAABCJEBB0H71,"Antminer S19 XP",36.4.9,Mining,0.00,36,4,"2026-08-14 03:36:59.029+00","Mining Ops Admin","2026-08-14 03:37:09.600642+00",,9,t
0941dddb-3431-4808-852d-3cb3e3f6f2af,"Mirfa Miner",AME31LC000P34UC0A26QG1901,"AvalonMiner 1366I-122",30.8.13,Mining,0.00,30,8,"2026-08-14 03:36:59.029+00","Mining Ops Admin","2026-08-14 03:37:09.600642+00",,13,t
0943ca6c-7bd5-48e3-b45a-651a87cdd88a,"Mirfa Miner",JYZZEAABCJFBH07RL,"Antminer S19 XP",9.11.14,Mining,0.00,9,11,"2026-08-14 03:36:59.029+00","Mining Ops Admin","2026-08-14 03:37:13.257489+00",,14,t
0943f75f-f08b-4a7e-8ae9-ae247ad39d82,"Mirfa Miner",JYZZEAABCJEBB0F7G,"Antminer S19 XP",39.6.1,Mining,0.00,39,6,"2026-08-14 03:36:59.029+00","Mining Ops Admin","2026-08-14 03:37:10.988137+00",,1,t
09459c32-c29d-4746-87e3-2b6c83fadc48,"Mirfa Miner",YNAHFECBDAAAA041S,"Antminer S-21 Hydro 302T",113.14.1,Mining,0.00,113,14,"2026-08-14 03:36:59.029+00","Mining Ops Admin","2026-08-14 03:37:16.029188+00",,1,t
094f9226-d24a-49f2-991f-589e14cc218d,"Mirfa Miner",YNAHFEABDJFJE00HE,"Antminer S-21 Hydro 335T",115.13.3,Mining,0.00,115,13,"2026-08-14 03:36:59.029+00","Mining Ops Admin","2026-08-14 03:37:16.029188+00",,3,t
095aa45f-e679-4f8e-8c3c-375b14bf4ab7,"Mirfa Miner",AMD61LC000L5T4C0A21SQ1001,"AvalonMiner 1366I-122",24.12.12,Mining,0.00,24,12,"2026-08-14 03:36:59.029+00","Mining Ops Admin","2026-08-14 03:37:07.646472+00",,12,t
095c4e65-4036-4768-a0bc-a6b63eb7c1ee,"Asic Miner",JYZZEABBCJFBH0AWN,"Antminer s19-XP",2.8.1,Mining,0.00,2,8,"2026-08-08 15:43:38.133+00","Mining Ops Admin","2026-08-05 19:03:12.079285+00",,1,t
095c68ed-c841-42d5-8e21-4cb7a9339e5a,"Asic Miner",JYZZEAABCJEBB00DT,"Antminer s19-XP",18.12.16,Mining,0.00,18,12,"2026-08-08 15:43:38.133+00","Mining Ops Admin","2026-08-05 19:03:12.564195+00",,16,t
0965b779-8f06-41db-ac6f-93620407aae8,"Asic Miner",JYZZEAABCJFBH0PX2,"Antminer s19-XP",Warehouse,"Ready For Deployment - Repaired By Masdar Team",0.00,Unknown,Unknown,"2026-08-08 15:43:38.133+00","Mining Ops Admin","2026-08-05 18:51:21.322503+00",,Unknown,t
09695d8b-72e5-4e2b-8c4a-feca1ee81d7d,"Asic Miner",JYZZEABBCJFBH0YLD,"Antminer s19-XP",11.9.2,Mining,0.00,11,9,"2026-08-08 15:43:38.133+00","Mining Ops Admin","2026-08-05 19:03:13.477265+00",,2,t
096c573b-59bc-4b1a-a2db-171e30d4c69a,"Avalon PSU",PS1A0608000057241124000205,"PSU3301-01(I)-OL",10.22.4.4,Deployed,0.00,22,4,"2026-08-08 15:02:38.398+00","Mining Ops Admin","2026-08-08 14:54:29.11689+00",,4,f
096d68ef-9218-470f-a70d-3a6b958043c7,"Mirfa Miner",AME31LC000P1NRC0A26QG1605,"AvalonMiner 1366IU-150T",WH1,"Ava - For Repair",0.00,Unknown,Unknown,"2026-08-14 03:36:59.029+00","Mining Ops Admin","2026-08-14 03:37:05.062031+00",,Unknown,t
09707c9e-5c29-45ac-b126-8f7b4f2da1f1,"Mirfa Miner",AME31LC000P3F8C0A26QG2001,"AvalonMiner 1366IU-150T",30.2.8,Mining,0.00,30,2,"2026-08-14 03:36:59.029+00","Mining Ops Admin","2026-08-14 03:37:09.600642+00",,8,t
097122a1-45c2-416c-8598-2a312f4a6a1f,"Mirfa Miner",JYZZEAABCJFBH02RS,"Antminer S19 XP",9.12.6,Mining,0.00,9,12,"2026-08-14 03:36:59.029+00","Mining Ops Admin","2026-08-14 03:37:13.257489+00",,6,t
097173dc-f0e7-461d-b5aa-aa8046a28dbe,"Mirfa Miner",AME31LC000P4T5C0A26QG2101,"AvalonMiner 1366IU-150T",22.2.6,Mining,0.00,22,2,"2026-08-14 03:36:59.029+00","Mining Ops Admin","2026-08-14 03:37:06.536989+00",,6,t
09727f23-562c-4361-b29f-b467673af115,"Mirfa Miner",JYZZEAABCJFBH0DY3,"Antminer S19 XP",7.10.5,Mining,0.00,7,10,"2026-08-14 03:36:59.029+00","Mining Ops Admin","2026-08-14 03:37:13.715676+00",,5,t
09731823-d1b8-47a3-878c-844297b99e70,"Mirfa Miner",JYZZEAABCJFBH080M,"Antminer S19 XP",Masdar,"Faulty Antminer + Repair",0.00,Unknown,Unknown,"2026-08-14 03:36:59.029+00","Mining Ops Admin","2026-08-14 03:37:06.536989+00",,Unknown,t
097771a7-31d2-46f3-82c5-87d93a740d8d,"Mirfa Miner",JYZZEABBCJEBB0MC3,"Antminer S19 XP",39.11.8,Mining,0.00,39,11,"2026-08-14 03:36:59.029+00","Mining Ops Admin","2026-08-14 03:37:09.12554+00",,8,t
09777937-a7b5-44bb-b26b-c444451cbdfc,"Mirfa Miner",JYZZEAABCJEBB0J20,"Antminer S19 XP",18.9.14,Mining,0.00,18,9,"2026-08-14 03:36:59.029+00","Mining Ops Admin","2026-08-14 03:37:12.376269+00",,14,t
097a6276-6858-4e09-ac8b-abb66af41958,PSU,PCGPW1212154E8853,GPW121215,Warehouse,"Ready for Deployment",0.00,Unknown,Unknown,"2026-08-07 17:04:11.814+00","Mining Ops Admin","2026-08-07 17:04:12.34159+00",,Unknown,f
097c5c8d-f7e0-4e5e-82f0-c85d0c7763fb,"Asic Miner",PIEMFEABDJEJB013B,"Antminer S-21 Hydro 335T",101.9.10,Mining,0.00,101,9,"2026-08-08 15:43:38.133+00","Mining Ops Admin","2026-08-05 19:03:10.424813+00",,10,t
0981bb41-3aa8-4867-8223-6a83fea6c9e0,"Asic Miner",JYZZEABBCJEBB03HP,"Antminer s19-XP",5.9.1,Mining,0.00,5,9,"2026-08-08 15:43:38.133+00","Mining Ops Admin","2026-08-05 19:03:11.620425+00",,1,t
09838ad1-d81c-468b-a04c-761a9df7a137,"Asic Miner",JYZZEAABCJFBH0R38,"Antminer s19-XP",Warehouse,"Ready For Deployment",0.00,Unknown,Unknown,"2026-08-08 15:43:38.133+00","Mining Ops Admin","2026-08-05 18:54:52.653934+00",,Unknown,t
098407b1-76b3-4261-9a1e-f1f9ca141e27,"Mirfa Miner",JYZZEABBCJFBH0719,"Antminer S19 XP",39.1.5,Mining,0.00,39,1,"2026-08-14 03:36:59.029+00","Mining Ops Admin","2026-08-14 03:37:09.12554+00",,5,t
09869f41-d712-4b0f-b68a-5b62cc923f57,"Mirfa Miner",AME31LC000P724C0A26QG2503,"AvalonMiner 1366IU-150T",WH1,"For Repair",0.00,Unknown,Unknown,"2026-08-26 06:05:25.854+00","Mining Ops Admin","2026-08-14 03:37:15.145497+00",,Unknown,t
0989459b-beef-421a-8404-8b95aa26c6eb,"Mirfa Miner",JYZZEAABCJEBB0J8G,"Antminer S19 XP",35.11.6,Mining,0.00,35,11,"2026-08-14 03:36:59.029+00","Mining Ops Admin","2026-08-14 03:37:09.600642+00",,6,t
098c8456-6ea5-4c28-9e7e-9e7509b89a5f,"Asic Miner",JYZZEABBCJFBH10DW,"Antminer s19-XP",21.2.3,Mining,0.00,21,2,"2026-08-08 15:43:38.133+00","Mining Ops Admin","2026-08-05 19:03:12.079285+00",,3,t
0992cf94-70a0-4b18-b48d-838b616968b1,"Mirfa Miner",JYZZEABBCJFBH04FV,"Antminer S19 XP",Warehouse,Consolidated,0.00,Unknown,Unknown,"2026-08-14 03:36:59.029+00","Mining Ops Admin","2026-08-14 03:37:15.145497+00",,Unknown,t
09935e62-fafc-40df-a4d1-9f17e0e2ef5c,"Avalon PSU",PS1A0608000057241124000539,"PSU3301-01(I)-OL",10.24.7.1,Deployed,0.00,24,7,"2026-08-08 15:02:38.398+00","Mining Ops Admin","2026-08-08 14:54:29.11689+00",,1,f
09947a28-9e7d-4ab0-9e5e-5240d7b55651,"Avalon PSU",PS1A0608000057240912001744,"PSU3301-01(I)-OL",10.21.5.13,Deployed,0.00,21,5,"2026-08-08 15:02:38.397+00","Mining Ops Admin","2026-08-08 14:54:29.11689+00",,13,f
0999a21e-2be6-4485-97f0-33295c1b8ef1,"Mirfa Miner",AME31LC000P4JRC0A26QG2101,"AvalonMiner 1366IU-150T",28.11.15,Mining,0.00,28,11,"2026-08-14 03:36:59.029+00","Mining Ops Admin","2026-08-14 03:37:06.033538+00",,15,t
099a677e-6891-4ac0-93f5-62d523522db3,"Asic Miner",JYZZEAABCJHJH04RX,"Antminer s19-XP",8.5.12,Mining,0.00,8,5,"2026-08-08 15:43:38.133+00","Mining Ops Admin","2026-08-05 18:53:06.408358+00",,12,t
099d7586-8611-42f1-b316-4c248e9bbede,"Asic Miner",JYZZEAABCJHJH04SB,"Antminer s19-XP",Warehouse,"For Repair - 3 Faulty Boards",0.00,Unknown,Unknown,"2026-08-08 15:43:38.133+00","Mining Ops Admin","2026-08-05 18:43:47.396478+00",,Unknown,t
09ac2ab9-28e7-4c03-a5eb-0119bc94de30,"Asic Miner",AME31LC000MKTJC2A26QA2404,"AvalonMiner 1366IU-150",Warehouse,"For Diagnosis",0.00,Unknown,Unknown,"2026-08-19 06:50:38.247+00","Mining Ops Admin","2026-08-05 18:43:20.278866+00",,Unknown,t
09ae2931-49bd-4b3e-9387-f8d57cbf0c09,"Asic Miner",AME31LC000P38NC0A26QG2001,"AvalonMiner 1366IU-150",21.5.2,Mining,0.00,21,5,"2026-08-08 15:43:38.133+00","Mining Ops Admin","2026-08-05 19:03:11.299636+00",,2,t
09aeb77d-4bf9-4a7b-a907-02fd4b4cabfe,"Mirfa Miner",JYZZEAABCJBBG00Y9,"Antminer S19 XP",41.12.13,Mining,0.00,41,12,"2026-08-14 03:36:59.029+00","Mining Ops Admin","2026-08-14 03:37:08.669252+00",,13,t
09b1d893-c4d0-4bbf-b60d-42657a34d09a,"Mirfa Miner",JYZZEABBCJEBB0RVA,"Antminer S19 XP",47.9.6,Mining,0.00,47,9,"2026-08-14 03:36:59.029+00","Mining Ops Admin","2026-08-14 03:37:07.646472+00",,6,t
09b60286-bf8a-4417-8549-b119e2439a05,"Mirfa Miner",JYZZEAABCJEBB0KM5,"Antminer S19 XP",36.11.2,Mining,0.00,36,11,"2026-08-14 03:36:59.029+00","Mining Ops Admin","2026-08-14 03:37:09.600642+00",,2,t
09be8445-9b6f-43c2-b410-a97c1e5d7b74,"Mirfa Miner",JYZZEAABCJEBB0LT1,"Antminer S19 XP",4.6.2,Mining,0.00,4,6,"2026-08-14 03:36:59.029+00","Mining Ops Admin","2026-08-14 03:37:05.062031+00",,2,t
09c0dde8-020d-4a25-8fb4-7c5c581b8984,"Mirfa Miner",JYZZEAABCJFBH0BTW,"Antminer S19 XP",38.2.12,Mining,0.00,38,2,"2026-08-14 03:36:59.029+00","Mining Ops Admin","2026-08-14 03:37:09.12554+00",,12,t
09c64828-f6fb-4dbc-bff0-f7b0a1391001,"Asic Miner",JYZZEABBCJFBH0818,"Antminer s19-XP",8.5.1,Mining,0.00,8,5,"2026-08-08 15:43:38.133+00","Mining Ops Admin","2026-08-05 18:53:02.397379+00",,1,t
09cc87b9-bbe0-446e-9753-eeb9719b9bb5,"Mirfa Miner",JYZZEAABCJEBB0HSS,"Antminer S19 XP",36.4.8,Mining,0.00,36,4,"2026-08-14 03:36:59.029+00","Mining Ops Admin","2026-08-14 03:37:09.600642+00",,8,t
09cda229-5eba-4a32-b7cc-bfae8ae29b94,"Mirfa Miner",JYZZEAABCJEBB0J2Y,"Antminer S19 XP",40.6.14,Mining,0.00,40,6,"2026-08-14 03:36:59.029+00","Mining Ops Admin","2026-08-14 03:37:10.988137+00",,14,t
09ce5e76-2eee-416b-8884-cd15bc6fac5b,"Mirfa Miner",JYZZEABBCJFBH06V9,"Antminer S19 XP",47.11.3,Mining,0.00,47,11,"2026-08-14 03:36:59.029+00","Mining Ops Admin","2026-08-14 03:37:07.646472+00",,3,t
09d31bee-a129-4ddc-9dec-f08404adb78c,"Mirfa Miner",JYZZEAABCJEBB0N86,"Antminer S19 XP",3.8.7,Mining,0.00,3,8,"2026-08-14 03:36:59.029+00","Mining Ops Admin","2026-08-14 03:37:14.189196+00",,7,t
09d38aa3-7fa6-4c49-b92b-17fbb117fff5,"Asic Miner",JYZZEAABCJFBH0LPE,"Antminer s19-XP",7.4.6,Mining,0.00,7,4,"2026-08-08 15:43:38.133+00","Mining Ops Admin","2026-08-05 19:03:12.079285+00",,6,t
09d7b76c-bc49-44b2-bcc3-dc17e2daea15,"Mirfa Miner",JYZZEABBCJFBH01RN,"Antminer S19 XP",42.8.6,Mining,0.00,42,8,"2026-08-14 03:36:59.029+00","Mining Ops Admin","2026-08-14 03:37:08.669252+00",,6,t
09daaff3-e99f-4479-b53a-ff8c518ccf79,PSU,OLTT323BCJGAD4124,"APW121215d - V1.3240",SS1,Faulty,0.00,Unknown,Unknown,"2026-08-07 17:04:11.819+00","Mining Ops Admin","2026-08-07 17:04:12.984542+00",,Unknown,f
09dd6bbd-0834-4c32-85e9-d63de935558a,"Mirfa Miner",DGAHGBBBEJDAD00X2,"Antminer S-21e Hydro 310T",101.9.8,Mining,0.00,101,9,"2026-08-14 03:36:59.029+00","Mining Ops Admin","2026-08-14 03:37:17.72977+00",,8,t
09e4cef3-1f1d-4224-9e64-7fee848f6d1b,"Mirfa Miner",JYZZEABBCJDBI0065,"Antminer S19 XP",40.2.6,Mining,0.00,40,2,"2026-08-14 03:36:59.029+00","Mining Ops Admin","2026-08-14 03:37:09.12554+00",,6,t
09e509ec-8a46-417a-9203-6208447ce0b2,"Asic Miner",PIEMFEBBDAAAD01D3,"Antminer S-21 Hydro 319T",103.14.12,Mining,0.00,103,14,"2026-08-08 15:43:38.133+00","Mining Ops Admin","2026-08-05 19:03:10.424813+00",,12,t
09e5ab8e-0444-4da8-90b9-c8d2c3d07509,"Mirfa Miner",DGAHGBBBEJEJF00EV,"Antminer S-21e Hydro 310T",111.5.11,Mining,0.00,111,5,"2026-08-14 03:36:59.029+00","Mining Ops Admin","2026-08-14 03:37:06.536989+00",,11,t
09e82ffd-25a8-489c-b8f3-eea153dccb58,"Asic Miner",JYZZEABBCJDBI01FS,"Antminer s19-XP",11.8.5,Mining,0.00,11,8,"2026-08-08 15:43:38.133+00","Mining Ops Admin","2026-08-05 19:03:13.477265+00",,5,t
09edbbf9-1aeb-4e9c-aa7a-b86a6d447ecb,"Mirfa Miner",JYZZEABBCJEBB0HNN,"Antminer S19 XP",47.11.4,Mining,0.00,47,11,"2026-08-14 03:36:59.029+00","Mining Ops Admin","2026-08-14 03:37:07.646472+00",,4,t
09ef6039-ad90-4f7c-bfb0-50cb682b870d,"Asic Miner",YDFTEABBBJFJF00EV,"Antminer s19-XP",3.10.6,Mining,0.00,3,10,"2026-08-08 15:43:38.133+00","Mining Ops Admin","2026-08-05 19:03:11.299636+00",,6,t
09f2e94b-2c23-469c-ba6b-f42c59e3115a,"Asic Miner",SMTTEABBCJFJB02TV,"Antminer s19-XP",17.8.7,Mining,0.00,17,8,"2026-08-08 15:43:38.133+00","Mining Ops Admin","2026-08-05 18:45:32.909596+00",,7,t
09fb0a75-51e5-405a-9d67-11274b63dbe6,"Mirfa Miner",JYZZEAABCJFBH08FN,"Antminer S19 XP",5.5.3,Mining,0.00,5,5,"2026-08-14 03:36:59.029+00","Mining Ops Admin","2026-08-14 03:37:14.64988+00",,3,t
0a00fd80-467f-4490-bc54-46cbb605ec3a,"Mirfa Miner",YNAHFEABDJFJE00SR,"Antminer S-21 Hydro 335T",109.7.5,Mining,0.00,109,7,"2026-08-14 03:36:59.029+00","Mining Ops Admin","2026-08-14 03:37:16.93405+00",,5,t
0a0195ed-82d9-41e2-b920-14cb68cde298,"Mirfa Miner",JYZZEAABCJEBB0ASN,"Antminer S19 XP",45.8.16,Mining,0.00,45,8,"2026-08-14 03:36:59.029+00","Mining Ops Admin","2026-08-14 03:37:08.20636+00",,16,t
0a03c25e-a581-4fe2-a4a1-c70e7066c388,"Asic Miner",AME31LC000MRVBC0A26QC0103,"AvalonMiner 1366IU-150",21.6.12,Mining,0.00,21,6,"2026-08-08 15:43:38.133+00","Mining Ops Admin","2026-08-05 19:03:10.966506+00",,12,t
0a071a9e-94e0-4c69-b149-e7868e6c4a17,"Asic Miner",PIEMFEBBDJDAE020X,"Antminer S-21 Hydro 319T",107.8.5,Mining,0.00,107,8,"2026-08-08 15:43:38.133+00","Mining Ops Admin","2026-08-05 19:03:10.086179+00",,5,t
0a16d996-19d2-488d-9c6d-8b751809fd39,PSU,DGAH329BCJFBJ1144,"APW121215f - V4.0",Warehouse,Faulty,0.00,Unknown,Unknown,"2026-08-07 17:04:11.815+00","Mining Ops Admin","2026-08-07 17:04:12.34159+00",,Unknown,f
0a2161bb-ad45-419d-adf0-f46707373ae0,"Mirfa Miner",AME31LC000P4NFC0A26QG2101,"AvalonMiner 1366IU-150T",30.11.14,Mining,0.00,30,11,"2026-08-14 03:36:59.029+00","Mining Ops Admin","2026-08-14 03:37:06.536989+00",,14,t
0a224c22-480d-43b1-ae4d-e7b551f73718,"Mirfa Miner",JYZZEAABCJEBB087W,"Antminer S19 XP",11.2.7,Mining,0.00,11,2,"2026-08-14 03:36:59.029+00","Mining Ops Admin","2026-08-14 03:37:13.257489+00",,7,t
0a22f488-03c6-49c6-bbf0-7c63545dcbb4,"Mirfa Miner",JYZZEABBCJEBB0XVC,"Antminer S19 XP",9.12.2,Mining,0.00,9,12,"2026-08-14 03:36:59.029+00","Mining Ops Admin","2026-08-14 03:37:13.257489+00",,2,t
0a2377e7-5e83-48ac-9725-2db8dc48c421,"Asic Miner",PIEMFEBBDJDAE02V8,"Antminer S-21 Hydro 319T",104.9.12,Mining,0.00,104,9,"2026-08-08 15:43:38.133+00","Mining Ops Admin","2026-08-05 18:49:57.061252+00",,12,t
0a23d0d9-be07-47f0-a81d-0e0b9e741827,"Mirfa Miner",JYZZEAABCJEBB0CR1,"Antminer S19 XP",19.8.9,Mining,0.00,19,8,"2026-08-14 03:36:59.029+00","Mining Ops Admin","2026-08-14 03:37:15.145497+00",,9,t
0a285241-2c1e-4c15-bf00-629dcc81214a,"Asic Miner",JYZZEABBCJFBH107W,"Antminer s19-XP",15.5.7,Mining,0.00,15,5,"2026-08-08 15:43:38.133+00","Mining Ops Admin","2026-08-05 19:03:09.389032+00",,7,t
0a28f353-fb69-4b3e-963e-8e15139aaaa4,"Mirfa Miner",JYZZEAABCJCBE00PX,"Antminer S19 XP",37.2.4,Mining,0.00,37,2,"2026-08-14 03:36:59.029+00","Mining Ops Admin","2026-08-14 03:37:09.600642+00",,4,t
0a29c9d7-efe9-463f-8d1c-4b2733eb1924,"Mirfa Miner",JYZZEAABCJEBB0D1J,"Antminer S19 XP",Masdar,Unrepairable,0.00,Unknown,Unknown,"2026-08-14 03:36:59.029+00","Mining Ops Admin","2026-08-14 03:37:06.033538+00",,Unknown,t
0a2c54eb-d9bf-45c0-a651-0e058140c3c8,"Mirfa Miner",YNAHFEABEJABA008E,"Antminer S-21 Hydro 335T",110.6.11,Mining,0.00,110,6,"2026-08-14 03:36:59.029+00","Mining Ops Admin","2026-08-14 03:37:16.93405+00",,11,t
0a2d3e11-9fd1-410a-b28d-7b4bff869569,"Mirfa Miner",DGAHGBBBEJDAD0145,"Antminer S-21e Hydro 310T",112.1.2,Mining,0.00,112,1,"2026-08-14 03:36:59.029+00","Mining Ops Admin","2026-08-14 03:37:16.463682+00",,2,t
0a2e6393-2c14-41c6-9816-5a5f8c662946,PSU,OLTT329BCJEAG3502,"APW121215f - V3.0110",10.22.2.3,Deployed,0.00,22,2,"2026-08-07 17:04:11.815+00","Mining Ops Admin","2026-08-07 17:04:12.34159+00",,3,f
0a32902b-407e-4f34-b35f-393d894419ba,"Mirfa Miner",DGAHGBBBEJDAG03F6,"Antminer S-21e Hydro 310T",101.14.2,Mining,0.00,101,14,"2026-08-14 03:36:59.029+00","Mining Ops Admin","2026-08-14 03:37:17.72977+00",,2,t
0a358578-2c97-4510-b8b8-74d0b63eecc7,"Asic Miner",JYZZEAABCJFBH0WVJ,"Antminer s19-XP",8.3.8,Mining,0.00,8,3,"2026-08-08 15:43:38.133+00","Mining Ops Admin","2026-08-05 19:03:12.564195+00",,8,t
0a36532f-6a45-4d61-840c-d49882adcc66,"Asic Miner",PIEMFEABDJEJB015G,"Antminer S-21 Hydro 335T",104.9.9,Mining,0.00,104,9,"2026-08-08 15:43:38.133+00","Mining Ops Admin","2026-08-05 19:03:10.086179+00",,9,t
0a3cddfb-617e-4efd-bb3c-acdd64453c59,"Asic Miner",JYZZEAABCJFBH0CTL,"Antminer s19-XP",10.7.13,Mining,0.00,10,7,"2026-08-08 15:43:38.133+00","Mining Ops Admin","2026-08-05 18:44:14.309912+00",,13,t
0a3f8d61-a569-4d01-ae5e-05adaf78a105,"Mirfa Miner",DGAHGBBBEJDAD00R8,"Antminer S-21e Hydro 310T",101.12.12,Mining,0.00,101,12,"2026-08-14 03:36:59.029+00","Mining Ops Admin","2026-08-14 03:37:17.72977+00",,12,t
0a467473-b54a-44cf-90e5-1d878ce5bb93,"Mirfa Miner",JYZZEAABCJFBH09A1,"Antminer S19 XP",1.3.14,Mining,0.00,1,3,"2026-08-14 03:36:59.029+00","Mining Ops Admin","2026-08-14 03:37:14.64988+00",,14,t
0a4a8ee1-d3dc-4a5b-9f34-dc06ceb9075f,"Asic Miner",YDFTEABBBJGBI04E5,"Antminer s19-XP",13.1.4,Mining,0.00,13,1,"2026-08-08 15:43:38.133+00","Mining Ops Admin","2026-08-05 19:03:13.070756+00",,4,t
0a50dadd-8371-4070-810f-031bd0b2955f,"Avalon PSU",PS1A0608000049230816000392,"PSU3300-01 PLUS 2(I)-OL",10.25.6.1,Deployed,0.00,25,6,"2026-08-08 15:02:38.398+00","Mining Ops Admin","2026-08-08 14:54:29.11689+00",,1,f
0a56647c-0c55-4dc2-822c-32ad07bbac30,"Asic Miner",JYZZEABBCJEBB08T0,"Antminer s19-XP",14.5.6,Mining,0.00,14,5,"2026-08-08 15:43:38.133+00","Mining Ops Admin","2026-08-05 19:03:09.389032+00",,6,t
0a589571-51d7-4c12-aa38-1f1569f39b6e,"Mirfa Miner",YNAHFEABEJABA00C9,"Antminer S-21 Hydro 335T",109.12.14,Mining,0.00,109,12,"2026-08-14 03:36:59.029+00","Mining Ops Admin","2026-08-14 03:37:16.93405+00",,14,t
0a58dea5-23eb-4a6c-8694-349d6373985f,"Mirfa Miner",JYZZEAABCJFBH091P,"Antminer S19 XP",34.7.13,Mining,0.00,34,7,"2026-08-14 03:36:59.029+00","Mining Ops Admin","2026-08-14 03:37:10.056773+00",,13,t
0a590326-9b2c-461f-8408-7f02e508af5d,"Asic Miner",JYZZEAABCJFBH107N,"Antminer s19-XP",12.6.13,Mining,0.00,12,6,"2026-08-08 15:43:38.133+00","Mining Ops Admin","2026-08-05 19:03:09.389032+00",,13,t
0a596cab-af4b-4f5c-b318-1e0ce34a106a,"Mirfa Miner",DGAHGBBBEJDAG037E,"Antminer S-21e Hydro 310T",108.12.5,Mining,0.00,108,12,"2026-08-14 03:36:59.029+00","Mining Ops Admin","2026-08-14 03:37:16.93405+00",,5,t
0a5a12da-a380-4de7-bba0-aaef7ebb565d,"Mirfa Miner",JYZZEAABCJEBB0HSN,"Antminer S19 XP",36.10.1,Mining,0.00,36,10,"2026-08-14 03:36:59.029+00","Mining Ops Admin","2026-08-14 03:37:09.600642+00",,1,t
0a5a84b3-10b3-4781-8e61-1000f463a147,"Mirfa Miner",JYZZEABBCJFBH05DZ,"Antminer S19 XP",16.3.1,Mining,0.00,16,3,"2026-08-14 03:36:59.029+00","Mining Ops Admin","2026-08-14 03:37:12.816944+00",,1,t
0a5c191d-78f1-46db-a285-6af226a61490,"Asic Miner",PIEMFEBBDJDAE00SS,"Antminer S-21 Hydro 319T",105.3.10,Mining,0.00,105,3,"2026-08-08 15:43:38.133+00","Mining Ops Admin","2026-08-05 18:50:55.999123+00",,10,t
0a5c5dfc-ca46-421d-84e7-7f1306ed4856,"Mirfa Miner",AME31LC000P4PLC0A26QG2101,"AvalonMiner 1366IU-150T",24.11.16,Mining,0.00,24,11,"2026-08-14 03:36:59.029+00","Mining Ops Admin","2026-08-14 03:37:06.033538+00",,16,t
0a5ee074-42ff-4caa-8b05-fccdf74dd2f7,"Asic Miner",AME31LC000PVFKC0A27QL1305,"AvalonMiner 1466I-173T",23.8.3,Mining,0.00,23,8,"2026-08-08 15:43:38.133+00","Mining Ops Admin","2026-08-05 19:03:09.389032+00",,3,t
0a62027e-c899-43a4-a3c2-cc73c597ffca,"Asic Miner",JYZZEABBCJFBH0Y7C,"Antminer s19-XP",4.5.2,Mining,0.00,4,5,"2026-08-08 15:43:38.133+00","Mining Ops Admin","2026-08-05 19:03:10.424813+00",,2,t
0a638549-2211-4bfb-8cf2-d3cdbac02edb,"Mirfa Miner",JYZZEABBCJFBH0D3A,"Antminer S19 XP",43.9.8,Mining,0.00,43,9,"2026-08-14 03:36:59.029+00","Mining Ops Admin","2026-08-14 03:37:08.669252+00",,8,t
0a6df6db-96fb-4a94-9f8a-718a890d1bda,PSU,PCGPW1212154E9118,GPW121215,10.11.1.7,Deployed,0.00,11,1,"2026-08-07 17:04:11.816+00","Mining Ops Admin","2026-08-07 17:04:12.34159+00",,7,f
0a708536-90b1-4ee8-92e9-1a2c2027783f,"Mirfa Miner",JYZZEABBCJFBH0D4T,"Antminer S19 XP",48.4.10,Mining,0.00,48,4,"2026-08-14 03:36:59.029+00","Mining Ops Admin","2026-08-14 03:37:07.646472+00",,10,t
0a70bc62-c1c9-4034-959e-035c6deae308,"Mirfa Miner",JYZZEABBCJEBB06YD,"Antminer S19 XP",49.3.9,Mining,0.00,49,3,"2026-08-14 03:36:59.029+00","Mining Ops Admin","2026-08-14 03:37:07.646472+00",,9,t
0a749195-7d8d-4e2e-b053-83745893e228,"Mirfa Miner",JYZZEAABCJEBB0GJ0,"Antminer S19 XP",8.6.3,Mining,0.00,8,6,"2026-08-14 03:36:59.029+00","Mining Ops Admin","2026-08-14 03:37:10.988137+00",,3,t
0a7947d3-c58f-48f9-9c90-27cc11940536,"Mirfa Miner",AME31LC000P4TMC0A26QG2101,"AvalonMiner 1366IU-150T",26.11.10,Mining,0.00,26,11,"2026-08-14 03:36:59.029+00","Mining Ops Admin","2026-08-14 03:37:06.033538+00",,10,t
0a7e16d1-e110-40c7-93eb-ea27ad304347,"Mirfa Miner",JYZZEAABCJEBB0M38,"Antminer S19 XP",14.10.4,Mining,0.00,14,10,"2026-08-14 03:36:59.029+00","Mining Ops Admin","2026-08-14 03:37:12.816944+00",,4,t
0a85ccf4-f9ce-4cc7-9778-5addf68f54d2,"Mirfa Miner",JYZZEABBCJFBH0A2C,"Antminer S19 XP",18.2.16,Mining,0.00,18,2,"2026-08-14 03:36:59.029+00","Mining Ops Admin","2026-08-14 03:37:12.376269+00",,16,t
0a8cd2c2-696b-4313-9e77-1b54aa849afd,"Asic Miner",JYZZEABBCJEBB0DS4,"Antminer s19-XP",22.1.10,Mining,0.00,22,1,"2026-08-08 15:43:38.133+00","Mining Ops Admin","2026-08-05 19:03:11.620425+00",,10,t
0a8fb0e1-ba27-479a-afed-6e56bed350c3,"Mirfa Miner",JYZZEAABCJEBB0GHL,"Antminer S19 XP",36.6.9,Mining,0.00,36,6,"2026-08-14 03:36:59.029+00","Mining Ops Admin","2026-08-14 03:37:10.537579+00",,9,t
0a95e359-d86f-4793-98e5-dff4720f93f2,"Mirfa Miner",JYZZEAABCJCBE01DR,"Antminer S19 XP",42.5.4,Mining,0.00,42,5,"2026-08-14 03:36:59.029+00","Mining Ops Admin","2026-08-14 03:37:10.988137+00",,4,t
0aa1cfa8-97f4-4cd0-9864-7c0614678935,"Mirfa Miner",JYZZEAABCJEBB0HMM,"Antminer S19 XP",13.6.14,Mining,0.00,13,6,"2026-08-14 03:36:59.029+00","Mining Ops Admin","2026-08-14 03:37:12.376269+00",,14,t
0aa3a1d8-b90c-435c-b480-fa7850bf969b,"Asic Miner",PIEMFEBBDJEJB00LC,"Antminer S-21 Hydro 319T",106.5.2,Mining,0.00,106,5,"2026-08-08 15:43:38.133+00","Mining Ops Admin","2026-08-05 19:03:10.086179+00",,2,t
0aa537a9-c0b5-4b29-8ae0-32e9c983da89,PSU,PCGPW1212154E5506,GPW121215,10.19.3.12,Deployed,0.00,19,3,"2026-08-07 17:04:11.814+00","Mining Ops Admin","2026-08-07 17:04:12.34159+00",,12,f
0aa58796-4d9c-4ada-8fb4-6d45df2ef468,"Mirfa Miner",JYZZEAABCJEBB07ZT,"Antminer S19 XP",Warehouse,Consolidated,0.00,Unknown,Unknown,"2026-08-14 03:36:59.029+00","Mining Ops Admin","2026-08-14 03:37:15.145497+00",,Unknown,t
0aacde1e-94bc-40dc-9f95-12bd68a18d6a,"Mirfa Miner",PIEMFECBDJHBB0098,"Antminer S-21 Hydro 302T",109.10.14,Mining,0.00,109,10,"2026-08-14 03:36:59.029+00","Mining Ops Admin","2026-08-14 03:37:07.172297+00",,14,t
0ab22eb0-391e-403f-b521-a63981324b5e,"Mirfa Miner",JYZZEABBCJEBB07Z6,"Antminer S19 XP",Warehouse,Consolidated,0.00,Unknown,Unknown,"2026-08-14 03:36:59.029+00","Mining Ops Admin","2026-08-14 03:37:15.145497+00",,Unknown,t
0ab2966b-793d-41c7-a990-474579eb162b,"Mirfa Miner",AME31LC000PVKWC0A27QL1305,"AvalonMiner 1466I-176T",30.5.12,Mining,0.00,30,5,"2026-08-14 03:36:59.029+00","Mining Ops Admin","2026-08-14 03:37:15.593756+00",,12,t
0ab3a5e7-d311-4d24-8430-d5b4485a9b8f,"Mirfa Miner",AME31LC000P7X7C0A26QG2702,"AvalonMiner 1366IU-150T",23.5.12,Mining,0.00,23,5,"2026-08-14 03:36:59.029+00","Mining Ops Admin","2026-08-14 03:37:14.64988+00",,12,t
0ab46ede-7b4e-4734-a72e-185006babd64,"Mirfa Miner",JYZZEABBCJFBH07FA,"Antminer S19 XP",37.10.4,Mining,0.00,37,10,"2026-08-14 03:36:59.029+00","Mining Ops Admin","2026-08-14 03:37:09.600642+00",,4,t
0ab58c78-e416-471a-9ffd-8b9f76dc0e67,"Mirfa Miner",JYZZEAABCJFBH0E3H,"Antminer S19 XP",Warehouse,"New Spare Miner - Antminer S19 Xp",0.00,Unknown,Unknown,"2026-08-14 03:36:59.029+00","Mining Ops Admin","2026-08-14 03:37:15.593756+00",,Unknown,t
0ab88a7a-663c-4a39-a054-82b7b6b5f250,"Mirfa Miner",YNAHFEABEJABA015Y,"Antminer S-21 Hydro 335T",115.13.13,Mining,0.00,115,13,"2026-08-14 03:36:59.029+00","Mining Ops Admin","2026-08-14 03:37:16.029188+00",,13,t
0ab9cdeb-5327-4dc0-845f-e8514e1ca948,"Asic Miner",JYZZEABBCJFBH02Z1,"Antminer s19-XP",16.12.10,Mining,0.00,16,12,"2026-08-08 15:43:38.133+00","Mining Ops Admin","2026-08-05 19:03:13.070756+00",,10,t
0abe7898-027f-47fa-afaa-4612cf1dbe23,"Mirfa Miner",PIEMFECBDJHBB007W,"Antminer S-21 Hydro 302T",109.5.5,Mining,0.00,109,5,"2026-08-14 03:36:59.029+00","Mining Ops Admin","2026-08-14 03:37:07.172297+00",,5,t
0ac45655-588c-4c26-a917-0a1be3a9053e,"Mirfa Miner",JYZZEAABCJEBB02AH,"Antminer S19 XP",50.6.13,Mining,0.00,50,6,"2026-08-14 03:36:59.029+00","Mining Ops Admin","2026-08-14 03:37:16.029188+00",,13,t
0ac470b4-0524-439d-b734-858a3edc878e,"Mirfa Miner",JYZZEAABCJEBB0288,"Antminer S19 XP",48.2.1,Mining,0.00,48,2,"2026-08-14 03:36:59.029+00","Mining Ops Admin","2026-08-14 03:37:07.646472+00",,1,t
0ac4a5ba-19f5-4242-95b9-b57f43bf4559,"Mirfa Miner",JYZZEAABCJEBB0GJF,"Antminer S19 XP",39.2.12,Mining,0.00,39,2,"2026-08-14 03:36:59.029+00","Mining Ops Admin","2026-08-14 03:37:15.593756+00",,12,t
0ac5a121-c79e-4b4d-9e41-16ee2e50ff43,"Asic Miner",AME31LC000P35VC0A26QG1901,"AvalonMiner 1366IU-150",20.10.6,Mining,0.00,20,10,"2026-08-08 15:43:38.133+00","Mining Ops Admin","2026-08-05 19:03:09.722017+00",,6,t
0acad485-c685-4fce-adcd-ecb723323a78,PSU,PCGPW1212154E4610,GPW121215,Warehouse,"Ready for Deployment",0.00,Unknown,Unknown,"2026-08-07 17:04:11.82+00","Mining Ops Admin","2026-08-07 17:04:12.984542+00",,Unknown,f
0acd1709-df9c-4db0-a8f8-625099343940,"Avalon PSU",PS1A0608000049240125000299,"PSU3300-01 PLUS 2(I)-OL",AME31LC000MRUMC0A26QC0103,"Inside Miner",0.00,Unknown,Unknown,"2026-08-08 15:02:38.399+00","Mining Ops Admin","2026-08-08 14:54:29.11689+00",,Unknown,f
0acfa710-3877-4d8e-9903-3661e2fa1213,"Mirfa Miner",JYZZEAABCJEBB0JZR,"Antminer S19 XP",22.4.5,Mining,0.00,22,4,"2026-08-14 03:36:59.029+00","Mining Ops Admin","2026-08-14 03:37:06.033538+00",,5,t
0acfb8a7-ee67-46e2-acca-0ae2f209a73f,"Asic Miner",JYZZEABBCJDBI01VR,"Antminer s19-XP",13.10.10,Mining,0.00,13,10,"2026-08-08 15:43:38.133+00","Mining Ops Admin","2026-08-05 19:03:11.299636+00",,10,t
0ad06126-21fb-47c0-90fd-48d20b983b07,"Mirfa Miner",JYZZEAABCJEBB0808,"Antminer S19 XP",7.2.7,Mining,0.00,7,2,"2026-08-14 03:36:59.029+00","Mining Ops Admin","2026-08-14 03:37:13.715676+00",,7,t
0ad1f09d-9eb1-493a-b9b9-482c08d454cb,"Asic Miner",JYZZEAABCJFBH0ZZP,"Antminer s19-XP",4.2.5,Mining,0.00,4,2,"2026-08-08 15:43:38.133+00","Mining Ops Admin","2026-08-05 19:03:09.722017+00",,5,t
0ad30c55-379e-43d1-8782-a7b56f5f6b9a,PSU,OLTT329BCJEAG4899,"APW121215f - V3.0110",SS1,Faulty,0.00,Unknown,Unknown,"2026-08-07 17:04:11.82+00","Mining Ops Admin","2026-08-07 17:04:12.984542+00",,Unknown,f
0ad39b06-430e-4fb4-a3cb-b690a079f6e1,"Asic Miner",PIEMFEBBDAAAD01ML,"Antminer S-21 Hydro 319T",105.3.2,Mining,0.00,105,3,"2026-08-08 15:43:38.133+00","Mining Ops Admin","2026-08-05 19:03:10.086179+00",,2,t
0ad45bbd-b4ce-488a-9629-f3ca5d3ad1c4,"Mirfa Miner",JYZZEAABCJEBB0BNW,"Antminer S19 XP",45.10.13,Mining,0.00,45,10,"2026-08-14 03:36:59.029+00","Mining Ops Admin","2026-08-14 03:37:08.20636+00",,13,t
0ad54e13-b0b9-4aed-a498-3b0103fc7446,"Mirfa Miner",JYZZEAABCJEBB0CH6,"Antminer S19 XP",26.4.14,Mining,0.00,26,4,"2026-08-14 03:36:59.029+00","Mining Ops Admin","2026-08-14 03:37:10.988137+00",,14,t
0ad876af-be42-4894-bc6e-fc2efeca0da7,"Mirfa Miner",JYZZEAABCJEBB0HGB,"Antminer S19 XP",11.12.4,Mining,0.00,11,12,"2026-08-14 03:36:59.029+00","Mining Ops Admin","2026-08-14 03:37:13.257489+00",,4,t
0ae3b44c-ae80-44d3-8a6e-9069a401127a,"Mirfa Miner",JYZZEAABCJEBB0ES2,"Antminer S19 XP",7.6.2,Mining,0.00,7,6,"2026-08-14 03:36:59.029+00","Mining Ops Admin","2026-08-14 03:37:06.033538+00",,2,t
0aece002-ce54-4ad4-b787-2cded4c22898,"Mirfa Miner",JYZZEABBCJFBH0AWY,"Antminer S19 XP",14.3.5,Mining,0.00,14,3,"2026-08-14 03:36:59.029+00","Mining Ops Admin","2026-08-14 03:37:12.816944+00",,5,t
0aeed738-7be2-4e05-bbbb-0bbf2bb04882,"Mirfa Miner",JYZZEAABCJCBE01K8,"Antminer S19 XP",38.12.10,Mining,0.00,38,12,"2026-08-14 03:36:59.029+00","Mining Ops Admin","2026-08-14 03:37:09.12554+00",,10,t
0af2a3b1-c3cb-4419-8058-9b66aef6edd1,PSU,PCGPW1212154E5257,GPW121215,10.12.4.14,Deployed,0.00,12,4,"2026-08-07 17:04:11.816+00","Mining Ops Admin","2026-08-07 17:04:12.34159+00",,14,f
0af52f96-2353-4f75-b090-d1b295c2da8f,"Mirfa Miner",JYZZEABBCJFBH03LY,"Antminer S19 XP",29.4.1,Mining,0.00,29,4,"2026-08-14 03:36:59.029+00","Mining Ops Admin","2026-08-14 03:37:10.537579+00",,1,t
0af6aecc-d634-4c66-a6f7-784f67d9040b,"Mirfa Miner",JYZZEABBCJFBH090K,"Antminer S19 XP",20.10.4,Mining,0.00,20,10,"2026-08-14 03:36:59.029+00","Mining Ops Admin","2026-08-14 03:37:11.908786+00",,4,t
0afd6199-826d-4a97-b361-34dd2e8117d4,"Asic Miner",JYZZEABBCJDBI00E8,"Antminer s19-XP",1.2.9,Mining,0.00,1,2,"2026-08-08 15:43:38.133+00","Mining Ops Admin","2026-08-05 19:03:12.079285+00",,9,t
0afde2fe-a037-481c-9137-6637591cd3c1,"Asic Miner",JYZZEABBCJFBH0K6E,"Antminer s19-XP",8.12.3,Mining,0.00,8,12,"2026-08-08 15:43:38.133+00","Mining Ops Admin","2026-08-05 19:03:12.564195+00",,3,t
0aff67b6-a3fc-4da0-b630-f5d341aa081e,"Mirfa Miner",JYZZEAABCJEBB0CCZ,"Antminer S19 XP",23.4.3,Mining,0.00,23,4,"2026-08-14 03:36:59.029+00","Mining Ops Admin","2026-08-14 03:37:11.490809+00",,3,t
0b006b15-a23c-49bc-b816-4e66050ff6bc,"Mirfa Miner",DGAHGBBBEJDAD010B,"Antminer S-21e Hydro 310T",111.13.7,Mining,0.00,111,13,"2026-08-14 03:36:59.029+00","Mining Ops Admin","2026-08-14 03:37:17.356072+00",,7,t
0b05d7a2-b740-4860-96bd-42c7983970d7,"Asic Miner",JYZZEABBCJEBB0AGT,"Antminer s19-XP",21.1.10,Mining,0.00,21,1,"2026-08-08 15:43:38.133+00","Mining Ops Admin","2026-08-05 19:03:12.079285+00",,10,t
0b065284-98ee-41fd-9632-ba7bb2b77121,"Mirfa Miner",AMD61LC000N765C0A21QE0101,"AvalonMiner 1366I-122",25.11.16,Mining,0.00,25,11,"2026-08-14 03:36:59.029+00","Mining Ops Admin","2026-08-14 03:37:08.669252+00",,16,t
0b09666e-e2c7-49f4-97fc-e9242020a278,"Asic Miner",JYZZEAABCJFBH0YPT,"Antminer s19-XP",19.2.11,Mining,0.00,19,2,"2026-08-08 15:43:38.133+00","Mining Ops Admin","2026-08-05 19:03:12.564195+00",,11,t
0b0fdf8b-0f86-4937-beca-ca79c473a0e2,"Asic Miner",JYZZEABBCJDBI008H,"Antminer s19-XP",4.5.12,Mining,0.00,4,5,"2026-08-08 15:43:38.133+00","Mining Ops Admin","2026-08-05 19:03:10.424813+00",,12,t
0b1d4bf2-b15a-448a-aece-ace0402d9dbd,"Mirfa Miner",DGAHGBBBEJDAD015Y,"Antminer S-21e Hydro 310T",107.3.2,Mining,0.00,107,3,"2026-08-14 03:36:59.029+00","Mining Ops Admin","2026-08-14 03:37:07.172297+00",,2,t
0b1dc595-bdd2-4b7c-82ba-c76cb857dd3f,"Asic Miner",PIEMFEBBDJEJB0118,"Antminer S-21 Hydro 319T",101.1.2,Mining,0.00,101,1,"2026-08-08 15:43:38.133+00","Mining Ops Admin","2026-08-05 19:03:10.424813+00",,2,t
0b2091cf-e056-4dd6-b041-4c51c42abd69,"Asic Miner",JYZZEAABCJFBH0RM6,"Antminer s19-XP",13.9.12,Mining,0.00,13,9,"2026-08-08 15:43:38.133+00","Mining Ops Admin","2026-08-05 19:03:13.477265+00",,12,t
0b22aad0-4dac-4636-a645-28ab47c15ce5,"Mirfa Miner",JYZZEAABCJEBB0BNV,"Antminer S19 XP",43.6.9,Mining,0.00,43,6,"2026-08-14 03:36:59.029+00","Mining Ops Admin","2026-08-14 03:37:11.908786+00",,9,t
0b25c0ad-2d80-41da-8ec9-35e451b0f375,"Mirfa Miner",JYZZEAABCJEBB0CW0,"Antminer S19 XP",Masdar,"Faulty Antminer + Repair",0.00,Unknown,Unknown,"2026-08-14 03:36:59.029+00","Mining Ops Admin","2026-08-14 03:37:06.536989+00",,Unknown,t
0b2781f6-1ccc-4bc6-8427-aebc81ad4a14,"Mirfa Miner",JYZZEAABCJEBB0L3R,"Antminer S19 XP",41.5.2,Mining,0.00,41,5,"2026-08-14 03:36:59.029+00","Mining Ops Admin","2026-08-14 03:37:10.988137+00",,2,t
0b283941-5062-4a61-94eb-aafa7be0b2f2,"Mirfa Miner",JYZZEAABCJCBE035V,"Antminer S19 XP",21.8.5,Mining,0.00,21,8,"2026-08-14 03:36:59.029+00","Mining Ops Admin","2026-08-14 03:37:11.908786+00",,5,t
0b28e5de-3340-4780-b6cf-12cc5cbf99a4,"Asic Miner",JYZZEAABCJFBH078Z,"Antminer s19-XP",16.9.14,Mining,0.00,16,9,"2026-08-08 15:43:38.133+00","Mining Ops Admin","2026-08-05 19:03:13.070756+00",,14,t
0b2d0b3e-38c2-4a0e-8b54-9925a82f059c,"Asic Miner",PIEMFEBBDAAAD01TF,"Antminer S-21 Hydro 319T",106.5.3,Mining,0.00,106,5,"2026-08-08 15:43:38.133+00","Mining Ops Admin","2026-08-05 19:03:10.086179+00",,3,t
0b2ea4fe-8188-4f14-b56c-f73bdd5c0c1f,"Asic Miner",JYZZEABBCJFBH0XHL,"Antminer s19-XP",6.1.5,Mining,0.00,6,1,"2026-08-08 15:43:38.133+00","Mining Ops Admin","2026-08-05 19:03:12.079285+00",,5,t
0b3376c1-2653-4961-bad9-070f8f976d61,"Mirfa Miner",YNAHFEABDJFJE00KK,"Antminer S-21 Hydro 335T",115.5.1,Mining,0.00,115,5,"2026-08-14 03:36:59.029+00","Mining Ops Admin","2026-08-14 03:37:16.029188+00",,1,t
0b344764-43bd-4941-9574-44a24284b405,"Mirfa Miner",DGAHGBBBEJDAD0102,"Antminer S-21e Hydro 310T",105.12.11,Mining,0.00,105,12,"2026-08-14 03:36:59.029+00","Mining Ops Admin","2026-08-14 03:37:06.033538+00",,11,t
0b36b6dc-d6aa-4dd5-9dbf-299ebbd35aca,"Asic Miner",JYZZEAABCJFBH0EPH,"Antminer s19-XP",15.1.9,Mining,0.00,15,1,"2026-08-08 15:43:38.133+00","Mining Ops Admin","2026-08-05 19:03:13.070756+00",,9,t
0b3a482f-b813-4176-ab9e-cc99a7e89534,"Mirfa Miner",JYZZEABBCJCBE0029,"Antminer S19 XP",47.4.10,Mining,0.00,47,4,"2026-08-14 03:36:59.029+00","Mining Ops Admin","2026-08-14 03:37:07.646472+00",,10,t
0b3b28d8-33c8-43c1-9667-7fff9356a0e5,"Mirfa Miner",JYZZEAABCJCBE00YG,"Antminer S19 XP",7.2.9,Mining,0.00,7,2,"2026-08-14 03:36:59.029+00","Mining Ops Admin","2026-08-14 03:37:13.715676+00",,9,t
0b3bf275-840a-4a03-b39f-f3c7b87dfc4c,"Asic Miner",AME31LC000P23HC0A26QG1801,"AvalonMiner 1366IU-150",21.8.12,Mining,0.00,21,8,"2026-08-08 15:43:38.133+00","Mining Ops Admin","2026-08-05 19:03:09.722017+00",,12,t
0b3c25f0-90a7-4294-988b-95ffba9f269e,"Mirfa Miner",NGSBEABBCJDAA09GZ,"Antminer S19 XP",Warehouse,Consolidated,0.00,Unknown,Unknown,"2026-08-14 03:36:59.029+00","Mining Ops Admin","2026-08-14 03:37:15.145497+00",,Unknown,t
0b411a84-7b28-4650-8a49-a0e54b1c88f5,"Asic Miner",YNAHEABBCJFBJ0AB1,"Antminer s19-XP",Warehouse,"Ready For Deployment",0.00,Unknown,Unknown,"2026-08-08 15:43:38.133+00","Mining Ops Admin","2026-08-05 18:54:09.052475+00",,Unknown,t
0b42c099-a40f-4c73-8e5e-303eed440596,"Mirfa Miner",JYZZEABBCJEBB07AD,"Antminer S19 XP",48.3.11,Mining,0.00,48,3,"2026-08-14 03:36:59.029+00","Mining Ops Admin","2026-08-14 03:37:07.646472+00",,11,t
0b490a68-d52c-4529-931c-9fb699ce3f31,"Mirfa Miner",YNAHFECBDAAAA02A6,"Antminer S-21 Hydro 302T",115.9.3,Mining,0.00,115,9,"2026-08-14 03:36:59.029+00","Mining Ops Admin","2026-08-14 03:37:16.029188+00",,3,t
0b49c7f8-6496-4c3f-8180-816539d1a21d,"Mirfa Miner",DGAHGBBBEJDAD00L9,"Antminer S-21e Hydro 310T",111.8.13,Mining,0.00,111,8,"2026-08-14 03:36:59.029+00","Mining Ops Admin","2026-08-14 03:37:06.033538+00",,13,t
0b53193b-a9f8-4559-8d0f-f869bfff8a69,PSU,PCGPW1212154E9465,GPW121215,10.2.3.13,Deployed,0.00,2,3,"2026-08-07 17:04:11.816+00","Mining Ops Admin","2026-08-07 17:04:12.34159+00",,13,f
0b55cada-18ed-4804-a1c6-3c537fdcab56,"Mirfa Miner",AME31LC000P719C0A26QG2503,"AvalonMiner 1366IU-150T",1.6.11,Mining,0.00,1,6,"2026-08-14 03:36:59.029+00","Mining Ops Admin","2026-08-14 03:37:14.64988+00",,11,t
0b55ef39-aea1-4df6-a340-fd8123abe020,"Asic Miner",JYZZEAABCJEBB0JH5,"Antminer s19-XP",7.1.13,Mining,0.00,7,1,"2026-08-08 15:43:38.133+00","Mining Ops Admin","2026-08-05 19:03:10.966506+00",,13,t
0b579d79-e2d6-40f7-a013-962e0314d7ae,"Mirfa Miner",JYZZEABBCJFBH0131,"Antminer S19 XP",46.2.1,Mining,0.00,46,2,"2026-08-14 03:36:59.029+00","Mining Ops Admin","2026-08-14 03:37:08.20636+00",,1,t
0b586aa7-60fa-4eb4-8f47-b84debb758a3,"Avalon PSU",PS1A0608000049240125001723,"PSU3300-01 PLUS 2(I)-OL",10.22.10.10,Deployed,0.00,22,10,"2026-08-08 15:02:38.397+00","Mining Ops Admin","2026-08-08 14:54:29.11689+00",,10,f
0b59cf7b-ae32-47e6-83fa-35cf257fa2fc,"Asic Miner",PIEMFEBBDJHBB003P,"Antminer S-21 Hydro 319T",103.8.10,Mining,0.00,103,8,"2026-08-08 15:43:38.133+00","Mining Ops Admin","2026-08-05 19:03:10.424813+00",,10,t
0b6149db-af87-4597-b3e7-35d98577395c,"Asic Miner",AME31LC000MQXNC0A26QA2904,"AvalonMiner 1366IU-150",25.4.15,Mining,0.00,25,4,"2026-08-08 15:43:38.133+00","Mining Ops Admin","2026-08-05 18:50:58.239716+00",,15,t
0b68004a-b08a-441c-b932-788a28d2d4f7,"Mirfa Miner",AME31LC000P7Z7C0A26QG2702,"AvalonMiner 1366IU-150T",22.7.8,Mining,0.00,22,7,"2026-08-14 03:36:59.029+00","Mining Ops Admin","2026-08-14 03:37:06.033538+00",,8,t
0b692cde-6316-4b32-be57-ca5bdffd6262,"Mirfa Miner",JYZZEAABCJEBB0HK3,"Antminer S19 XP",14.1.2,Mining,0.00,14,1,"2026-08-14 03:36:59.029+00","Mining Ops Admin","2026-08-14 03:37:12.816944+00",,2,t
0b696709-b936-40be-a45c-f8fe4bc3757b,"Mirfa Miner",JYZZEABBCJFBH073Z,"Antminer S19 XP",11.1.9,Mining,0.00,11,1,"2026-08-14 03:36:59.029+00","Mining Ops Admin","2026-08-14 03:37:13.257489+00",,9,t
0b6bc12c-2bb9-43f7-8aa1-2f1a5ac5ca8c,PSU,OLTT323BCJEBD3784,"APW121215d - V1.3240",Warehouse,Faulty,0.00,Unknown,Unknown,"2026-08-07 17:04:11.819+00","Mining Ops Admin","2026-08-07 17:04:12.984542+00",,Unknown,f
0b709845-d7b3-4ace-9916-528eeb8ed262,"Mirfa Miner",JYZZEAABCJCBE03SS,"Antminer S19 XP",39.9.13,Mining,0.00,39,9,"2026-08-14 03:36:59.029+00","Mining Ops Admin","2026-08-14 03:37:09.12554+00",,13,t
0b767193-102e-48a2-912f-f4e35dc3b27c,"Avalon PSU",PS1A0608000057241124000076,"PSU3301-01(I)-OL",10.22.3.11,Deployed,0.00,22,3,"2026-08-08 15:02:38.398+00","Mining Ops Admin","2026-08-08 14:54:29.11689+00",,11,f
0b772ce1-4755-46f6-86c5-ae356d039b79,PSU,PCGPW1212154E3174,GPW121215,Warehouse,"Brand New",0.00,Unknown,Unknown,"2026-08-07 17:04:11.819+00","Mining Ops Admin","2026-08-07 17:04:12.984542+00",,Unknown,f
0b7cc2e6-889e-4a3e-aeaa-f14abff2d986,"Mirfa Miner",AME31LC000PVH9C0A27QL1305,"AvalonMiner 1466I-170T",18.7.15,Mining,0.00,18,7,"2026-08-14 03:36:59.029+00","Mining Ops Admin","2026-08-14 03:37:12.376269+00",,15,t
0b802439-1320-4644-8859-174d83647038,"Asic Miner",JYZZEABBCJEBB03AJ,"Antminer s19-XP",9.7.12,Mining,0.00,9,7,"2026-08-08 15:43:38.133+00","Mining Ops Admin","2026-08-05 19:03:09.722017+00",,12,t
0b86ab6e-7ef9-4d6a-b9b0-5c37d8a516f0,PSU,PCGPW1212154E9112,GPW121215,10.26.2.16,Deployed,0.00,26,2,"2026-08-07 17:04:11.817+00","Mining Ops Admin","2026-08-07 17:04:12.34159+00",,16,f
0b8852a6-cafc-4277-ba5b-6f42da6d8ca7,"Mirfa Miner",JYZZEAABCJEBB0F5X,"Antminer S19 XP",WH1,"Antminer For Repair + 3 Bad Boards",0.00,Unknown,Unknown,"2026-08-14 03:36:59.029+00","Mining Ops Admin","2026-08-14 03:37:05.062031+00",,Unknown,t
0b90baea-4121-44d0-b480-ece06c5e64bb,"Mirfa Miner",JYZZEAABCJBBG00HD,"Antminer S19 XP",41.3.16,Mining,0.00,41,3,"2026-08-14 03:36:59.029+00","Mining Ops Admin","2026-08-14 03:37:08.669252+00",,16,t
0b929852-42e9-4c3f-b31a-fc4d5f574722,"Mirfa Miner",JYZZEAABCJBBG00XS,"Antminer S19 XP",40.3.12,Mining,0.00,40,3,"2026-08-14 03:36:59.029+00","Mining Ops Admin","2026-08-14 03:37:09.12554+00",,12,t
0b972b9d-58a9-4bdb-8aca-5a4ed1928e87,PSU,PCGPW1212154E4036,GPW121215,10.8.8.7,Deployed,0.00,8,8,"2026-08-07 17:04:11.818+00","Mining Ops Admin","2026-08-07 17:04:12.984542+00",,7,f
0b97dd82-d513-4eea-9c1c-e7a6b1dc1b21,"Mirfa Miner",JYZZEAABCJEBB0CVH,"Antminer S19 XP",12.3.7,Mining,0.00,12,3,"2026-08-14 03:36:59.029+00","Mining Ops Admin","2026-08-14 03:37:13.257489+00",,7,t
0b989e9f-98fd-457c-948b-f47fa49fd23b,"Mirfa Miner",JYZZEAABCJEBB0N6D,"Antminer S19 XP",46.1.3,Mining,0.00,46,1,"2026-08-14 03:36:59.029+00","Mining Ops Admin","2026-08-14 03:37:14.64988+00",,3,t
0b995733-bf5f-44d1-8f1b-d5a0183da4b1,"Asic Miner",JYZZEABBCJFBH086P,"Antminer s19-XP",16.12.7,Mining,0.00,16,12,"2026-08-08 15:43:38.133+00","Mining Ops Admin","2026-08-05 19:03:13.070756+00",,7,t
0b99ac46-bf6f-4ba2-83c7-eefbf6bf2461,"Mirfa Miner",AME31LC000PVK4C0A27QL1305,"AvalonMiner 1466I-176T",1.8.8,Mining,0.00,1,8,"2026-08-14 03:36:59.029+00","Mining Ops Admin","2026-08-14 03:37:15.593756+00",,8,t
0b99d79c-16ff-4c67-bfb7-97e72ea19859,"Mirfa Miner",JYZZEAABCJEBB0CZG,"Antminer S19 XP",3.6.13,Mining,0.00,3,6,"2026-08-14 03:36:59.029+00","Mining Ops Admin","2026-08-14 03:37:14.64988+00",,13,t
0ba2534a-6d0c-4c94-ba35-a75fe07de6f2,"Mirfa Miner",JYZZEAABCJEBB02PK,"Antminer S19 XP",4.3.2,Mining,0.00,4,3,"2026-08-14 03:36:59.029+00","Mining Ops Admin","2026-08-14 03:37:14.189196+00",,2,t
0baed807-aa36-44da-a68f-e28788a3dca8,"Avalon PSU",PS1A0608000049230722000356,"PSU3300-01 PLUS 2(I)-OL",AME31LC000P2WSC0A26QG1901,"Inside Miner",0.00,Unknown,Unknown,"2026-08-08 15:02:38.399+00","Mining Ops Admin","2026-08-08 15:02:39.166105+00",,Unknown,f
0baf2825-9c9d-4486-8542-d63c3461b33a,"Mirfa Miner",YNAHFEBBDJFJE00K3,"Antminer S-21 Hydro 319T",113.5.3,Mining,0.00,113,5,"2026-08-14 03:36:59.029+00","Mining Ops Admin","2026-08-14 03:37:16.463682+00",,3,t
0bb20fd4-825d-4d03-b934-e77027637b6a,"Asic Miner",JYZZEAABCJEBB0TZW,"Antminer s19-XP",16.1.1,Mining,0.00,16,1,"2026-08-08 15:43:38.133+00","Mining Ops Admin","2026-08-05 19:03:13.070756+00",,1,t
0bb38452-8fe9-484a-8ec9-ca62ea2a9dd1,"Mirfa Miner",JYZZEAABCJFBH00NG,"Antminer S19 XP",45.9.13,Mining,0.00,45,9,"2026-08-14 03:36:59.029+00","Mining Ops Admin","2026-08-14 03:37:08.20636+00",,13,t
0bb56d79-e6f0-4f3f-b0bb-74d8a1683b06,"Mirfa Miner",JYZZEAABCJFBH04XA,"Antminer S19 XP",WH1,Consolidated,0.00,Unknown,Unknown,"2026-08-18 05:08:28.023+00","Mining Ops Admin","2026-08-14 03:37:15.145497+00",,Unknown,t
0bb57e35-f4d2-4317-9aa1-a06565d3c15b,"Mirfa Miner",JYZZEAABCJEBB0J73,"Antminer S19 XP",3.7.8,Mining,0.00,3,7,"2026-08-14 03:36:59.029+00","Mining Ops Admin","2026-08-14 03:37:14.64988+00",,8,t
0bb5de13-867b-4d6a-8400-1e5ef7956e1d,"Asic Miner",JYZZEABBCJFBH05N5,"Antminer s19-XP",4.5.14,Mining,0.00,4,5,"2026-08-08 15:43:38.133+00","Mining Ops Admin","2026-08-05 19:03:10.424813+00",,14,t
0bbd94d5-f4e0-4283-a9da-dbbe0308f52c,PSU,KLKT329BCJFBE0959,"APW121215f - V4.0",Warehouse,Faulty,0.00,Unknown,Unknown,"2026-08-07 17:04:11.819+00","Mining Ops Admin","2026-08-07 17:04:12.984542+00",,Unknown,f
0bc0193a-6b3b-49cc-ac75-bc3afe53c5d5,"Mirfa Miner",JYZZEAABCJEBB0HM5,"Antminer S19 XP",38.11.13,Mining,0.00,38,11,"2026-08-14 03:36:59.029+00","Mining Ops Admin","2026-08-14 03:37:09.12554+00",,13,t
0bc1697e-ca2e-40eb-bd8a-3e99f1e74373,"Asic Miner",AME31LC000P33CC0A26QG1901,"AvalonMiner 1366IU-150",21.6.15,Mining,0.00,21,6,"2026-08-08 15:43:38.133+00","Mining Ops Admin","2026-08-05 19:03:11.299636+00",,15,t
0bc16f67-cbb7-4368-9611-e34b06039c1d,"Mirfa Miner",DGAHGBBBEJDAD00NT,"Antminer S-21e Hydro 310T",105.1.5,Mining,0.00,105,1,"2026-08-14 03:36:59.029+00","Mining Ops Admin","2026-08-14 03:37:17.356072+00",,5,t
0bc3ff0d-b435-4425-8afc-80fa7bea67b5,"Asic Miner",SMTTEABBCJFJB00R5,"Antminer s19-XP",Warehouse,"Ready For Deployment",0.00,Unknown,Unknown,"2026-08-08 15:43:38.133+00","Mining Ops Admin","2026-08-05 18:53:51.320156+00",,Unknown,t
0bc50610-e90e-4630-ad7e-04f6715c0173,"Avalon PSU",PS1A0608000049230816000840,"PSU3300-01 PLUS 2(I)-OL",Warehouse,"For Repair",0.00,Unknown,Unknown,"2026-08-08 15:02:38.4+00","Mining Ops Admin","2026-08-08 15:02:39.166105+00",,Unknown,f
0bc5558a-7fcd-493c-aa7c-2f6ddfba6ffd,"Mirfa Miner",AME31LC000P3J3C0A26QG2001,"AvalonMiner 1366IU-150T",30.8.15,Mining,0.00,30,8,"2026-08-14 03:36:59.029+00","Mining Ops Admin","2026-08-14 03:37:09.600642+00",,15,t
0bc8f044-1866-4a9a-9021-ce2c6dca17d0,"Mirfa Miner",JYZZEABBCJFBH03JF,"Antminer S19 XP",6.9.8,Mining,0.00,6,9,"2026-08-14 03:36:59.029+00","Mining Ops Admin","2026-08-14 03:37:14.189196+00",,8,t
0bca5e9f-1c6f-457e-a7ed-f737ade28e85,"Mirfa Miner",JYZZEAABCJEBB0L3H,"Antminer S19 XP",Warehouse,Consolidated,0.00,Unknown,Unknown,"2026-08-14 03:36:59.029+00","Mining Ops Admin","2026-08-14 03:37:16.029188+00",,Unknown,t
0bcc57f2-beb8-4277-96dc-67b726fd032b,"Asic Miner",PIEMFEBBDJDAE05HX,"Antminer S-21 Hydro 319T",104.14.11,Mining,0.00,104,14,"2026-08-08 15:43:38.133+00","Mining Ops Admin","2026-08-05 19:03:10.086179+00",,11,t
0bcce999-eb8d-4b61-806e-921c36e24f6a,"Mirfa Miner",YNAHFECBDAAAA04VJ,"Antminer S-21 Hydro 302T",114.2.4,Mining,0.00,114,2,"2026-08-14 03:36:59.029+00","Mining Ops Admin","2026-08-14 03:37:16.463682+00",,4,t
0bcf4c1d-a5a8-4fa5-9129-650a84678780,"Mirfa Miner",JYZZEABBCJFBH03TX,"Antminer S19 XP",26.3.3,Mining,0.00,26,3,"2026-08-14 03:36:59.029+00","Mining Ops Admin","2026-08-14 03:37:10.988137+00",,3,t
0bd254fb-4622-4adf-bb86-15a424b7b50b,"Asic Miner",AME31LC000P3B3C0A26QG2001,"AvalonMiner 1366IU-150",23.5.2,Mining,0.00,23,5,"2026-08-08 15:43:38.133+00","Mining Ops Admin","2026-08-05 19:03:11.299636+00",,2,t
0bd3d4b1-aec2-4711-8a39-1e5365d09367,"Asic Miner",AME31LC000N2N1C0A26QC2303,"AvalonMiner 1366IU-150",23.8.14,Mining,0.00,23,8,"2026-08-08 15:43:38.133+00","Mining Ops Admin","2026-08-05 18:44:17.730578+00",,14,t
0bd68407-034d-439c-a570-d1e82a85c4cf,"Asic Miner",JYZZEAABCJEBB065A,"Antminer s19-XP",16.10.9,Mining,0.00,16,10,"2026-08-08 15:43:38.133+00","Mining Ops Admin","2026-08-05 19:03:13.070756+00",,9,t
0bd8c6d2-f5d6-4e2e-b1d6-2cd1c312bc47,"Mirfa Miner",JYZZEABBCJDBI0776,"Antminer S19 XP",Warehouse,Consolidated,0.00,Unknown,Unknown,"2026-08-14 03:36:59.029+00","Mining Ops Admin","2026-08-14 03:37:15.145497+00",,Unknown,t
0be3e272-ea09-40b1-ac2f-e1c64a7ebb78,"Mirfa Miner",JYZZEAABCJEBB0BNK,"Antminer S19 XP",43.5.2,Mining,0.00,43,5,"2026-08-14 03:36:59.029+00","Mining Ops Admin","2026-08-14 03:37:11.490809+00",,2,t
0bebd7a3-0c3d-40b6-a110-f2430556b09e,"Asic Miner",AME31LC000P3DGC0A26QG2001,"AvalonMiner 1366IU-150",21.9.13,Mining,0.00,21,9,"2026-08-08 15:43:38.133+00","Mining Ops Admin","2026-08-05 19:03:09.722017+00",,13,t
0bec0815-18f4-4116-9526-95eb9fc7b44b,"Mirfa Miner",NGSBEAABCJEJD01R4,"Antminer S19 XP",Warehouse,Consolidated,0.00,Unknown,Unknown,"2026-08-14 03:36:59.029+00","Mining Ops Admin","2026-08-14 03:37:15.593756+00",,Unknown,t
0bec24c4-8563-4ff2-b2bc-b2bbd9773fb4,"Mirfa Miner",JYZZEABBCJEBB0JLP,"Antminer S19 XP",12.9.2,Mining,0.00,12,9,"2026-08-14 03:36:59.029+00","Mining Ops Admin","2026-08-14 03:37:13.257489+00",,2,t
0bee4298-76ac-487f-87cc-cc1474caffe5,"Asic Miner",JYZZEAABCJEBB0V0Y,"Antminer s19-XP",17.4.8,Mining,0.00,17,4,"2026-08-08 15:43:38.133+00","Mining Ops Admin","2026-08-05 19:03:10.966506+00",,8,t
0beeb557-9375-471d-845b-8fc0c5c8a40f,"Asic Miner",YDFTEABBBJHAF006D,"Antminer s19-XP",1.11.5,Mining,0.00,1,11,"2026-08-08 15:43:38.133+00","Mining Ops Admin","2026-08-05 19:03:12.079285+00",,5,t
0befa225-f0f4-442f-ac00-79d810734be2,"Asic Miner",JYZZEABBCJFBH10T4,"Antminer s19-XP",5.9.6,Mining,0.00,5,9,"2026-08-08 15:43:38.133+00","Mining Ops Admin","2026-08-05 19:03:11.620425+00",,6,t